15875, IT30360, LOC, 48.0, 15874, 
15875, IT30360, NOMNAMM, 2.0, 15874, 
15875, IT30360, NOM, 2.0, 15874, 
15875, IT30360, WMCNAMM, 8.0, 15874, 
15875, IT30360, WMC, 8.0, 15874, 
15875, IT30360, NOA, 1.0, 15874, 
15875, IT30360, LOCNAMM, 48.0, 15874, 
15875, IT30360, AMWNAMM, 4.0, 15874, 
15875, IT30360, RFC, 10.0, 15874, 
15875, IT30360, NOII, 0.0, 15874, 
15875, IT30360, AMW, 4.0, 15874, 
15875, IT30360, TCC, 0.0, 15874, 
15875, IT30360, ATFD, 0.0, 15874, 
15875, IT30360, FANOUT, 0.0, 15874, 
15875, IT30360, NOCS, 0.0, 15874, 
15875, IT30360, NIM, 4.0, 15874, 
15875, IT30360, LCOM5, 1.0, 15874, 
15875, IT30360, NOAM, 0.0, 15874, 
15875, IT30360, CBO, 1.0, 15874, 
15875, IT30360, WOC, 1.0, 15874, 
15875, IT30360, DIT, 2.0, 15874, 
15875, IT30360, NOPA, 0.0, 15874, 
15875, IT30360, NOC, 0.0, 15874, 
15875, IT30360, CFNAMM, 0.0, 15874, 
15875, IT30360, NMO, 0.0, 15874, 
15879, Actual365Fixed, LOC, 33.0, 15874, 
15879, Actual365Fixed, NOMNAMM, 2.0, 15874, 
15879, Actual365Fixed, NOM, 2.0, 15874, 
15879, Actual365Fixed, WMCNAMM, 4.0, 15874, 
15879, Actual365Fixed, WMC, 4.0, 15874, 
15879, Actual365Fixed, NOA, 1.0, 15874, 
15879, Actual365Fixed, LOCNAMM, 33.0, 15874, 
15879, Actual365Fixed, AMWNAMM, 2.0, 15874, 
15879, Actual365Fixed, RFC, 10.0, 15874, 
15879, Actual365Fixed, NOII, 0.0, 15874, 
15879, Actual365Fixed, AMW, 2.0, 15874, 
15879, Actual365Fixed, TCC, 0.0, 15874, 
15879, Actual365Fixed, ATFD, 0.0, 15874, 
15879, Actual365Fixed, FANOUT, 0.0, 15874, 
15879, Actual365Fixed, NOCS, 0.0, 15874, 
15879, Actual365Fixed, NIM, 4.0, 15874, 
15879, Actual365Fixed, LCOM5, 1.0, 15874, 
15879, Actual365Fixed, NOAM, 0.0, 15874, 
15879, Actual365Fixed, CBO, 2.0, 15874, 
15879, Actual365Fixed, WOC, 1.0, 15874, 
15879, Actual365Fixed, DIT, 2.0, 15874, 
15879, Actual365Fixed, NOPA, 0.0, 15874, 
15879, Actual365Fixed, NOC, 0.0, 15874, 
15879, Actual365Fixed, CFNAMM, 5.0, 15874, 
15879, Actual365Fixed, NMO, 0.0, 15874, 
15883, EU30360, LOC, 52.0, 15874, 
15883, EU30360, NOMNAMM, 2.0, 15874, 
15883, EU30360, NOM, 2.0, 15874, 
15883, EU30360, WMCNAMM, 6.0, 15874, 
15883, EU30360, WMC, 6.0, 15874, 
15883, EU30360, NOA, 1.0, 15874, 
15883, EU30360, LOCNAMM, 52.0, 15874, 
15883, EU30360, AMWNAMM, 3.0, 15874, 
15883, EU30360, RFC, 10.0, 15874, 
15883, EU30360, NOII, 0.0, 15874, 
15883, EU30360, AMW, 3.0, 15874, 
15883, EU30360, TCC, 0.0, 15874, 
15883, EU30360, ATFD, 0.0, 15874, 
15883, EU30360, FANOUT, 0.0, 15874, 
15883, EU30360, NOCS, 0.0, 15874, 
15883, EU30360, NIM, 4.0, 15874, 
15883, EU30360, LCOM5, 1.0, 15874, 
15883, EU30360, NOAM, 0.0, 15874, 
15883, EU30360, CBO, 1.0, 15874, 
15883, EU30360, WOC, 1.0, 15874, 
15883, EU30360, DIT, 2.0, 15874, 
15883, EU30360, NOPA, 0.0, 15874, 
15883, EU30360, NOC, 0.0, 15874, 
15883, EU30360, CFNAMM, 0.0, 15874, 
15883, EU30360, NMO, 0.0, 15874, 
15887, AFBActualActual, LOC, 77.0, 15874, 
15887, AFBActualActual, NOMNAMM, 2.0, 15874, 
15887, AFBActualActual, NOM, 2.0, 15874, 
15887, AFBActualActual, WMCNAMM, 18.0, 15874, 
15887, AFBActualActual, WMC, 18.0, 15874, 
15887, AFBActualActual, NOA, 1.0, 15874, 
15887, AFBActualActual, LOCNAMM, 77.0, 15874, 
15887, AFBActualActual, AMWNAMM, 9.0, 15874, 
15887, AFBActualActual, RFC, 10.0, 15874, 
15887, AFBActualActual, NOII, 0.0, 15874, 
15887, AFBActualActual, AMW, 9.0, 15874, 
15887, AFBActualActual, TCC, 0.0, 15874, 
15887, AFBActualActual, ATFD, 0.0, 15874, 
15887, AFBActualActual, FANOUT, 0.0, 15874, 
15887, AFBActualActual, NOCS, 0.0, 15874, 
15887, AFBActualActual, NIM, 4.0, 15874, 
15887, AFBActualActual, LCOM5, 1.0, 15874, 
15887, AFBActualActual, NOAM, 0.0, 15874, 
15887, AFBActualActual, CBO, 2.0, 15874, 
15887, AFBActualActual, WOC, 1.0, 15874, 
15887, AFBActualActual, DIT, 2.0, 15874, 
15887, AFBActualActual, NOPA, 0.0, 15874, 
15887, AFBActualActual, NOC, 0.0, 15874, 
15887, AFBActualActual, CFNAMM, 5.0, 15874, 
15887, AFBActualActual, NMO, 0.0, 15874, 
15891, Actual360, LOC, 34.0, 15874, 
15891, Actual360, NOMNAMM, 2.0, 15874, 
15891, Actual360, NOM, 2.0, 15874, 
15891, Actual360, WMCNAMM, 4.0, 15874, 
15891, Actual360, WMC, 4.0, 15874, 
15891, Actual360, NOA, 1.0, 15874, 
15891, Actual360, LOCNAMM, 34.0, 15874, 
15891, Actual360, AMWNAMM, 2.0, 15874, 
15891, Actual360, RFC, 10.0, 15874, 
15891, Actual360, NOII, 0.0, 15874, 
15891, Actual360, AMW, 2.0, 15874, 
15891, Actual360, TCC, 0.0, 15874, 
15891, Actual360, ATFD, 0.0, 15874, 
15891, Actual360, FANOUT, 0.0, 15874, 
15891, Actual360, NOCS, 0.0, 15874, 
15891, Actual360, NIM, 4.0, 15874, 
15891, Actual360, LCOM5, 1.0, 15874, 
15891, Actual360, NOAM, 0.0, 15874, 
15891, Actual360, CBO, 2.0, 15874, 
15891, Actual360, WOC, 1.0, 15874, 
15891, Actual360, DIT, 2.0, 15874, 
15891, Actual360, NOPA, 0.0, 15874, 
15891, Actual360, NOC, 0.0, 15874, 
15891, Actual360, CFNAMM, 5.0, 15874, 
15891, Actual360, NMO, 0.0, 15874, 
15895, Actual366, LOC, 35.0, 15874, 
15895, Actual366, NOMNAMM, 2.0, 15874, 
15895, Actual366, NOM, 2.0, 15874, 
15895, Actual366, WMCNAMM, 4.0, 15874, 
15895, Actual366, WMC, 4.0, 15874, 
15895, Actual366, NOA, 1.0, 15874, 
15895, Actual366, LOCNAMM, 35.0, 15874, 
15895, Actual366, AMWNAMM, 2.0, 15874, 
15895, Actual366, RFC, 10.0, 15874, 
15895, Actual366, NOII, 0.0, 15874, 
15895, Actual366, AMW, 2.0, 15874, 
15895, Actual366, TCC, 0.0, 15874, 
15895, Actual366, ATFD, 0.0, 15874, 
15895, Actual366, FANOUT, 0.0, 15874, 
15895, Actual366, NOCS, 0.0, 15874, 
15895, Actual366, NIM, 4.0, 15874, 
15895, Actual366, LCOM5, 1.0, 15874, 
15895, Actual366, NOAM, 0.0, 15874, 
15895, Actual366, CBO, 2.0, 15874, 
15895, Actual366, WOC, 1.0, 15874, 
15895, Actual366, DIT, 2.0, 15874, 
15895, Actual366, NOPA, 0.0, 15874, 
15895, Actual366, NOC, 0.0, 15874, 
15895, Actual366, CFNAMM, 5.0, 15874, 
15895, Actual366, NMO, 0.0, 15874, 
15899, ISMAActualActual, LOC, 185.0, 15874, 
15899, ISMAActualActual, NOMNAMM, 2.0, 15874, 
15899, ISMAActualActual, NOM, 2.0, 15874, 
15899, ISMAActualActual, WMCNAMM, 20.0, 15874, 
15899, ISMAActualActual, WMC, 20.0, 15874, 
15899, ISMAActualActual, NOA, 1.0, 15874, 
15899, ISMAActualActual, LOCNAMM, 185.0, 15874, 
15899, ISMAActualActual, AMWNAMM, 10.0, 15874, 
15899, ISMAActualActual, RFC, 12.0, 15874, 
15899, ISMAActualActual, NOII, 0.0, 15874, 
15899, ISMAActualActual, AMW, 10.0, 15874, 
15899, ISMAActualActual, TCC, 0.0, 15874, 
15899, ISMAActualActual, ATFD, 0.0, 15874, 
15899, ISMAActualActual, FANOUT, 2.0, 15874, 
15899, ISMAActualActual, NOCS, 0.0, 15874, 
15899, ISMAActualActual, NIM, 4.0, 15874, 
15899, ISMAActualActual, LCOM5, 1.0, 15874, 
15899, ISMAActualActual, NOAM, 0.0, 15874, 
15899, ISMAActualActual, CBO, 4.0, 15874, 
15899, ISMAActualActual, WOC, 1.0, 15874, 
15899, ISMAActualActual, DIT, 2.0, 15874, 
15899, ISMAActualActual, NOPA, 0.0, 15874, 
15899, ISMAActualActual, NOC, 0.0, 15874, 
15899, ISMAActualActual, CFNAMM, 11.0, 15874, 
15899, ISMAActualActual, NMO, 0.0, 15874, 
15903, DaycountCalculatorFactoryImpl, LOC, 85.0, 15874, 
15903, DaycountCalculatorFactoryImpl, NOMNAMM, 11.0, 15874, 
15903, DaycountCalculatorFactoryImpl, NOM, 11.0, 15874, 
15903, DaycountCalculatorFactoryImpl, WMCNAMM, 11.0, 15874, 
15903, DaycountCalculatorFactoryImpl, WMC, 11.0, 15874, 
15903, DaycountCalculatorFactoryImpl, NOA, 0.0, 15874, 
15903, DaycountCalculatorFactoryImpl, LOCNAMM, 85.0, 15874, 
15903, DaycountCalculatorFactoryImpl, AMWNAMM, 1.0, 15874, 
15903, DaycountCalculatorFactoryImpl, RFC, 37.0, 15874, 
15903, DaycountCalculatorFactoryImpl, NOII, 0.0, 15874, 
15903, DaycountCalculatorFactoryImpl, AMW, 1.0, 15874, 
15903, DaycountCalculatorFactoryImpl, TCC, 0.0, 15874, 
15903, DaycountCalculatorFactoryImpl, ATFD, 0.0, 15874, 
15903, DaycountCalculatorFactoryImpl, FANOUT, 10.0, 15874, 
15903, DaycountCalculatorFactoryImpl, NOCS, 0.0, 15874, 
15903, DaycountCalculatorFactoryImpl, NIM, 14.0, 15874, 
15903, DaycountCalculatorFactoryImpl, LCOM5, 0.0, 15874, 
15903, DaycountCalculatorFactoryImpl, NOAM, 0.0, 15874, 
15903, DaycountCalculatorFactoryImpl, CBO, 13.0, 15874, 
15903, DaycountCalculatorFactoryImpl, WOC, 1.0, 15874, 
15903, DaycountCalculatorFactoryImpl, DIT, 2.0, 15874, 
15903, DaycountCalculatorFactoryImpl, NOPA, 0.0, 15874, 
15903, DaycountCalculatorFactoryImpl, NOC, 0.0, 15874, 
15903, DaycountCalculatorFactoryImpl, CFNAMM, 150.0, 15874, 
15903, DaycountCalculatorFactoryImpl, NMO, 0.0, 15874, 
15915, Business252, LOC, 71.0, 15874, 
15915, Business252, NOMNAMM, 3.0, 15874, 
15915, Business252, NOM, 5.0, 15874, 
15915, Business252, WMCNAMM, 6.0, 15874, 
15915, Business252, WMC, 8.0, 15874, 
15915, Business252, NOA, 2.0, 15874, 
15915, Business252, LOCNAMM, 52.0, 15874, 
15915, Business252, AMWNAMM, 2.0, 15874, 
15915, Business252, RFC, 15.0, 15874, 
15915, Business252, NOII, 0.0, 15874, 
15915, Business252, AMW, 1.6, 15874, 
15915, Business252, TCC, 0.5, 15874, 
15915, Business252, ATFD, 0.0, 15874, 
15915, Business252, FANOUT, 2.0, 15874, 
15915, Business252, NOCS, 0.0, 15874, 
15915, Business252, NIM, 4.0, 15874, 
15915, Business252, LCOM5, 0.75, 15874, 
15915, Business252, NOAM, 2.0, 15874, 
15915, Business252, CBO, 4.0, 15874, 
15915, Business252, WOC, 0.6, 15874, 
15915, Business252, DIT, 2.0, 15874, 
15915, Business252, NOPA, 0.0, 15874, 
15915, Business252, NOC, 0.0, 15874, 
15915, Business252, CFNAMM, 20.0, 15874, 
15915, Business252, NMO, 0.0, 15874, 
15921, ISDAActualActual, LOC, 125.0, 15874, 
15921, ISDAActualActual, NOMNAMM, 5.0, 15874, 
15921, ISDAActualActual, NOM, 5.0, 15874, 
15921, ISDAActualActual, WMCNAMM, 11.0, 15874, 
15921, ISDAActualActual, WMC, 11.0, 15874, 
15921, ISDAActualActual, NOA, 1.0, 15874, 
15921, ISDAActualActual, LOCNAMM, 125.0, 15874, 
15921, ISDAActualActual, AMWNAMM, 2.2, 15874, 
15921, ISDAActualActual, RFC, 16.0, 15874, 
15921, ISDAActualActual, NOII, 0.0, 15874, 
15921, ISDAActualActual, AMW, 2.2, 15874, 
15921, ISDAActualActual, TCC, 0.0, 15874, 
15921, ISDAActualActual, ATFD, 2.0, 15874, 
15921, ISDAActualActual, FANOUT, 3.0, 15874, 
15921, ISDAActualActual, NOCS, 0.0, 15874, 
15921, ISDAActualActual, NIM, 4.0, 15874, 
15921, ISDAActualActual, LCOM5, 1.0, 15874, 
15921, ISDAActualActual, NOAM, 0.0, 15874, 
15921, ISDAActualActual, CBO, 4.0, 15874, 
15921, ISDAActualActual, WOC, 1.0, 15874, 
15921, ISDAActualActual, DIT, 2.0, 15874, 
15921, ISDAActualActual, NOPA, 0.0, 15874, 
15921, ISDAActualActual, NOC, 0.0, 15874, 
15921, ISDAActualActual, CFNAMM, 33.0, 15874, 
15921, ISDAActualActual, NMO, 0.0, 15874, 
15928, US30360, LOC, 64.0, 15874, 
15928, US30360, NOMNAMM, 2.0, 15874, 
15928, US30360, NOM, 2.0, 15874, 
15928, US30360, WMCNAMM, 12.0, 15874, 
15928, US30360, WMC, 12.0, 15874, 
15928, US30360, NOA, 1.0, 15874, 
15928, US30360, LOCNAMM, 64.0, 15874, 
15928, US30360, AMWNAMM, 6.0, 15874, 
15928, US30360, RFC, 10.0, 15874, 
15928, US30360, NOII, 0.0, 15874, 
15928, US30360, AMW, 6.0, 15874, 
15928, US30360, TCC, 0.0, 15874, 
15928, US30360, ATFD, 0.0, 15874, 
15928, US30360, FANOUT, 0.0, 15874, 
15928, US30360, NOCS, 0.0, 15874, 
15928, US30360, NIM, 4.0, 15874, 
15928, US30360, LCOM5, 1.0, 15874, 
15928, US30360, NOAM, 0.0, 15874, 
15928, US30360, CBO, 1.0, 15874, 
15928, US30360, WOC, 1.0, 15874, 
15928, US30360, DIT, 2.0, 15874, 
15928, US30360, NOPA, 0.0, 15874, 
15928, US30360, NOC, 0.0, 15874, 
15928, US30360, CFNAMM, 0.0, 15874, 
15928, US30360, NMO, 0.0, 15874, 
15933, Period, LOC, 213.0, 15932, 
15933, Period, NOMNAMM, 9.0, 15932, 
15933, Period, NOM, 17.0, 15932, 
15933, Period, WMCNAMM, 15.0, 15932, 
15933, Period, WMC, 23.0, 15932, 
15933, Period, NOA, 4.0, 15932, 
15933, Period, LOCNAMM, 137.0, 15932, 
15933, Period, AMWNAMM, 1.66666666666667, 15932, 
15933, Period, RFC, 18.0, 15932, 
15933, Period, NOII, 1.0, 15932, 
15933, Period, AMW, 1.35294117647059, 15932, 
15933, Period, TCC, 0.218181818181818, 15932, 
15933, Period, ATFD, 0.0, 15932, 
15933, Period, FANOUT, 1.0, 15932, 
15933, Period, NOCS, 0.0, 15932, 
15933, Period, NIM, 0.0, 15932, 
15933, Period, LCOM5, 0.84375, 15932, 
15933, Period, NOAM, 8.0, 15932, 
15933, Period, CBO, 1.0, 15932, 
15933, Period, WOC, 0.466666666666667, 15932, 
15933, Period, DIT, 1.0, 15932, 
15933, Period, NOPA, 0.0, 15932, 
15933, Period, NOC, 2.0, 15932, 
15933, Period, CFNAMM, 10.0, 15932, 
15933, Period, NMO, 2.0, 15932, 
15951, TypedScheduleGenerator, LOC, 203.0, 15932, 
15951, TypedScheduleGenerator, NOMNAMM, 15.0, 15932, 
15951, TypedScheduleGenerator, NOM, 17.0, 15932, 
15951, TypedScheduleGenerator, WMCNAMM, 34.0, 15932, 
15951, TypedScheduleGenerator, WMC, 36.0, 15932, 
15951, TypedScheduleGenerator, NOA, 2.0, 15932, 
15951, TypedScheduleGenerator, LOCNAMM, 193.0, 15932, 
15951, TypedScheduleGenerator, AMWNAMM, 2.26666666666667, 15932, 
15951, TypedScheduleGenerator, RFC, 31.0, 15932, 
15951, TypedScheduleGenerator, NOII, 0.0, 15932, 
15951, TypedScheduleGenerator, AMW, 2.11764705882353, 15932, 
15951, TypedScheduleGenerator, TCC, 0.0, 15932, 
15951, TypedScheduleGenerator, ATFD, 14.0, 15932, 
15951, TypedScheduleGenerator, FANOUT, 7.0, 15932, 
15951, TypedScheduleGenerator, NOCS, 0.0, 15932, 
15951, TypedScheduleGenerator, NIM, 0.0, 15932, 
15951, TypedScheduleGenerator, LCOM5, 1.0625, 15932, 
15951, TypedScheduleGenerator, NOAM, 2.0, 15932, 
15951, TypedScheduleGenerator, CBO, 7.0, 15932, 
15951, TypedScheduleGenerator, WOC, 0.818181818181818, 15932, 
15951, TypedScheduleGenerator, DIT, 1.0, 15932, 
15951, TypedScheduleGenerator, NOPA, 0.0, 15932, 
15951, TypedScheduleGenerator, NOC, 0.0, 15932, 
15951, TypedScheduleGenerator, CFNAMM, 306.0, 15932, 
15951, TypedScheduleGenerator, NMO, 0.0, 15932, 
15969, ScheduleGenerator, LOC, 538.0, 15932, 
15969, ScheduleGenerator, NOMNAMM, 18.0, 15932, 
15969, ScheduleGenerator, NOM, 18.0, 15932, 
15969, ScheduleGenerator, WMCNAMM, 45.0, 15932, 
15969, ScheduleGenerator, WMC, 45.0, 15932, 
15969, ScheduleGenerator, NOA, 1.0, 15932, 
15969, ScheduleGenerator, LOCNAMM, 538.0, 15932, 
15969, ScheduleGenerator, AMWNAMM, 2.5, 15932, 
15969, ScheduleGenerator, RFC, 31.0, 15932, 
15969, ScheduleGenerator, NOII, 0.0, 15932, 
15969, ScheduleGenerator, AMW, 2.5, 15932, 
15969, ScheduleGenerator, TCC, 0.0, 15932, 
15969, ScheduleGenerator, ATFD, 13.0, 15932, 
15969, ScheduleGenerator, FANOUT, 5.0, 15932, 
15969, ScheduleGenerator, NOCS, 0.0, 15932, 
15969, ScheduleGenerator, NIM, 0.0, 15932, 
15969, ScheduleGenerator, LCOM5, 1.0, 15932, 
15969, ScheduleGenerator, NOAM, 0.0, 15932, 
15969, ScheduleGenerator, CBO, 6.0, 15932, 
15969, ScheduleGenerator, WOC, 1.0, 15932, 
15969, ScheduleGenerator, DIT, 1.0, 15932, 
15969, ScheduleGenerator, NOPA, 0.0, 15932, 
15969, ScheduleGenerator, NOC, 0.0, 15932, 
15969, ScheduleGenerator, CFNAMM, 104.0, 15932, 
15969, ScheduleGenerator, NMO, 0.0, 15932, 
15988, Frequency, LOC, 88.0, 15932, 
15988, Frequency, NOMNAMM, 1.0, 15932, 
15988, Frequency, NOM, 4.0, 15932, 
15988, Frequency, WMCNAMM, 1.0, 15932, 
15988, Frequency, WMC, 4.0, 15932, 
15988, Frequency, NOA, 3.0, 15932, 
15988, Frequency, LOCNAMM, 53.0, 15932, 
15988, Frequency, AMWNAMM, 1.0, 15932, 
15988, Frequency, RFC, 4.0, 15932, 
15988, Frequency, NOII, 0.0, 15932, 
15988, Frequency, AMW, 1.0, 15932, 
15988, Frequency, TCC, 0.0, 15932, 
15988, Frequency, ATFD, 0.0, 15932, 
15988, Frequency, FANOUT, 0.0, 15932, 
15988, Frequency, NOCS, 0.0, 15932, 
15988, Frequency, NIM, 10.0, 15932, 
15988, Frequency, LCOM5, 1.0, 15932, 
15988, Frequency, NOAM, 3.0, 15932, 
15988, Frequency, CBO, 0.0, 15932, 
15988, Frequency, WOC, 0.0, 15932, 
15988, Frequency, NOPA, 0.0, 15932, 
15988, Frequency, NOC, 0.0, 15932, 
15988, Frequency, CFNAMM, 0.0, 15932, 
15988, Frequency, NMO, 0.0, 15932, 
15993, Tenor, LOC, 151.0, 15932, 
15993, Tenor, NOMNAMM, 4.0, 15932, 
15993, Tenor, NOM, 8.0, 15932, 
15993, Tenor, WMCNAMM, 12.0, 15932, 
15993, Tenor, WMC, 16.0, 15932, 
15993, Tenor, NOA, 8.0, 15932, 
15993, Tenor, LOCNAMM, 113.0, 15932, 
15993, Tenor, AMWNAMM, 3.0, 15932, 
15993, Tenor, RFC, 8.0, 15932, 
15993, Tenor, NOII, 0.0, 15932, 
15993, Tenor, AMW, 2.0, 15932, 
15993, Tenor, TCC, 0.6, 15932, 
15993, Tenor, ATFD, 0.0, 15932, 
15993, Tenor, FANOUT, 0.0, 15932, 
15993, Tenor, NOCS, 0.0, 15932, 
15993, Tenor, NIM, 0.0, 15932, 
15993, Tenor, LCOM5, 0.928571428571429, 15932, 
15993, Tenor, NOAM, 4.0, 15932, 
15993, Tenor, CBO, 0.0, 15932, 
15993, Tenor, WOC, 0.428571428571429, 15932, 
15993, Tenor, DIT, 1.0, 15932, 
15993, Tenor, NOPA, 0.0, 15932, 
15993, Tenor, NOC, 0.0, 15932, 
15993, Tenor, CFNAMM, 0.0, 15932, 
15993, Tenor, NMO, 0.0, 15932, 
16002, ScheduleCutter, LOC, 107.0, 15932, 
16002, ScheduleCutter, NOMNAMM, 4.0, 15932, 
16002, ScheduleCutter, NOM, 4.0, 15932, 
16002, ScheduleCutter, WMCNAMM, 12.0, 15932, 
16002, ScheduleCutter, WMC, 12.0, 15932, 
16002, ScheduleCutter, NOA, 2.0, 15932, 
16002, ScheduleCutter, LOCNAMM, 107.0, 15932, 
16002, ScheduleCutter, AMWNAMM, 3.0, 15932, 
16002, ScheduleCutter, RFC, 12.0, 15932, 
16002, ScheduleCutter, NOII, 0.0, 15932, 
16002, ScheduleCutter, AMW, 3.0, 15932, 
16002, ScheduleCutter, TCC, 0.0, 15932, 
16002, ScheduleCutter, ATFD, 4.0, 15932, 
16002, ScheduleCutter, FANOUT, 5.0, 15932, 
16002, ScheduleCutter, NOCS, 0.0, 15932, 
16002, ScheduleCutter, NIM, 0.0, 15932, 
16002, ScheduleCutter, LCOM5, 1.33333333333333, 15932, 
16002, ScheduleCutter, NOAM, 0.0, 15932, 
16002, ScheduleCutter, CBO, 5.0, 15932, 
16002, ScheduleCutter, WOC, 1.0, 15932, 
16002, ScheduleCutter, DIT, 1.0, 15932, 
16002, ScheduleCutter, NOPA, 0.0, 15932, 
16002, ScheduleCutter, NOC, 0.0, 15932, 
16002, ScheduleCutter, CFNAMM, 52.0, 15932, 
16002, ScheduleCutter, NMO, 0.0, 15932, 
16008, ScheduleCutterPeriodComparator, LOC, 6.0, 15932, 
16008, ScheduleCutterPeriodComparator, NOMNAMM, 1.0, 15932, 
16008, ScheduleCutterPeriodComparator, NOM, 1.0, 15932, 
16008, ScheduleCutterPeriodComparator, WMCNAMM, 1.0, 15932, 
16008, ScheduleCutterPeriodComparator, WMC, 1.0, 15932, 
16008, ScheduleCutterPeriodComparator, NOA, 0.0, 15932, 
16008, ScheduleCutterPeriodComparator, LOCNAMM, 6.0, 15932, 
16008, ScheduleCutterPeriodComparator, AMWNAMM, 1.0, 15932, 
16008, ScheduleCutterPeriodComparator, RFC, 3.0, 15932, 
16008, ScheduleCutterPeriodComparator, NOII, 1.0, 15932, 
16008, ScheduleCutterPeriodComparator, AMW, 1.0, 15932, 
16008, ScheduleCutterPeriodComparator, TCC, 1.0, 15932, 
16008, ScheduleCutterPeriodComparator, ATFD, 1.0, 15932, 
16008, ScheduleCutterPeriodComparator, FANOUT, 2.0, 15932, 
16008, ScheduleCutterPeriodComparator, NOCS, 0.0, 15932, 
16008, ScheduleCutterPeriodComparator, NIM, 0.0, 15932, 
16008, ScheduleCutterPeriodComparator, LCOM5, 0.0, 15932, 
16008, ScheduleCutterPeriodComparator, NOAM, 0.0, 15932, 
16008, ScheduleCutterPeriodComparator, CBO, 2.0, 15932, 
16008, ScheduleCutterPeriodComparator, WOC, 1.0, 15932, 
16008, ScheduleCutterPeriodComparator, DIT, 1.0, 15932, 
16008, ScheduleCutterPeriodComparator, NOPA, 0.0, 15932, 
16008, ScheduleCutterPeriodComparator, NOC, 0.0, 15932, 
16008, ScheduleCutterPeriodComparator, CFNAMM, 4.0, 15932, 
16008, ScheduleCutterPeriodComparator, NMO, 0.0, 15932, 
16011, Initialisable, LOC, 4.0, 15932, 
16011, Initialisable, NOMNAMM, 1.0, 15932, 
16011, Initialisable, NOM, 1.0, 15932, 
16011, Initialisable, WMCNAMM, 1.0, 15932, 
16011, Initialisable, WMC, 1.0, 15932, 
16011, Initialisable, NOA, 0.0, 15932, 
16011, Initialisable, LOCNAMM, 4.0, 15932, 
16011, Initialisable, AMWNAMM, 1.0, 15932, 
16011, Initialisable, RFC, 1.0, 15932, 
16011, Initialisable, NOII, 0.0, 15932, 
16011, Initialisable, AMW, 1.0, 15932, 
16011, Initialisable, TCC, 1.0, 15932, 
16011, Initialisable, ATFD, 0.0, 15932, 
16011, Initialisable, FANOUT, 0.0, 15932, 
16011, Initialisable, NOCS, 0.0, 15932, 
16011, Initialisable, LCOM5, 0.0, 15932, 
16011, Initialisable, NOAM, 0.0, 15932, 
16011, Initialisable, CBO, 0.0, 15932, 
16011, Initialisable, WOC, 0.0, 15932, 
16011, Initialisable, NOPA, 0.0, 15932, 
16011, Initialisable, NOC, 0.0, 15932, 
16011, Initialisable, CFNAMM, 0.0, 15932, 
16013, StubType, LOC, 62.0, 15932, 
16013, StubType, NOMNAMM, 3.0, 15932, 
16013, StubType, NOM, 3.0, 15932, 
16013, StubType, WMCNAMM, 3.0, 15932, 
16013, StubType, WMC, 3.0, 15932, 
16013, StubType, NOA, 2.0, 15932, 
16013, StubType, LOCNAMM, 62.0, 15932, 
16013, StubType, AMWNAMM, 1.0, 15932, 
16013, StubType, RFC, 3.0, 15932, 
16013, StubType, NOII, 0.0, 15932, 
16013, StubType, AMW, 1.0, 15932, 
16013, StubType, TCC, 0.0, 15932, 
16013, StubType, ATFD, 0.0, 15932, 
16013, StubType, FANOUT, 0.0, 15932, 
16013, StubType, NOCS, 0.0, 15932, 
16013, StubType, NIM, 10.0, 15932, 
16013, StubType, LCOM5, 1.0, 15932, 
16013, StubType, NOAM, 0.0, 15932, 
16013, StubType, CBO, 0.0, 15932, 
16013, StubType, WOC, 1.0, 15932, 
16013, StubType, NOPA, 0.0, 15932, 
16013, StubType, NOC, 0.0, 15932, 
16013, StubType, CFNAMM, 0.0, 15932, 
16013, StubType, NMO, 0.0, 15932, 
16017, BusinessDayConvention, LOC, 34.0, 15932, 
16017, BusinessDayConvention, NOMNAMM, 0.0, 15932, 
16017, BusinessDayConvention, NOM, 0.0, 15932, 
16017, BusinessDayConvention, WMCNAMM, 0.0, 15932, 
16017, BusinessDayConvention, WMC, 0.0, 15932, 
16017, BusinessDayConvention, NOA, 0.0, 15932, 
16017, BusinessDayConvention, LOCNAMM, 34.0, 15932, 
16017, BusinessDayConvention, AMWNAMM, 0.0, 15932, 
16017, BusinessDayConvention, RFC, 0.0, 15932, 
16017, BusinessDayConvention, NOII, 0.0, 15932, 
16017, BusinessDayConvention, AMW, 0.0, 15932, 
16017, BusinessDayConvention, TCC, 1.0, 15932, 
16017, BusinessDayConvention, ATFD, 0.0, 15932, 
16017, BusinessDayConvention, FANOUT, 0.0, 15932, 
16017, BusinessDayConvention, NOCS, 0.0, 15932, 
16017, BusinessDayConvention, NIM, 10.0, 15932, 
16017, BusinessDayConvention, LCOM5, 0.0, 15932, 
16017, BusinessDayConvention, NOAM, 0.0, 15932, 
16017, BusinessDayConvention, CBO, 0.0, 15932, 
16017, BusinessDayConvention, WOC, 0.0, 15932, 
16017, BusinessDayConvention, NOPA, 0.0, 15932, 
16017, BusinessDayConvention, NOC, 0.0, 15932, 
16017, BusinessDayConvention, CFNAMM, 0.0, 15932, 
16017, BusinessDayConvention, NMO, 0.0, 15932, 
16018, ScheduleException, LOC, 41.0, 15932, 
16018, ScheduleException, NOMNAMM, 4.0, 15932, 
16018, ScheduleException, NOM, 4.0, 15932, 
16018, ScheduleException, WMCNAMM, 4.0, 15932, 
16018, ScheduleException, WMC, 4.0, 15932, 
16018, ScheduleException, NOA, 0.0, 15932, 
16018, ScheduleException, LOCNAMM, 41.0, 15932, 
16018, ScheduleException, AMWNAMM, 1.0, 15932, 
16018, ScheduleException, RFC, 4.0, 15932, 
16018, ScheduleException, NOII, 0.0, 15932, 
16018, ScheduleException, AMW, 1.0, 15932, 
16018, ScheduleException, TCC, 1.0, 15932, 
16018, ScheduleException, ATFD, 0.0, 15932, 
16018, ScheduleException, FANOUT, 0.0, 15932, 
16018, ScheduleException, NOCS, 0.0, 15932, 
16018, ScheduleException, NIM, 15.0, 15932, 
16018, ScheduleException, LCOM5, 0.0, 15932, 
16018, ScheduleException, NOAM, 0.0, 15932, 
16018, ScheduleException, CBO, 0.0, 15932, 
16018, ScheduleException, WOC, 1.0, 15932, 
16018, ScheduleException, DIT, 3.0, 15932, 
16018, ScheduleException, NOPA, 0.0, 15932, 
16018, ScheduleException, NOC, 0.0, 15932, 
16018, ScheduleException, CFNAMM, 0.0, 15932, 
16018, ScheduleException, NMO, 0.0, 15932, 
16024, InfoFile, LOC, 68.0, 16023, 
16024, InfoFile, NOMNAMM, 5.0, 16023, 
16024, InfoFile, NOM, 6.0, 16023, 
16024, InfoFile, WMCNAMM, 6.0, 16023, 
16024, InfoFile, WMC, 8.0, 16023, 
16024, InfoFile, NOA, 1.0, 16023, 
16024, InfoFile, LOCNAMM, 54.0, 16023, 
16024, InfoFile, AMWNAMM, 1.2, 16023, 
16024, InfoFile, RFC, 8.0, 16023, 
16024, InfoFile, NOII, 0.0, 16023, 
16024, InfoFile, AMW, 1.33333333333333, 16023, 
16024, InfoFile, TCC, 1.0, 16023, 
16024, InfoFile, ATFD, 1.0, 16023, 
16024, InfoFile, FANOUT, 1.0, 16023, 
16024, InfoFile, NOCS, 0.0, 16023, 
16024, InfoFile, NIM, 0.0, 16023, 
16024, InfoFile, LCOM5, 0.4, 16023, 
16024, InfoFile, NOAM, 1.0, 16023, 
16024, InfoFile, CBO, 1.0, 16023, 
16024, InfoFile, WOC, 0.833333333333333, 16023, 
16024, InfoFile, DIT, 1.0, 16023, 
16024, InfoFile, NOPA, 0.0, 16023, 
16024, InfoFile, NOC, 0.0, 16023, 
16024, InfoFile, CFNAMM, 10.0, 16023, 
16024, InfoFile, NMO, 0.0, 16023, 
16031, InfoFileEntry, LOC, 309.0, 16023, 
16031, InfoFileEntry, NOMNAMM, 8.0, 16023, 
16031, InfoFileEntry, NOM, 24.0, 16023, 
16031, InfoFileEntry, WMCNAMM, 30.0, 16023, 
16031, InfoFileEntry, WMC, 46.0, 16023, 
16031, InfoFileEntry, NOA, 10.0, 16023, 
16031, InfoFileEntry, LOCNAMM, 157.0, 16023, 
16031, InfoFileEntry, AMWNAMM, 3.75, 16023, 
16031, InfoFileEntry, RFC, 26.0, 16023, 
16031, InfoFileEntry, NOII, 0.0, 16023, 
16031, InfoFileEntry, AMW, 1.91666666666667, 16023, 
16031, InfoFileEntry, TCC, 0.119047619047619, 16023, 
16031, InfoFileEntry, ATFD, 0.0, 16023, 
16031, InfoFileEntry, FANOUT, 2.0, 16023, 
16031, InfoFileEntry, NOCS, 0.0, 16023, 
16031, InfoFileEntry, NIM, 0.0, 16023, 
16031, InfoFileEntry, LCOM5, 0.926086956521739, 16023, 
16031, InfoFileEntry, NOAM, 16.0, 16023, 
16031, InfoFileEntry, CBO, 2.0, 16023, 
16031, InfoFileEntry, WOC, 0.333333333333333, 16023, 
16031, InfoFileEntry, DIT, 1.0, 16023, 
16031, InfoFileEntry, NOPA, 0.0, 16023, 
16031, InfoFileEntry, NOC, 0.0, 16023, 
16031, InfoFileEntry, CFNAMM, 88.0, 16023, 
16031, InfoFileEntry, NMO, 1.0, 16023, 
16056, HolidayCalendarFactoryFinancialCalendarImpl, LOC, 108.0, 16023, 
16056, HolidayCalendarFactoryFinancialCalendarImpl, NOMNAMM, 4.0, 16023, 
16056, HolidayCalendarFactoryFinancialCalendarImpl, NOM, 8.0, 16023, 
16056, HolidayCalendarFactoryFinancialCalendarImpl, WMCNAMM, 8.0, 16023, 
16056, HolidayCalendarFactoryFinancialCalendarImpl, WMC, 12.0, 16023, 
16056, HolidayCalendarFactoryFinancialCalendarImpl, NOA, 4.0, 16023, 
16056, HolidayCalendarFactoryFinancialCalendarImpl, LOCNAMM, 70.0, 16023, 
16056, HolidayCalendarFactoryFinancialCalendarImpl, AMWNAMM, 2.0, 16023, 
16056, HolidayCalendarFactoryFinancialCalendarImpl, RFC, 25.0, 16023, 
16056, HolidayCalendarFactoryFinancialCalendarImpl, NOII, 0.0, 16023, 
16056, HolidayCalendarFactoryFinancialCalendarImpl, AMW, 1.5, 16023, 
16056, HolidayCalendarFactoryFinancialCalendarImpl, TCC, 0.428571428571429, 16023, 
16056, HolidayCalendarFactoryFinancialCalendarImpl, ATFD, 0.0, 16023, 
16056, HolidayCalendarFactoryFinancialCalendarImpl, FANOUT, 4.0, 16023, 
16056, HolidayCalendarFactoryFinancialCalendarImpl, NOCS, 0.0, 16023, 
16056, HolidayCalendarFactoryFinancialCalendarImpl, NIM, 7.0, 16023, 
16056, HolidayCalendarFactoryFinancialCalendarImpl, LCOM5, 0.892857142857143, 16023, 
16056, HolidayCalendarFactoryFinancialCalendarImpl, NOAM, 4.0, 16023, 
16056, HolidayCalendarFactoryFinancialCalendarImpl, CBO, 7.0, 16023, 
16056, HolidayCalendarFactoryFinancialCalendarImpl, WOC, 0.4, 16023, 
16056, HolidayCalendarFactoryFinancialCalendarImpl, DIT, 2.0, 16023, 
16056, HolidayCalendarFactoryFinancialCalendarImpl, NOPA, 2.0, 16023, 
16056, HolidayCalendarFactoryFinancialCalendarImpl, NOC, 0.0, 16023, 
16056, HolidayCalendarFactoryFinancialCalendarImpl, CFNAMM, 114.0, 16023, 
16056, HolidayCalendarFactoryFinancialCalendarImpl, NMO, 0.0, 16023, 
16065, HolidayFileEntry, LOC, 151.0, 16023, 
16065, HolidayFileEntry, NOMNAMM, 6.0, 16023, 
16065, HolidayFileEntry, NOM, 14.0, 16023, 
16065, HolidayFileEntry, WMCNAMM, 9.0, 16023, 
16065, HolidayFileEntry, WMC, 17.0, 16023, 
16065, HolidayFileEntry, NOA, 4.0, 16023, 
16065, HolidayFileEntry, LOCNAMM, 75.0, 16023, 
16065, HolidayFileEntry, AMWNAMM, 1.5, 16023, 
16065, HolidayFileEntry, RFC, 16.0, 16023, 
16065, HolidayFileEntry, NOII, 0.0, 16023, 
16065, HolidayFileEntry, AMW, 1.21428571428571, 16023, 
16065, HolidayFileEntry, TCC, 0.0727272727272727, 16023, 
16065, HolidayFileEntry, ATFD, 1.0, 16023, 
16065, HolidayFileEntry, FANOUT, 2.0, 16023, 
16065, HolidayFileEntry, NOCS, 0.0, 16023, 
16065, HolidayFileEntry, NIM, 0.0, 16023, 
16065, HolidayFileEntry, LCOM5, 0.923076923076923, 16023, 
16065, HolidayFileEntry, NOAM, 8.0, 16023, 
16065, HolidayFileEntry, CBO, 2.0, 16023, 
16065, HolidayFileEntry, WOC, 0.428571428571429, 16023, 
16065, HolidayFileEntry, DIT, 1.0, 16023, 
16065, HolidayFileEntry, NOPA, 0.0, 16023, 
16065, HolidayFileEntry, NOC, 0.0, 16023, 
16065, HolidayFileEntry, CFNAMM, 24.0, 16023, 
16065, HolidayFileEntry, NMO, 0.0, 16023, 
16080, HolidayFile, LOC, 54.0, 16023, 
16080, HolidayFile, NOMNAMM, 5.0, 16023, 
16080, HolidayFile, NOM, 5.0, 16023, 
16080, HolidayFile, WMCNAMM, 6.0, 16023, 
16080, HolidayFile, WMC, 6.0, 16023, 
16080, HolidayFile, NOA, 1.0, 16023, 
16080, HolidayFile, LOCNAMM, 54.0, 16023, 
16080, HolidayFile, AMWNAMM, 1.2, 16023, 
16080, HolidayFile, RFC, 7.0, 16023, 
16080, HolidayFile, NOII, 0.0, 16023, 
16080, HolidayFile, AMW, 1.2, 16023, 
16080, HolidayFile, TCC, 1.0, 16023, 
16080, HolidayFile, ATFD, 0.0, 16023, 
16080, HolidayFile, FANOUT, 1.0, 16023, 
16080, HolidayFile, NOCS, 0.0, 16023, 
16080, HolidayFile, NIM, 0.0, 16023, 
16080, HolidayFile, LCOM5, 0.5, 16023, 
16080, HolidayFile, NOAM, 0.0, 16023, 
16080, HolidayFile, CBO, 2.0, 16023, 
16080, HolidayFile, WOC, 1.0, 16023, 
16080, HolidayFile, DIT, 1.0, 16023, 
16080, HolidayFile, NOPA, 0.0, 16023, 
16080, HolidayFile, NOC, 0.0, 16023, 
16080, HolidayFile, CFNAMM, 22.0, 16023, 
16080, HolidayFile, NMO, 0.0, 16023, 
16086, FinancialCalendarHolidayCalendar, LOC, 100.0, 16023, 
16086, FinancialCalendarHolidayCalendar, NOMNAMM, 5.0, 16023, 
16086, FinancialCalendarHolidayCalendar, NOM, 7.0, 16023, 
16086, FinancialCalendarHolidayCalendar, WMCNAMM, 8.0, 16023, 
16086, FinancialCalendarHolidayCalendar, WMC, 10.0, 16023, 
16086, FinancialCalendarHolidayCalendar, NOA, 3.0, 16023, 
16086, FinancialCalendarHolidayCalendar, LOCNAMM, 80.0, 16023, 
16086, FinancialCalendarHolidayCalendar, AMWNAMM, 1.6, 16023, 
16086, FinancialCalendarHolidayCalendar, RFC, 30.0, 16023, 
16086, FinancialCalendarHolidayCalendar, NOII, 0.0, 16023, 
16086, FinancialCalendarHolidayCalendar, AMW, 1.42857142857143, 16023, 
16086, FinancialCalendarHolidayCalendar, TCC, 0.0, 16023, 
16086, FinancialCalendarHolidayCalendar, ATFD, 4.0, 16023, 
16086, FinancialCalendarHolidayCalendar, FANOUT, 3.0, 16023, 
16086, FinancialCalendarHolidayCalendar, NOCS, 0.0, 16023, 
16086, FinancialCalendarHolidayCalendar, NIM, 11.0, 16023, 
16086, FinancialCalendarHolidayCalendar, LCOM5, 1.16666666666667, 16023, 
16086, FinancialCalendarHolidayCalendar, NOAM, 2.0, 16023, 
16086, FinancialCalendarHolidayCalendar, CBO, 8.0, 16023, 
16086, FinancialCalendarHolidayCalendar, WOC, 0.714285714285714, 16023, 
16086, FinancialCalendarHolidayCalendar, DIT, 2.0, 16023, 
16086, FinancialCalendarHolidayCalendar, NOPA, 0.0, 16023, 
16086, FinancialCalendarHolidayCalendar, NOC, 0.0, 16023, 
16086, FinancialCalendarHolidayCalendar, CFNAMM, 78.0, 16023, 
16086, FinancialCalendarHolidayCalendar, NMO, 0.0, 16023, 
16095, HolidayCalendarFactory, LOC, 172.0, 16094, 
16095, HolidayCalendarFactory, NOMNAMM, 7.0, 16094, 
16095, HolidayCalendarFactory, NOM, 7.0, 16094, 
16095, HolidayCalendarFactory, WMCNAMM, 14.0, 16094, 
16095, HolidayCalendarFactory, WMC, 14.0, 16094, 
16095, HolidayCalendarFactory, NOA, 3.0, 16094, 
16095, HolidayCalendarFactory, LOCNAMM, 172.0, 16094, 
16095, HolidayCalendarFactory, AMWNAMM, 2.0, 16094, 
16095, HolidayCalendarFactory, RFC, 10.0, 16094, 
16095, HolidayCalendarFactory, NOII, 0.0, 16094, 
16095, HolidayCalendarFactory, AMW, 2.0, 16094, 
16095, HolidayCalendarFactory, TCC, 0.0476190476190476, 16094, 
16095, HolidayCalendarFactory, ATFD, 0.0, 16094, 
16095, HolidayCalendarFactory, FANOUT, 2.0, 16094, 
16095, HolidayCalendarFactory, NOCS, 0.0, 16094, 
16095, HolidayCalendarFactory, LCOM5, 0.944444444444445, 16094, 
16095, HolidayCalendarFactory, NOAM, 0.0, 16094, 
16095, HolidayCalendarFactory, CBO, 4.0, 16094, 
16095, HolidayCalendarFactory, DIT, 1.0, 16094, 
16095, HolidayCalendarFactory, NOPA, 2.0, 16094, 
16095, HolidayCalendarFactory, NOC, 2.0, 16094, 
16095, HolidayCalendarFactory, CFNAMM, 30.0, 16094, 
16103, HolidayCalendar, LOC, 321.0, 16094, 
16103, HolidayCalendar, NOMNAMM, 12.0, 16094, 
16103, HolidayCalendar, NOM, 12.0, 16094, 
16103, HolidayCalendar, WMCNAMM, 42.0, 16094, 
16103, HolidayCalendar, WMC, 42.0, 16094, 
16103, HolidayCalendar, NOA, 1.0, 16094, 
16103, HolidayCalendar, LOCNAMM, 321.0, 16094, 
16103, HolidayCalendar, AMWNAMM, 3.5, 16094, 
16103, HolidayCalendar, RFC, 19.0, 16094, 
16103, HolidayCalendar, NOII, 0.0, 16094, 
16103, HolidayCalendar, AMW, 3.5, 16094, 
16103, HolidayCalendar, TCC, 0.0, 16094, 
16103, HolidayCalendar, ATFD, 9.0, 16094, 
16103, HolidayCalendar, FANOUT, 3.0, 16094, 
16103, HolidayCalendar, NOCS, 0.0, 16094, 
16103, HolidayCalendar, LCOM5, 1.09090909090909, 16094, 
16103, HolidayCalendar, NOAM, 0.0, 16094, 
16103, HolidayCalendar, CBO, 4.0, 16094, 
16103, HolidayCalendar, DIT, 1.0, 16094, 
16103, HolidayCalendar, NOPA, 0.0, 16094, 
16103, HolidayCalendar, NOC, 3.0, 16094, 
16103, HolidayCalendar, CFNAMM, 262.0, 16094, 
16116, HolidayCalendarException, LOC, 25.0, 16094, 
16116, HolidayCalendarException, NOMNAMM, 4.0, 16094, 
16116, HolidayCalendarException, NOM, 4.0, 16094, 
16116, HolidayCalendarException, WMCNAMM, 4.0, 16094, 
16116, HolidayCalendarException, WMC, 4.0, 16094, 
16116, HolidayCalendarException, NOA, 0.0, 16094, 
16116, HolidayCalendarException, LOCNAMM, 25.0, 16094, 
16116, HolidayCalendarException, AMWNAMM, 1.0, 16094, 
16116, HolidayCalendarException, RFC, 4.0, 16094, 
16116, HolidayCalendarException, NOII, 0.0, 16094, 
16116, HolidayCalendarException, AMW, 1.0, 16094, 
16116, HolidayCalendarException, TCC, 1.0, 16094, 
16116, HolidayCalendarException, ATFD, 0.0, 16094, 
16116, HolidayCalendarException, FANOUT, 0.0, 16094, 
16116, HolidayCalendarException, NOCS, 0.0, 16094, 
16116, HolidayCalendarException, NIM, 15.0, 16094, 
16116, HolidayCalendarException, LCOM5, 0.0, 16094, 
16116, HolidayCalendarException, NOAM, 0.0, 16094, 
16116, HolidayCalendarException, CBO, 0.0, 16094, 
16116, HolidayCalendarException, WOC, 1.0, 16094, 
16116, HolidayCalendarException, DIT, 4.0, 16094, 
16116, HolidayCalendarException, NOPA, 0.0, 16094, 
16116, HolidayCalendarException, NOC, 0.0, 16094, 
16116, HolidayCalendarException, CFNAMM, 0.0, 16094, 
16116, HolidayCalendarException, NMO, 0.0, 16094, 
16121, HolidayCalendarSet, LOC, 95.0, 16094, 
16121, HolidayCalendarSet, NOMNAMM, 6.0, 16094, 
16121, HolidayCalendarSet, NOM, 7.0, 16094, 
16121, HolidayCalendarSet, WMCNAMM, 10.0, 16094, 
16121, HolidayCalendarSet, WMC, 11.0, 16094, 
16121, HolidayCalendarSet, NOA, 1.0, 16094, 
16121, HolidayCalendarSet, LOCNAMM, 84.0, 16094, 
16121, HolidayCalendarSet, AMWNAMM, 1.66666666666667, 16094, 
16121, HolidayCalendarSet, RFC, 26.0, 16094, 
16121, HolidayCalendarSet, NOII, 0.0, 16094, 
16121, HolidayCalendarSet, AMW, 1.57142857142857, 16094, 
16121, HolidayCalendarSet, TCC, 0.4, 16094, 
16121, HolidayCalendarSet, ATFD, 0.0, 16094, 
16121, HolidayCalendarSet, FANOUT, 0.0, 16094, 
16121, HolidayCalendarSet, NOCS, 0.0, 16094, 
16121, HolidayCalendarSet, NIM, 11.0, 16094, 
16121, HolidayCalendarSet, LCOM5, 0.5, 16094, 
16121, HolidayCalendarSet, NOAM, 1.0, 16094, 
16121, HolidayCalendarSet, CBO, 4.0, 16094, 
16121, HolidayCalendarSet, WOC, 0.857142857142857, 16094, 
16121, HolidayCalendarSet, DIT, 2.0, 16094, 
16121, HolidayCalendarSet, NOPA, 0.0, 16094, 
16121, HolidayCalendarSet, NOC, 0.0, 16094, 
16121, HolidayCalendarSet, CFNAMM, 8.0, 16094, 
16121, HolidayCalendarSet, NMO, 0.0, 16094, 
16130, NotionalSchedule, LOC, 3.0, 16129, 
16130, NotionalSchedule, NOMNAMM, 1.0, 16129, 
16130, NotionalSchedule, NOM, 1.0, 16129, 
16130, NotionalSchedule, WMCNAMM, 1.0, 16129, 
16130, NotionalSchedule, WMC, 1.0, 16129, 
16130, NotionalSchedule, NOA, 0.0, 16129, 
16130, NotionalSchedule, LOCNAMM, 3.0, 16129, 
16130, NotionalSchedule, AMWNAMM, 1.0, 16129, 
16130, NotionalSchedule, RFC, 1.0, 16129, 
16130, NotionalSchedule, NOII, 0.0, 16129, 
16130, NotionalSchedule, AMW, 1.0, 16129, 
16130, NotionalSchedule, TCC, 1.0, 16129, 
16130, NotionalSchedule, ATFD, 0.0, 16129, 
16130, NotionalSchedule, FANOUT, 0.0, 16129, 
16130, NotionalSchedule, NOCS, 0.0, 16129, 
16130, NotionalSchedule, LCOM5, 0.0, 16129, 
16130, NotionalSchedule, NOAM, 0.0, 16129, 
16130, NotionalSchedule, CBO, 1.0, 16129, 
16130, NotionalSchedule, WOC, 0.0, 16129, 
16130, NotionalSchedule, NOPA, 0.0, 16129, 
16130, NotionalSchedule, NOC, 0.0, 16129, 
16130, NotionalSchedule, CFNAMM, 0.0, 16129, 
16132, AccrualException, LOC, 17.0, 16129, 
16132, AccrualException, NOMNAMM, 4.0, 16129, 
16132, AccrualException, NOM, 4.0, 16129, 
16132, AccrualException, WMCNAMM, 4.0, 16129, 
16132, AccrualException, WMC, 4.0, 16129, 
16132, AccrualException, NOA, 0.0, 16129, 
16132, AccrualException, LOCNAMM, 17.0, 16129, 
16132, AccrualException, AMWNAMM, 1.0, 16129, 
16132, AccrualException, RFC, 4.0, 16129, 
16132, AccrualException, NOII, 0.0, 16129, 
16132, AccrualException, AMW, 1.0, 16129, 
16132, AccrualException, TCC, 1.0, 16129, 
16132, AccrualException, ATFD, 0.0, 16129, 
16132, AccrualException, FANOUT, 0.0, 16129, 
16132, AccrualException, NOCS, 0.0, 16129, 
16132, AccrualException, NIM, 15.0, 16129, 
16132, AccrualException, LCOM5, 0.0, 16129, 
16132, AccrualException, NOAM, 0.0, 16129, 
16132, AccrualException, CBO, 0.0, 16129, 
16132, AccrualException, WOC, 1.0, 16129, 
16132, AccrualException, DIT, 3.0, 16129, 
16132, AccrualException, NOPA, 0.0, 16129, 
16132, AccrualException, NOC, 0.0, 16129, 
16132, AccrualException, CFNAMM, 0.0, 16129, 
16132, AccrualException, NMO, 0.0, 16129, 
16137, AccrualPeriod, LOC, 272.0, 16129, 
16137, AccrualPeriod, NOMNAMM, 9.0, 16129, 
16137, AccrualPeriod, NOM, 23.0, 16129, 
16137, AccrualPeriod, WMCNAMM, 26.0, 16129, 
16137, AccrualPeriod, WMC, 40.0, 16129, 
16137, AccrualPeriod, NOA, 7.0, 16129, 
16137, AccrualPeriod, LOCNAMM, 136.0, 16129, 
16137, AccrualPeriod, AMWNAMM, 2.88888888888889, 16129, 
16137, AccrualPeriod, RFC, 29.0, 16129, 
16137, AccrualPeriod, NOII, 1.0, 16129, 
16137, AccrualPeriod, AMW, 1.73913043478261, 16129, 
16137, AccrualPeriod, TCC, 0.114285714285714, 16129, 
16137, AccrualPeriod, ATFD, 3.0, 16129, 
16137, AccrualPeriod, FANOUT, 3.0, 16129, 
16137, AccrualPeriod, NOCS, 0.0, 16129, 
16137, AccrualPeriod, LCOM5, 0.902597402597403, 16129, 
16137, AccrualPeriod, NOAM, 14.0, 16129, 
16137, AccrualPeriod, CBO, 6.0, 16129, 
16137, AccrualPeriod, DIT, 2.0, 16129, 
16137, AccrualPeriod, NOPA, 0.0, 16129, 
16137, AccrualPeriod, NOC, 2.0, 16129, 
16137, AccrualPeriod, CFNAMM, 149.0, 16129, 
16161, Payment, LOC, 112.0, 16129, 
16161, Payment, NOMNAMM, 6.0, 16129, 
16161, Payment, NOM, 12.0, 16129, 
16161, Payment, WMCNAMM, 6.0, 16129, 
16161, Payment, WMC, 12.0, 16129, 
16161, Payment, NOA, 3.0, 16129, 
16161, Payment, LOCNAMM, 58.0, 16129, 
16161, Payment, AMWNAMM, 1.0, 16129, 
16161, Payment, RFC, 12.0, 16129, 
16161, Payment, NOII, 0.0, 16129, 
16161, Payment, AMW, 1.0, 16129, 
16161, Payment, TCC, 0.194444444444444, 16129, 
16161, Payment, ATFD, 0.0, 16129, 
16161, Payment, FANOUT, 0.0, 16129, 
16161, Payment, NOCS, 0.0, 16129, 
16161, Payment, NIM, 0.0, 16129, 
16161, Payment, LCOM5, 0.848484848484849, 16129, 
16161, Payment, NOAM, 6.0, 16129, 
16161, Payment, CBO, 1.0, 16129, 
16161, Payment, WOC, 0.5, 16129, 
16161, Payment, DIT, 1.0, 16129, 
16161, Payment, NOPA, 0.0, 16129, 
16161, Payment, NOC, 0.0, 16129, 
16161, Payment, CFNAMM, 0.0, 16129, 
16161, Payment, NMO, 1.0, 16129, 
16174, PaymentType, LOC, 12.0, 16129, 
16174, PaymentType, NOMNAMM, 0.0, 16129, 
16174, PaymentType, NOM, 0.0, 16129, 
16174, PaymentType, WMCNAMM, 0.0, 16129, 
16174, PaymentType, WMC, 0.0, 16129, 
16174, PaymentType, NOA, 0.0, 16129, 
16174, PaymentType, LOCNAMM, 12.0, 16129, 
16174, PaymentType, AMWNAMM, 0.0, 16129, 
16174, PaymentType, RFC, 0.0, 16129, 
16174, PaymentType, NOII, 0.0, 16129, 
16174, PaymentType, AMW, 0.0, 16129, 
16174, PaymentType, TCC, 1.0, 16129, 
16174, PaymentType, ATFD, 0.0, 16129, 
16174, PaymentType, FANOUT, 0.0, 16129, 
16174, PaymentType, NOCS, 0.0, 16129, 
16174, PaymentType, NIM, 10.0, 16129, 
16174, PaymentType, LCOM5, 0.0, 16129, 
16174, PaymentType, NOAM, 0.0, 16129, 
16174, PaymentType, CBO, 0.0, 16129, 
16174, PaymentType, WOC, 0.0, 16129, 
16174, PaymentType, NOPA, 0.0, 16129, 
16174, PaymentType, NOC, 0.0, 16129, 
16174, PaymentType, CFNAMM, 0.0, 16129, 
16174, PaymentType, NMO, 0.0, 16129, 
16175, AccrualSchedule, LOC, 306.0, 16129, 
16175, AccrualSchedule, NOMNAMM, 26.0, 16129, 
16175, AccrualSchedule, NOM, 27.0, 16129, 
16175, AccrualSchedule, WMCNAMM, 35.0, 16129, 
16175, AccrualSchedule, WMC, 36.0, 16129, 
16175, AccrualSchedule, NOA, 2.0, 16129, 
16175, AccrualSchedule, LOCNAMM, 297.0, 16129, 
16175, AccrualSchedule, AMWNAMM, 1.34615384615385, 16129, 
16175, AccrualSchedule, RFC, 44.0, 16129, 
16175, AccrualSchedule, NOII, 0.0, 16129, 
16175, AccrualSchedule, AMW, 1.33333333333333, 16129, 
16175, AccrualSchedule, TCC, 0.0, 16129, 
16175, AccrualSchedule, ATFD, 8.0, 16129, 
16175, AccrualSchedule, FANOUT, 8.0, 16129, 
16175, AccrualSchedule, NOCS, 0.0, 16129, 
16175, AccrualSchedule, NIM, 0.0, 16129, 
16175, AccrualSchedule, LCOM5, 1.03846153846154, 16129, 
16175, AccrualSchedule, NOAM, 1.0, 16129, 
16175, AccrualSchedule, CBO, 8.0, 16129, 
16175, AccrualSchedule, WOC, 0.962962962962963, 16129, 
16175, AccrualSchedule, DIT, 1.0, 16129, 
16175, AccrualSchedule, NOPA, 0.0, 16129, 
16175, AccrualSchedule, NOC, 0.0, 16129, 
16175, AccrualSchedule, CFNAMM, 856.0, 16129, 
16175, AccrualSchedule, NMO, 0.0, 16129, 
16203, NotionalPeriod, LOC, 115.0, 16129, 
16203, NotionalPeriod, NOMNAMM, 9.0, 16129, 
16203, NotionalPeriod, NOM, 13.0, 16129, 
16203, NotionalPeriod, WMCNAMM, 9.0, 16129, 
16203, NotionalPeriod, WMC, 13.0, 16129, 
16203, NotionalPeriod, NOA, 1.0, 16129, 
16203, NotionalPeriod, LOCNAMM, 79.0, 16129, 
16203, NotionalPeriod, AMWNAMM, 1.0, 16129, 
16203, NotionalPeriod, RFC, 31.0, 16129, 
16203, NotionalPeriod, NOII, 0.0, 16129, 
16203, NotionalPeriod, AMW, 1.0, 16129, 
16203, NotionalPeriod, TCC, 0.714285714285714, 16129, 
16203, NotionalPeriod, ATFD, 2.0, 16129, 
16203, NotionalPeriod, FANOUT, 1.0, 16129, 
16203, NotionalPeriod, NOCS, 0.0, 16129, 
16203, NotionalPeriod, NIM, 10.0, 16129, 
16203, NotionalPeriod, LCOM5, 0.583333333333333, 16129, 
16203, NotionalPeriod, NOAM, 4.0, 16129, 
16203, NotionalPeriod, CBO, 4.0, 16129, 
16203, NotionalPeriod, WOC, 0.692307692307692, 16129, 
16203, NotionalPeriod, DIT, 2.0, 16129, 
16203, NotionalPeriod, NOPA, 0.0, 16129, 
16203, NotionalPeriod, NOC, 0.0, 16129, 
16203, NotionalPeriod, CFNAMM, 101.0, 16129, 
16203, NotionalPeriod, NMO, 1.0, 16129, 
16217, Notional, LOC, 52.0, 16129, 
16217, Notional, NOMNAMM, 2.0, 16129, 
16217, Notional, NOM, 6.0, 16129, 
16217, Notional, WMCNAMM, 2.0, 16129, 
16217, Notional, WMC, 6.0, 16129, 
16217, Notional, NOA, 2.0, 16129, 
16217, Notional, LOCNAMM, 16.0, 16129, 
16217, Notional, AMWNAMM, 1.0, 16129, 
16217, Notional, RFC, 6.0, 16129, 
16217, Notional, NOII, 0.0, 16129, 
16217, Notional, AMW, 1.0, 16129, 
16217, Notional, TCC, 0.333333333333333, 16129, 
16217, Notional, ATFD, 0.0, 16129, 
16217, Notional, FANOUT, 0.0, 16129, 
16217, Notional, NOCS, 0.0, 16129, 
16217, Notional, NIM, 0.0, 16129, 
16217, Notional, LCOM5, 0.8, 16129, 
16217, Notional, NOAM, 4.0, 16129, 
16217, Notional, CBO, 1.0, 16129, 
16217, Notional, WOC, 0.333333333333333, 16129, 
16217, Notional, DIT, 1.0, 16129, 
16217, Notional, NOPA, 0.0, 16129, 
16217, Notional, NOC, 0.0, 16129, 
16217, Notional, CFNAMM, 0.0, 16129, 
16217, Notional, NMO, 0.0, 16129, 
16225, ISDADateFormat, LOC, 83.0, 16224, 
16225, ISDADateFormat, NOMNAMM, 5.0, 16224, 
16225, ISDADateFormat, NOM, 5.0, 16224, 
16225, ISDADateFormat, WMCNAMM, 9.0, 16224, 
16225, ISDADateFormat, WMC, 9.0, 16224, 
16225, ISDADateFormat, NOA, 0.0, 16224, 
16225, ISDADateFormat, LOCNAMM, 83.0, 16224, 
16225, ISDADateFormat, AMWNAMM, 1.8, 16224, 
16225, ISDADateFormat, RFC, 5.0, 16224, 
16225, ISDADateFormat, NOII, 0.0, 16224, 
16225, ISDADateFormat, AMW, 1.8, 16224, 
16225, ISDADateFormat, TCC, 0.0, 16224, 
16225, ISDADateFormat, ATFD, 0.0, 16224, 
16225, ISDADateFormat, FANOUT, 0.0, 16224, 
16225, ISDADateFormat, NOCS, 0.0, 16224, 
16225, ISDADateFormat, NIM, 0.0, 16224, 
16225, ISDADateFormat, LCOM5, 0.0, 16224, 
16225, ISDADateFormat, NOAM, 0.0, 16224, 
16225, ISDADateFormat, CBO, 0.0, 16224, 
16225, ISDADateFormat, WOC, 1.0, 16224, 
16225, ISDADateFormat, DIT, 1.0, 16224, 
16225, ISDADateFormat, NOPA, 0.0, 16224, 
16225, ISDADateFormat, NOC, 0.0, 16224, 
16225, ISDADateFormat, CFNAMM, 0.0, 16224, 
16225, ISDADateFormat, NMO, 0.0, 16224, 
16231, jfinLoggingFormatter, LOC, 23.0, 16224, 
16231, jfinLoggingFormatter, NOMNAMM, 1.0, 16224, 
16231, jfinLoggingFormatter, NOM, 1.0, 16224, 
16231, jfinLoggingFormatter, WMCNAMM, 2.0, 16224, 
16231, jfinLoggingFormatter, WMC, 2.0, 16224, 
16231, jfinLoggingFormatter, NOA, 1.0, 16224, 
16231, jfinLoggingFormatter, LOCNAMM, 23.0, 16224, 
16231, jfinLoggingFormatter, AMWNAMM, 2.0, 16224, 
16231, jfinLoggingFormatter, RFC, 1.0, 16224, 
16231, jfinLoggingFormatter, NOII, 0.0, 16224, 
16231, jfinLoggingFormatter, AMW, 2.0, 16224, 
16231, jfinLoggingFormatter, TCC, 1.0, 16224, 
16231, jfinLoggingFormatter, ATFD, 0.0, 16224, 
16231, jfinLoggingFormatter, FANOUT, 0.0, 16224, 
16231, jfinLoggingFormatter, NOCS, 0.0, 16224, 
16231, jfinLoggingFormatter, NIM, 4.0, 16224, 
16231, jfinLoggingFormatter, LCOM5, 0.0, 16224, 
16231, jfinLoggingFormatter, NOAM, 0.0, 16224, 
16231, jfinLoggingFormatter, CBO, 0.0, 16224, 
16231, jfinLoggingFormatter, WOC, 1.0, 16224, 
16231, jfinLoggingFormatter, DIT, 2.0, 16224, 
16231, jfinLoggingFormatter, NOPA, 0.0, 16224, 
16231, jfinLoggingFormatter, NOC, 0.0, 16224, 
16231, jfinLoggingFormatter, CFNAMM, 0.0, 16224, 
16231, jfinLoggingFormatter, NMO, 0.0, 16224, 
16234, CSVReader, LOC, 17.0, 16233, 
16234, CSVReader, NOMNAMM, 2.0, 16233, 
16234, CSVReader, NOM, 2.0, 16233, 
16234, CSVReader, WMCNAMM, 3.0, 16233, 
16234, CSVReader, WMC, 3.0, 16233, 
16234, CSVReader, NOA, 0.0, 16233, 
16234, CSVReader, LOCNAMM, 17.0, 16233, 
16234, CSVReader, AMWNAMM, 1.5, 16233, 
16234, CSVReader, RFC, 3.0, 16233, 
16234, CSVReader, NOII, 0.0, 16233, 
16234, CSVReader, AMW, 1.5, 16233, 
16234, CSVReader, TCC, 1.0, 16233, 
16234, CSVReader, ATFD, 0.0, 16233, 
16234, CSVReader, FANOUT, 1.0, 16233, 
16234, CSVReader, NOCS, 0.0, 16233, 
16234, CSVReader, NIM, 16.0, 16233, 
16234, CSVReader, LCOM5, 0.0, 16233, 
16234, CSVReader, NOAM, 0.0, 16233, 
16234, CSVReader, CBO, 1.0, 16233, 
16234, CSVReader, WOC, 1.0, 16233, 
16234, CSVReader, DIT, 3.0, 16233, 
16234, CSVReader, NOPA, 0.0, 16233, 
16234, CSVReader, NOC, 0.0, 16233, 
16234, CSVReader, CFNAMM, 4.0, 16233, 
16234, CSVReader, NMO, 0.0, 16233, 
16237, Iso3166Country, LOC, 533.0, 16233, 
16237, Iso3166Country, NOMNAMM, 1.0, 16233, 
16237, Iso3166Country, NOM, 4.0, 16233, 
16237, Iso3166Country, WMCNAMM, 1.0, 16233, 
16237, Iso3166Country, WMC, 4.0, 16233, 
16237, Iso3166Country, NOA, 3.0, 16233, 
16237, Iso3166Country, LOCNAMM, 506.0, 16233, 
16237, Iso3166Country, AMWNAMM, 1.0, 16233, 
16237, Iso3166Country, RFC, 4.0, 16233, 
16237, Iso3166Country, NOII, 0.0, 16233, 
16237, Iso3166Country, AMW, 1.0, 16233, 
16237, Iso3166Country, TCC, 0.0, 16233, 
16237, Iso3166Country, ATFD, 0.0, 16233, 
16237, Iso3166Country, FANOUT, 0.0, 16233, 
16237, Iso3166Country, NOCS, 0.0, 16233, 
16237, Iso3166Country, NIM, 10.0, 16233, 
16237, Iso3166Country, LCOM5, 1.0, 16233, 
16237, Iso3166Country, NOAM, 3.0, 16233, 
16237, Iso3166Country, CBO, 0.0, 16233, 
16237, Iso3166Country, WOC, 0.0, 16233, 
16237, Iso3166Country, NOPA, 0.0, 16233, 
16237, Iso3166Country, NOC, 0.0, 16233, 
16237, Iso3166Country, CFNAMM, 0.0, 16233, 
16237, Iso3166Country, NMO, 0.0, 16233, 
16243, Iso4217Currency, LOC, 372.0, 16233, 
16243, Iso4217Currency, NOMNAMM, 9.0, 16233, 
16243, Iso4217Currency, NOM, 13.0, 16233, 
16243, Iso4217Currency, WMCNAMM, 9.0, 16233, 
16243, Iso4217Currency, WMC, 13.0, 16233, 
16243, Iso4217Currency, NOA, 4.0, 16233, 
16243, Iso4217Currency, LOCNAMM, 336.0, 16233, 
16243, Iso4217Currency, AMWNAMM, 1.0, 16233, 
16243, Iso4217Currency, RFC, 13.0, 16233, 
16243, Iso4217Currency, NOII, 0.0, 16233, 
16243, Iso4217Currency, AMW, 1.0, 16233, 
16243, Iso4217Currency, TCC, 0.0, 16233, 
16243, Iso4217Currency, ATFD, 0.0, 16233, 
16243, Iso4217Currency, FANOUT, 0.0, 16233, 
16243, Iso4217Currency, NOCS, 0.0, 16233, 
16243, Iso4217Currency, NIM, 10.0, 16233, 
16243, Iso4217Currency, LCOM5, 1.0, 16233, 
16243, Iso4217Currency, NOAM, 4.0, 16233, 
16243, Iso4217Currency, CBO, 1.0, 16233, 
16243, Iso4217Currency, WOC, 0.2, 16233, 
16243, Iso4217Currency, NOPA, 0.0, 16233, 
16243, Iso4217Currency, NOC, 0.0, 16233, 
16243, Iso4217Currency, CFNAMM, 0.0, 16233, 
16243, Iso4217Currency, NMO, 0.0, 16233, 
16258, CSVFileFormatTokenizer, LOC, 307.0, 16233, 
16258, CSVFileFormatTokenizer, NOMNAMM, 22.0, 16233, 
16258, CSVFileFormatTokenizer, NOM, 23.0, 16233, 
16258, CSVFileFormatTokenizer, WMCNAMM, 32.0, 16233, 
16258, CSVFileFormatTokenizer, WMC, 33.0, 16233, 
16258, CSVFileFormatTokenizer, NOA, 4.0, 16233, 
16258, CSVFileFormatTokenizer, LOCNAMM, 295.0, 16233, 
16258, CSVFileFormatTokenizer, AMWNAMM, 1.45454545454545, 16233, 
16258, CSVFileFormatTokenizer, RFC, 23.0, 16233, 
16258, CSVFileFormatTokenizer, NOII, 0.0, 16233, 
16258, CSVFileFormatTokenizer, AMW, 1.43478260869565, 16233, 
16258, CSVFileFormatTokenizer, TCC, 0.128571428571429, 16233, 
16258, CSVFileFormatTokenizer, ATFD, 0.0, 16233, 
16258, CSVFileFormatTokenizer, FANOUT, 0.0, 16233, 
16258, CSVFileFormatTokenizer, NOCS, 0.0, 16233, 
16258, CSVFileFormatTokenizer, NIM, 0.0, 16233, 
16258, CSVFileFormatTokenizer, LCOM5, 0.875, 16233, 
16258, CSVFileFormatTokenizer, NOAM, 1.0, 16233, 
16258, CSVFileFormatTokenizer, CBO, 0.0, 16233, 
16258, CSVFileFormatTokenizer, WOC, 0.954545454545455, 16233, 
16258, CSVFileFormatTokenizer, DIT, 1.0, 16233, 
16258, CSVFileFormatTokenizer, NOPA, 0.0, 16233, 
16258, CSVFileFormatTokenizer, NOC, 0.0, 16233, 
16258, CSVFileFormatTokenizer, CFNAMM, 0.0, 16233, 
16258, CSVFileFormatTokenizer, NMO, 0.0, 16233, 
16283, DaycountCalculatorFactory, LOC, 228.0, 16282, 
16283, DaycountCalculatorFactory, NOMNAMM, 14.0, 16282, 
16283, DaycountCalculatorFactory, NOM, 14.0, 16282, 
16283, DaycountCalculatorFactory, WMCNAMM, 28.0, 16282, 
16283, DaycountCalculatorFactory, WMC, 28.0, 16282, 
16283, DaycountCalculatorFactory, NOA, 3.0, 16282, 
16283, DaycountCalculatorFactory, LOCNAMM, 228.0, 16282, 
16283, DaycountCalculatorFactory, AMWNAMM, 2.0, 16282, 
16283, DaycountCalculatorFactory, RFC, 16.0, 16282, 
16283, DaycountCalculatorFactory, NOII, 0.0, 16282, 
16283, DaycountCalculatorFactory, AMW, 2.0, 16282, 
16283, DaycountCalculatorFactory, TCC, 0.010989010989011, 16282, 
16283, DaycountCalculatorFactory, ATFD, 0.0, 16282, 
16283, DaycountCalculatorFactory, FANOUT, 1.0, 16282, 
16283, DaycountCalculatorFactory, NOCS, 0.0, 16282, 
16283, DaycountCalculatorFactory, LCOM5, 0.974358974358974, 16282, 
16283, DaycountCalculatorFactory, NOAM, 0.0, 16282, 
16283, DaycountCalculatorFactory, CBO, 3.0, 16282, 
16283, DaycountCalculatorFactory, DIT, 1.0, 16282, 
16283, DaycountCalculatorFactory, NOPA, 2.0, 16282, 
16283, DaycountCalculatorFactory, NOC, 1.0, 16282, 
16283, DaycountCalculatorFactory, CFNAMM, 34.0, 16282, 
16298, DaycountCalculator, LOC, 65.0, 16282, 
16298, DaycountCalculator, NOMNAMM, 4.0, 16282, 
16298, DaycountCalculator, NOM, 4.0, 16282, 
16298, DaycountCalculator, WMCNAMM, 4.0, 16282, 
16298, DaycountCalculator, WMC, 4.0, 16282, 
16298, DaycountCalculator, NOA, 0.0, 16282, 
16298, DaycountCalculator, LOCNAMM, 65.0, 16282, 
16298, DaycountCalculator, AMWNAMM, 1.0, 16282, 
16298, DaycountCalculator, RFC, 8.0, 16282, 
16298, DaycountCalculator, NOII, 0.0, 16282, 
16298, DaycountCalculator, AMW, 1.0, 16282, 
16298, DaycountCalculator, TCC, 0.0, 16282, 
16298, DaycountCalculator, ATFD, 4.0, 16282, 
16298, DaycountCalculator, FANOUT, 1.0, 16282, 
16298, DaycountCalculator, NOCS, 0.0, 16282, 
16298, DaycountCalculator, LCOM5, 0.0, 16282, 
16298, DaycountCalculator, NOAM, 0.0, 16282, 
16298, DaycountCalculator, CBO, 1.0, 16282, 
16298, DaycountCalculator, DIT, 1.0, 16282, 
16298, DaycountCalculator, NOPA, 0.0, 16282, 
16298, DaycountCalculator, NOC, 10.0, 16282, 
16298, DaycountCalculator, CFNAMM, 0.0, 16282, 
16303, DaycountException, LOC, 23.0, 16282, 
16303, DaycountException, NOMNAMM, 4.0, 16282, 
16303, DaycountException, NOM, 4.0, 16282, 
16303, DaycountException, WMCNAMM, 4.0, 16282, 
16303, DaycountException, WMC, 4.0, 16282, 
16303, DaycountException, NOA, 0.0, 16282, 
16303, DaycountException, LOCNAMM, 23.0, 16282, 
16303, DaycountException, AMWNAMM, 1.0, 16282, 
16303, DaycountException, RFC, 4.0, 16282, 
16303, DaycountException, NOII, 0.0, 16282, 
16303, DaycountException, AMW, 1.0, 16282, 
16303, DaycountException, TCC, 1.0, 16282, 
16303, DaycountException, ATFD, 0.0, 16282, 
16303, DaycountException, FANOUT, 0.0, 16282, 
16303, DaycountException, NOCS, 0.0, 16282, 
16303, DaycountException, NIM, 15.0, 16282, 
16303, DaycountException, LCOM5, 0.0, 16282, 
16303, DaycountException, NOAM, 0.0, 16282, 
16303, DaycountException, CBO, 0.0, 16282, 
16303, DaycountException, WOC, 1.0, 16282, 
16303, DaycountException, DIT, 4.0, 16282, 
16303, DaycountException, NOPA, 0.0, 16282, 
16303, DaycountException, NOC, 0.0, 16282, 
16303, DaycountException, CFNAMM, 0.0, 16282, 
16303, DaycountException, NMO, 0.0, 16282, 
16309, FlatNotionalSchedule, LOC, 43.0, 16308, 
16309, FlatNotionalSchedule, NOMNAMM, 6.0, 16308, 
16309, FlatNotionalSchedule, NOM, 8.0, 16308, 
16309, FlatNotionalSchedule, WMCNAMM, 6.0, 16308, 
16309, FlatNotionalSchedule, WMC, 8.0, 16308, 
16309, FlatNotionalSchedule, NOA, 1.0, 16308, 
16309, FlatNotionalSchedule, LOCNAMM, 33.0, 16308, 
16309, FlatNotionalSchedule, AMWNAMM, 1.0, 16308, 
16309, FlatNotionalSchedule, RFC, 14.0, 16308, 
16309, FlatNotionalSchedule, NOII, 1.0, 16308, 
16309, FlatNotionalSchedule, AMW, 1.0, 16308, 
16309, FlatNotionalSchedule, TCC, 1.0, 16308, 
16309, FlatNotionalSchedule, ATFD, 2.0, 16308, 
16309, FlatNotionalSchedule, FANOUT, 2.0, 16308, 
16309, FlatNotionalSchedule, NOCS, 0.0, 16308, 
16309, FlatNotionalSchedule, NIM, 0.0, 16308, 
16309, FlatNotionalSchedule, LCOM5, 0.428571428571429, 16308, 
16309, FlatNotionalSchedule, NOAM, 2.0, 16308, 
16309, FlatNotionalSchedule, CBO, 3.0, 16308, 
16309, FlatNotionalSchedule, WOC, 0.75, 16308, 
16309, FlatNotionalSchedule, DIT, 1.0, 16308, 
16309, FlatNotionalSchedule, NOPA, 0.0, 16308, 
16309, FlatNotionalSchedule, NOC, 0.0, 16308, 
16309, FlatNotionalSchedule, CFNAMM, 18.0, 16308, 
16309, FlatNotionalSchedule, NMO, 0.0, 16308, 
16318, FloatAccrualPeriod, LOC, 198.0, 16308, 
16318, FloatAccrualPeriod, NOMNAMM, 7.0, 16308, 
16318, FloatAccrualPeriod, NOM, 19.0, 16308, 
16318, FloatAccrualPeriod, WMCNAMM, 16.0, 16308, 
16318, FloatAccrualPeriod, WMC, 28.0, 16308, 
16318, FloatAccrualPeriod, NOA, 6.0, 16308, 
16318, FloatAccrualPeriod, LOCNAMM, 84.0, 16308, 
16318, FloatAccrualPeriod, AMWNAMM, 2.28571428571429, 16308, 
16318, FloatAccrualPeriod, RFC, 57.0, 16308, 
16318, FloatAccrualPeriod, NOII, 0.0, 16308, 
16318, FloatAccrualPeriod, AMW, 1.47368421052632, 16308, 
16318, FloatAccrualPeriod, TCC, 0.169117647058824, 16308, 
16318, FloatAccrualPeriod, ATFD, 2.0, 16308, 
16318, FloatAccrualPeriod, FANOUT, 2.0, 16308, 
16318, FloatAccrualPeriod, NOCS, 0.0, 16308, 
16318, FloatAccrualPeriod, NIM, 30.0, 16308, 
16318, FloatAccrualPeriod, LCOM5, 0.87037037037037, 16308, 
16318, FloatAccrualPeriod, NOAM, 12.0, 16308, 
16318, FloatAccrualPeriod, CBO, 9.0, 16308, 
16318, FloatAccrualPeriod, WOC, 0.333333333333333, 16308, 
16318, FloatAccrualPeriod, DIT, 3.0, 16308, 
16318, FloatAccrualPeriod, NOPA, 0.0, 16308, 
16318, FloatAccrualPeriod, NOC, 0.0, 16308, 
16318, FloatAccrualPeriod, CFNAMM, 257.0, 16308, 
16318, FloatAccrualPeriod, NMO, 2.0, 16308, 
16338, FixingAdjustmentType, LOC, 6.0, 16308, 
16338, FixingAdjustmentType, NOMNAMM, 0.0, 16308, 
16338, FixingAdjustmentType, NOM, 0.0, 16308, 
16338, FixingAdjustmentType, WMCNAMM, 0.0, 16308, 
16338, FixingAdjustmentType, WMC, 0.0, 16308, 
16338, FixingAdjustmentType, NOA, 0.0, 16308, 
16338, FixingAdjustmentType, LOCNAMM, 6.0, 16308, 
16338, FixingAdjustmentType, AMWNAMM, 0.0, 16308, 
16338, FixingAdjustmentType, RFC, 0.0, 16308, 
16338, FixingAdjustmentType, NOII, 0.0, 16308, 
16338, FixingAdjustmentType, AMW, 0.0, 16308, 
16338, FixingAdjustmentType, TCC, 1.0, 16308, 
16338, FixingAdjustmentType, ATFD, 0.0, 16308, 
16338, FixingAdjustmentType, FANOUT, 0.0, 16308, 
16338, FixingAdjustmentType, NOCS, 0.0, 16308, 
16338, FixingAdjustmentType, NIM, 10.0, 16308, 
16338, FixingAdjustmentType, LCOM5, 0.0, 16308, 
16338, FixingAdjustmentType, NOAM, 0.0, 16308, 
16338, FixingAdjustmentType, CBO, 0.0, 16308, 
16338, FixingAdjustmentType, WOC, 0.0, 16308, 
16338, FixingAdjustmentType, NOPA, 0.0, 16308, 
16338, FixingAdjustmentType, NOC, 0.0, 16308, 
16338, FixingAdjustmentType, CFNAMM, 0.0, 16308, 
16338, FixingAdjustmentType, NMO, 0.0, 16308, 
16339, FixedAccrualPeriod, LOC, 59.0, 16308, 
16339, FixedAccrualPeriod, NOMNAMM, 5.0, 16308, 
16339, FixedAccrualPeriod, NOM, 7.0, 16308, 
16339, FixedAccrualPeriod, WMCNAMM, 6.0, 16308, 
16339, FixedAccrualPeriod, WMC, 8.0, 16308, 
16339, FixedAccrualPeriod, NOA, 1.0, 16308, 
16339, FixedAccrualPeriod, LOCNAMM, 41.0, 16308, 
16339, FixedAccrualPeriod, AMWNAMM, 1.2, 16308, 
16339, FixedAccrualPeriod, RFC, 43.0, 16308, 
16339, FixedAccrualPeriod, NOII, 0.0, 16308, 
16339, FixedAccrualPeriod, AMW, 1.14285714285714, 16308, 
16339, FixedAccrualPeriod, TCC, 0.3, 16308, 
16339, FixedAccrualPeriod, ATFD, 0.0, 16308, 
16339, FixedAccrualPeriod, FANOUT, 0.0, 16308, 
16339, FixedAccrualPeriod, NOCS, 0.0, 16308, 
16339, FixedAccrualPeriod, NIM, 31.0, 16308, 
16339, FixedAccrualPeriod, LCOM5, 0.666666666666667, 16308, 
16339, FixedAccrualPeriod, NOAM, 2.0, 16308, 
16339, FixedAccrualPeriod, CBO, 8.0, 16308, 
16339, FixedAccrualPeriod, WOC, 0.714285714285714, 16308, 
16339, FixedAccrualPeriod, DIT, 3.0, 16308, 
16339, FixedAccrualPeriod, NOPA, 0.0, 16308, 
16339, FixedAccrualPeriod, NOC, 0.0, 16308, 
16339, FixedAccrualPeriod, CFNAMM, 18.0, 16308, 
16339, FixedAccrualPeriod, NMO, 1.0, 16308, 
16348, WeekendHolidayCalendar, LOC, 15.0, 16347, 
16348, WeekendHolidayCalendar, NOMNAMM, 2.0, 16347, 
16348, WeekendHolidayCalendar, NOM, 2.0, 16347, 
16348, WeekendHolidayCalendar, WMCNAMM, 2.0, 16347, 
16348, WeekendHolidayCalendar, WMC, 2.0, 16347, 
16348, WeekendHolidayCalendar, NOA, 0.0, 16347, 
16348, WeekendHolidayCalendar, LOCNAMM, 15.0, 16347, 
16348, WeekendHolidayCalendar, AMWNAMM, 1.0, 16347, 
16348, WeekendHolidayCalendar, RFC, 21.0, 16347, 
16348, WeekendHolidayCalendar, NOII, 0.0, 16347, 
16348, WeekendHolidayCalendar, AMW, 1.0, 16347, 
16348, WeekendHolidayCalendar, TCC, 0.0, 16347, 
16348, WeekendHolidayCalendar, ATFD, 0.0, 16347, 
16348, WeekendHolidayCalendar, FANOUT, 0.0, 16347, 
16348, WeekendHolidayCalendar, NOCS, 0.0, 16347, 
16348, WeekendHolidayCalendar, NIM, 11.0, 16347, 
16348, WeekendHolidayCalendar, LCOM5, 0.0, 16347, 
16348, WeekendHolidayCalendar, NOAM, 0.0, 16347, 
16348, WeekendHolidayCalendar, CBO, 4.0, 16347, 
16348, WeekendHolidayCalendar, WOC, 1.0, 16347, 
16348, WeekendHolidayCalendar, DIT, 2.0, 16347, 
16348, WeekendHolidayCalendar, NOPA, 0.0, 16347, 
16348, WeekendHolidayCalendar, NOC, 0.0, 16347, 
16348, WeekendHolidayCalendar, CFNAMM, 0.0, 16347, 
16348, WeekendHolidayCalendar, NMO, 0.0, 16347, 
16352, HolidayCalendarFactoryImpl, LOC, 29.0, 16347, 
16352, HolidayCalendarFactoryImpl, NOMNAMM, 3.0, 16347, 
16352, HolidayCalendarFactoryImpl, NOM, 3.0, 16347, 
16352, HolidayCalendarFactoryImpl, WMCNAMM, 4.0, 16347, 
16352, HolidayCalendarFactoryImpl, WMC, 4.0, 16347, 
16352, HolidayCalendarFactoryImpl, NOA, 0.0, 16347, 
16352, HolidayCalendarFactoryImpl, LOCNAMM, 29.0, 16347, 
16352, HolidayCalendarFactoryImpl, AMWNAMM, 1.33333333333333, 16347, 
16352, HolidayCalendarFactoryImpl, RFC, 15.0, 16347, 
16352, HolidayCalendarFactoryImpl, NOII, 0.0, 16347, 
16352, HolidayCalendarFactoryImpl, AMW, 1.33333333333333, 16347, 
16352, HolidayCalendarFactoryImpl, TCC, 0.0, 16347, 
16352, HolidayCalendarFactoryImpl, ATFD, 0.0, 16347, 
16352, HolidayCalendarFactoryImpl, FANOUT, 2.0, 16347, 
16352, HolidayCalendarFactoryImpl, NOCS, 0.0, 16347, 
16352, HolidayCalendarFactoryImpl, NIM, 7.0, 16347, 
16352, HolidayCalendarFactoryImpl, LCOM5, 0.0, 16347, 
16352, HolidayCalendarFactoryImpl, NOAM, 0.0, 16347, 
16352, HolidayCalendarFactoryImpl, CBO, 5.0, 16347, 
16352, HolidayCalendarFactoryImpl, WOC, 1.0, 16347, 
16352, HolidayCalendarFactoryImpl, DIT, 2.0, 16347, 
16352, HolidayCalendarFactoryImpl, NOPA, 0.0, 16347, 
16352, HolidayCalendarFactoryImpl, NOC, 0.0, 16347, 
16352, HolidayCalendarFactoryImpl, CFNAMM, 12.0, 16347, 
16352, HolidayCalendarFactoryImpl, NMO, 0.0, 16347, 
