15874, org.jfin.date.daycount.defaultimpl, LOC, 809.0, 0, 
15874, org.jfin.date.daycount.defaultimpl, NOMNAMM, 35.0, 0, 
15874, org.jfin.date.daycount.defaultimpl, NOM, 37.0, 0, 
15874, org.jfin.date.daycount.defaultimpl, NOCS, 11.0, 0, 
15874, org.jfin.date.daycount.defaultimpl, NOI, 0.0, 0, 
15932, org.jfin.date, LOC, 1447.0, 0, 
15932, org.jfin.date, NOMNAMM, 60.0, 0, 
15932, org.jfin.date, NOM, 77.0, 0, 
15932, org.jfin.date, NOCS, 10.0, 0, 
15932, org.jfin.date, NOI, 1.0, 0, 
16023, org.jfin.date.holiday.financialcalendarimpl, LOC, 790.0, 0, 
16023, org.jfin.date.holiday.financialcalendarimpl, NOMNAMM, 33.0, 0, 
16023, org.jfin.date.holiday.financialcalendarimpl, NOM, 64.0, 0, 
16023, org.jfin.date.holiday.financialcalendarimpl, NOCS, 6.0, 0, 
16023, org.jfin.date.holiday.financialcalendarimpl, NOI, 0.0, 0, 
16094, org.jfin.date.holiday, LOC, 613.0, 0, 
16094, org.jfin.date.holiday, NOMNAMM, 29.0, 0, 
16094, org.jfin.date.holiday, NOM, 30.0, 0, 
16094, org.jfin.date.holiday, NOCS, 4.0, 0, 
16094, org.jfin.date.holiday, NOI, 0.0, 0, 
16129, org.jfin.date.accrual, LOC, 889.0, 0, 
16129, org.jfin.date.accrual, NOMNAMM, 57.0, 0, 
16129, org.jfin.date.accrual, NOM, 86.0, 0, 
16129, org.jfin.date.accrual, NOCS, 7.0, 0, 
16129, org.jfin.date.accrual, NOI, 1.0, 0, 
16224, org.jfin.date.util, LOC, 106.0, 0, 
16224, org.jfin.date.util, NOMNAMM, 6.0, 0, 
16224, org.jfin.date.util, NOM, 6.0, 0, 
16224, org.jfin.date.util, NOCS, 2.0, 0, 
16224, org.jfin.date.util, NOI, 0.0, 0, 
16233, org.jfin.common, LOC, 1229.0, 0, 
16233, org.jfin.common, NOMNAMM, 34.0, 0, 
16233, org.jfin.common, NOM, 42.0, 0, 
16233, org.jfin.common, NOCS, 4.0, 0, 
16233, org.jfin.common, NOI, 0.0, 0, 
16282, org.jfin.date.daycount, LOC, 316.0, 0, 
16282, org.jfin.date.daycount, NOMNAMM, 22.0, 0, 
16282, org.jfin.date.daycount, NOM, 22.0, 0, 
16282, org.jfin.date.daycount, NOCS, 3.0, 0, 
16282, org.jfin.date.daycount, NOI, 0.0, 0, 
16308, org.jfin.date.accrual.impl, LOC, 306.0, 0, 
16308, org.jfin.date.accrual.impl, NOMNAMM, 18.0, 0, 
16308, org.jfin.date.accrual.impl, NOM, 34.0, 0, 
16308, org.jfin.date.accrual.impl, NOCS, 4.0, 0, 
16308, org.jfin.date.accrual.impl, NOI, 0.0, 0, 
16347, org.jfin.date.holiday.defaultimpl, LOC, 44.0, 0, 
16347, org.jfin.date.holiday.defaultimpl, NOMNAMM, 5.0, 0, 
16347, org.jfin.date.holiday.defaultimpl, NOM, 5.0, 0, 
16347, org.jfin.date.holiday.defaultimpl, NOCS, 2.0, 0, 
16347, org.jfin.date.holiday.defaultimpl, NOI, 0.0, 0, 
