7233, JavaClassDumpper, NOM, 10.0, 7232, 
7233, JavaClassDumpper, NOMNAMM, 10.0, 7232, 
7233, JavaClassDumpper, LOC, 243.0, 7232, 
7233, JavaClassDumpper, NOA, 3.0, 7232, 
7233, JavaClassDumpper, WMCNAMM, 47.0, 7232, 
7233, JavaClassDumpper, WMC, 47.0, 7232, 
7233, JavaClassDumpper, LCOM5, 0.481481481481482, 7232, 
7233, JavaClassDumpper, LOCNAMM, 243.0, 7232, 
7233, JavaClassDumpper, AMWNAMM, 4.7, 7232, 
7233, JavaClassDumpper, NMO, 0.0, 7232, 
7233, JavaClassDumpper, NIM, 0.0, 7232, 
7233, JavaClassDumpper, AMW, 4.7, 7232, 
7233, JavaClassDumpper, CBO, 28.0, 7232, 
7233, JavaClassDumpper, CFNAMM, 16.0, 7232, 
7233, JavaClassDumpper, NOAM, 0.0, 7232, 
7233, JavaClassDumpper, DIT, 1.0, 7232, 
7233, JavaClassDumpper, NOII, 0.0, 7232, 
7233, JavaClassDumpper, TCC, 1.0, 7232, 
7233, JavaClassDumpper, WOC, 1.0, 7232, 
7233, JavaClassDumpper, RFC, 12.0, 7232, 
7233, JavaClassDumpper, NOC, 0.0, 7232, 
7233, JavaClassDumpper, NOPA, 0.0, 7232, 
7233, JavaClassDumpper, FANOUT, 1.0, 7232, 
7233, JavaClassDumpper, NOCS, 0.0, 7232, 
7233, JavaClassDumpper, ATFD, 96.0, 7232, 
7244, GrammerException, NOM, 4.0, 7232, 
7244, GrammerException, NOMNAMM, 4.0, 7232, 
7244, GrammerException, LOC, 18.0, 7232, 
7244, GrammerException, NOA, 0.0, 7232, 
7244, GrammerException, WMCNAMM, 4.0, 7232, 
7244, GrammerException, WMC, 4.0, 7232, 
7244, GrammerException, LCOM5, 0.0, 7232, 
7244, GrammerException, LOCNAMM, 18.0, 7232, 
7244, GrammerException, AMWNAMM, 1.0, 7232, 
7244, GrammerException, NMO, 0.0, 7232, 
7244, GrammerException, NIM, 15.0, 7232, 
7244, GrammerException, AMW, 1.0, 7232, 
7244, GrammerException, CBO, 1.0, 7232, 
7244, GrammerException, CFNAMM, 24.0, 7232, 
7244, GrammerException, NOAM, 0.0, 7232, 
7244, GrammerException, DIT, 4.0, 7232, 
7244, GrammerException, NOII, 0.0, 7232, 
7244, GrammerException, TCC, 1.0, 7232, 
7244, GrammerException, WOC, 1.0, 7232, 
7244, GrammerException, RFC, 9.0, 7232, 
7244, GrammerException, NOC, 0.0, 7232, 
7244, GrammerException, NOPA, 0.0, 7232, 
7244, GrammerException, FANOUT, 0.0, 7232, 
7244, GrammerException, NOCS, 0.0, 7232, 
7244, GrammerException, ATFD, 0.0, 7232, 
7249, Scannable, NOM, 0.0, 7232, 
7249, Scannable, NOMNAMM, 0.0, 7232, 
7249, Scannable, LOC, 55.0, 7232, 
7249, Scannable, NOA, 27.0, 7232, 
7249, Scannable, WMCNAMM, 0.0, 7232, 
7249, Scannable, WMC, 0.0, 7232, 
7249, Scannable, LCOM5, 0.0, 7232, 
7249, Scannable, LOCNAMM, 55.0, 7232, 
7249, Scannable, AMWNAMM, 0.0, 7232, 
7249, Scannable, AMW, 0.0, 7232, 
7249, Scannable, CBO, 0.0, 7232, 
7249, Scannable, CFNAMM, 0.0, 7232, 
7249, Scannable, NOAM, 0.0, 7232, 
7249, Scannable, NOII, 0.0, 7232, 
7249, Scannable, TCC, 1.0, 7232, 
7249, Scannable, WOC, 0.0, 7232, 
7249, Scannable, RFC, 0.0, 7232, 
7249, Scannable, NOC, 0.0, 7232, 
7249, Scannable, NOPA, 27.0, 7232, 
7249, Scannable, FANOUT, 0.0, 7232, 
7249, Scannable, NOCS, 0.0, 7232, 
7249, Scannable, ATFD, 0.0, 7232, 
7250, ConstantPoolGenerator, NOM, 25.0, 7232, 
7250, ConstantPoolGenerator, NOMNAMM, 24.0, 7232, 
7250, ConstantPoolGenerator, LOC, 312.0, 7232, 
7250, ConstantPoolGenerator, NOA, 6.0, 7232, 
7250, ConstantPoolGenerator, WMCNAMM, 61.0, 7232, 
7250, ConstantPoolGenerator, WMC, 62.0, 7232, 
7250, ConstantPoolGenerator, LCOM5, 0.701388888888889, 7232, 
7250, ConstantPoolGenerator, LOCNAMM, 304.0, 7232, 
7250, ConstantPoolGenerator, AMWNAMM, 2.54166666666667, 7232, 
7250, ConstantPoolGenerator, NMO, 0.0, 7232, 
7250, ConstantPoolGenerator, NIM, 0.0, 7232, 
7250, ConstantPoolGenerator, AMW, 2.48, 7232, 
7250, ConstantPoolGenerator, CBO, 15.0, 7232, 
7250, ConstantPoolGenerator, CFNAMM, 670.0, 7232, 
7250, ConstantPoolGenerator, NOAM, 1.0, 7232, 
7250, ConstantPoolGenerator, DIT, 1.0, 7232, 
7250, ConstantPoolGenerator, NOII, 0.0, 7232, 
7250, ConstantPoolGenerator, TCC, 0.833333333333333, 7232, 
7250, ConstantPoolGenerator, WOC, 0.923076923076923, 7232, 
7250, ConstantPoolGenerator, RFC, 41.0, 7232, 
7250, ConstantPoolGenerator, NOC, 0.0, 7232, 
7250, ConstantPoolGenerator, NOPA, 0.0, 7232, 
7250, ConstantPoolGenerator, FANOUT, 14.0, 7232, 
7250, ConstantPoolGenerator, NOCS, 0.0, 7232, 
7250, ConstantPoolGenerator, ATFD, 11.0, 7232, 
7276, SourceCodeParser, NOM, 29.0, 7232, 
7276, SourceCodeParser, NOMNAMM, 29.0, 7232, 
7276, SourceCodeParser, LOC, 1371.0, 7232, 
7276, SourceCodeParser, NOA, 4.0, 7232, 
7276, SourceCodeParser, WMCNAMM, 328.0, 7232, 
7276, SourceCodeParser, WMC, 328.0, 7232, 
7276, SourceCodeParser, LCOM5, 0.723214285714286, 7232, 
7276, SourceCodeParser, LOCNAMM, 1371.0, 7232, 
7276, SourceCodeParser, AMWNAMM, 11.3103448275862, 7232, 
7276, SourceCodeParser, NMO, 0.0, 7232, 
7276, SourceCodeParser, NIM, 0.0, 7232, 
7276, SourceCodeParser, AMW, 11.3103448275862, 7232, 
7276, SourceCodeParser, CBO, 27.0, 7232, 
7276, SourceCodeParser, CFNAMM, 4344.0, 7232, 
7276, SourceCodeParser, NOAM, 0.0, 7232, 
7276, SourceCodeParser, DIT, 1.0, 7232, 
7276, SourceCodeParser, NOII, 1.0, 7232, 
7276, SourceCodeParser, TCC, 0.0, 7232, 
7276, SourceCodeParser, WOC, 1.0, 7232, 
7276, SourceCodeParser, RFC, 87.0, 7232, 
7276, SourceCodeParser, NOC, 0.0, 7232, 
7276, SourceCodeParser, NOPA, 0.0, 7232, 
7276, SourceCodeParser, FANOUT, 25.0, 7232, 
7276, SourceCodeParser, NOCS, 2.0, 7232, 
7276, SourceCodeParser, ATFD, 106.0, 7232, 
7306, SourceCodeParser.OpcodeWrapper, NOM, 2.0, 7232, 
7306, SourceCodeParser.OpcodeWrapper, NOMNAMM, 2.0, 7232, 
7306, SourceCodeParser.OpcodeWrapper, LOC, 14.0, 7232, 
7306, SourceCodeParser.OpcodeWrapper, NOA, 1.0, 7232, 
7306, SourceCodeParser.OpcodeWrapper, WMCNAMM, 2.0, 7232, 
7306, SourceCodeParser.OpcodeWrapper, WMC, 2.0, 7232, 
7306, SourceCodeParser.OpcodeWrapper, LCOM5, 2.0, 7232, 
7306, SourceCodeParser.OpcodeWrapper, LOCNAMM, 14.0, 7232, 
7306, SourceCodeParser.OpcodeWrapper, AMWNAMM, 1.0, 7232, 
7306, SourceCodeParser.OpcodeWrapper, NMO, 0.0, 7232, 
7306, SourceCodeParser.OpcodeWrapper, NIM, 0.0, 7232, 
7306, SourceCodeParser.OpcodeWrapper, AMW, 1.0, 7232, 
7306, SourceCodeParser.OpcodeWrapper, CBO, 1.0, 7232, 
7306, SourceCodeParser.OpcodeWrapper, CFNAMM, 3.0, 7232, 
7306, SourceCodeParser.OpcodeWrapper, NOAM, 0.0, 7232, 
7306, SourceCodeParser.OpcodeWrapper, DIT, 2.0, 7232, 
7306, SourceCodeParser.OpcodeWrapper, NOII, 0.0, 7232, 
7306, SourceCodeParser.OpcodeWrapper, TCC, 1.0, 7232, 
7306, SourceCodeParser.OpcodeWrapper, WOC, 0.666666666666667, 7232, 
7306, SourceCodeParser.OpcodeWrapper, RFC, 3.0, 7232, 
7306, SourceCodeParser.OpcodeWrapper, NOC, 0.0, 7232, 
7306, SourceCodeParser.OpcodeWrapper, NOPA, 1.0, 7232, 
7306, SourceCodeParser.OpcodeWrapper, FANOUT, 0.0, 7232, 
7306, SourceCodeParser.OpcodeWrapper, NOCS, 0.0, 7232, 
7306, SourceCodeParser.OpcodeWrapper, ATFD, 0.0, 7232, 
7309, ParsingException, NOM, 6.0, 7232, 
7309, ParsingException, NOMNAMM, 6.0, 7232, 
7309, ParsingException, LOC, 50.0, 7232, 
7309, ParsingException, NOA, 1.0, 7232, 
7309, ParsingException, WMCNAMM, 13.0, 7232, 
7309, ParsingException, WMC, 13.0, 7232, 
7309, ParsingException, LCOM5, 0.6, 7232, 
7309, ParsingException, LOCNAMM, 50.0, 7232, 
7309, ParsingException, AMWNAMM, 2.16666666666667, 7232, 
7309, ParsingException, NMO, 1.0, 7232, 
7309, ParsingException, NIM, 14.0, 7232, 
7309, ParsingException, AMW, 2.16666666666667, 7232, 
7309, ParsingException, CBO, 0.0, 7232, 
7309, ParsingException, CFNAMM, 0.0, 7232, 
7309, ParsingException, NOAM, 0.0, 7232, 
7309, ParsingException, DIT, 3.0, 7232, 
7309, ParsingException, NOII, 0.0, 7232, 
7309, ParsingException, TCC, 1.0, 7232, 
7309, ParsingException, WOC, 1.0, 7232, 
7309, ParsingException, RFC, 6.0, 7232, 
7309, ParsingException, NOC, 1.0, 7232, 
7309, ParsingException, NOPA, 0.0, 7232, 
7309, ParsingException, FANOUT, 0.0, 7232, 
7309, ParsingException, NOCS, 0.0, 7232, 
7309, ParsingException, ATFD, 0.0, 7232, 
7316, SourceCodeParser.LabeledInstructions, NOM, 1.0, 7232, 
7316, SourceCodeParser.LabeledInstructions, NOMNAMM, 1.0, 7232, 
7316, SourceCodeParser.LabeledInstructions, LOC, 13.0, 7232, 
7316, SourceCodeParser.LabeledInstructions, NOA, 3.0, 7232, 
7316, SourceCodeParser.LabeledInstructions, WMCNAMM, 1.0, 7232, 
7316, SourceCodeParser.LabeledInstructions, WMC, 1.0, 7232, 
7316, SourceCodeParser.LabeledInstructions, LCOM5, 0.0, 7232, 
7316, SourceCodeParser.LabeledInstructions, LOCNAMM, 13.0, 7232, 
7316, SourceCodeParser.LabeledInstructions, AMWNAMM, 1.0, 7232, 
7316, SourceCodeParser.LabeledInstructions, NMO, 0.0, 7232, 
7316, SourceCodeParser.LabeledInstructions, NIM, 0.0, 7232, 
7316, SourceCodeParser.LabeledInstructions, AMW, 1.0, 7232, 
7316, SourceCodeParser.LabeledInstructions, CBO, 1.0, 7232, 
7316, SourceCodeParser.LabeledInstructions, CFNAMM, 0.0, 7232, 
7316, SourceCodeParser.LabeledInstructions, NOAM, 0.0, 7232, 
7316, SourceCodeParser.LabeledInstructions, DIT, 1.0, 7232, 
7316, SourceCodeParser.LabeledInstructions, NOII, 0.0, 7232, 
7316, SourceCodeParser.LabeledInstructions, TCC, 1.0, 7232, 
7316, SourceCodeParser.LabeledInstructions, WOC, 1.0, 7232, 
7316, SourceCodeParser.LabeledInstructions, RFC, 1.0, 7232, 
7316, SourceCodeParser.LabeledInstructions, NOC, 0.0, 7232, 
7316, SourceCodeParser.LabeledInstructions, NOPA, 0.0, 7232, 
7316, SourceCodeParser.LabeledInstructions, FANOUT, 0.0, 7232, 
7316, SourceCodeParser.LabeledInstructions, NOCS, 0.0, 7232, 
7316, SourceCodeParser.LabeledInstructions, ATFD, 0.0, 7232, 
7318, Scanner, NOM, 32.0, 7232, 
7318, Scanner, NOMNAMM, 24.0, 7232, 
7318, Scanner, LOC, 590.0, 7232, 
7318, Scanner, NOA, 11.0, 7232, 
7318, Scanner, WMCNAMM, 166.0, 7232, 
7318, Scanner, WMC, 174.0, 7232, 
7318, Scanner, LCOM5, 0.777126099706745, 7232, 
7318, Scanner, LOCNAMM, 550.0, 7232, 
7318, Scanner, AMWNAMM, 6.91666666666667, 7232, 
7318, Scanner, NMO, 0.0, 7232, 
7318, Scanner, NIM, 0.0, 7232, 
7318, Scanner, AMW, 5.4375, 7232, 
7318, Scanner, CBO, 3.0, 7232, 
7318, Scanner, CFNAMM, 72.0, 7232, 
7318, Scanner, NOAM, 8.0, 7232, 
7318, Scanner, DIT, 1.0, 7232, 
7318, Scanner, NOII, 1.0, 7232, 
7318, Scanner, TCC, 0.191666666666667, 7232, 
7318, Scanner, WOC, 0.578947368421053, 7232, 
7318, Scanner, RFC, 34.0, 7232, 
7318, Scanner, NOC, 0.0, 7232, 
7318, Scanner, NOPA, 0.0, 7232, 
7318, Scanner, FANOUT, 1.0, 7232, 
7318, Scanner, NOCS, 0.0, 7232, 
7318, Scanner, ATFD, 2.0, 7232, 
7352, Attribute, NOM, 2.0, 7351, 
7352, Attribute, NOMNAMM, 2.0, 7351, 
7352, Attribute, LOC, 32.0, 7351, 
7352, Attribute, NOA, 5.0, 7351, 
7352, Attribute, WMCNAMM, 2.0, 7351, 
7352, Attribute, WMC, 2.0, 7351, 
7352, Attribute, LCOM5, 2.0, 7351, 
7352, Attribute, LOCNAMM, 32.0, 7351, 
7352, Attribute, AMWNAMM, 1.0, 7351, 
7352, Attribute, NMO, 0.0, 7351, 
7352, Attribute, NIM, 0.0, 7351, 
7352, Attribute, AMW, 1.0, 7351, 
7352, Attribute, CBO, 1.0, 7351, 
7352, Attribute, CFNAMM, 0.0, 7351, 
7352, Attribute, NOAM, 0.0, 7351, 
7352, Attribute, DIT, 1.0, 7351, 
7352, Attribute, NOII, 0.0, 7351, 
7352, Attribute, TCC, 1.0, 7351, 
7352, Attribute, WOC, 0.285714285714286, 7351, 
7352, Attribute, RFC, 2.0, 7351, 
7352, Attribute, NOC, 9.0, 7351, 
7352, Attribute, NOPA, 5.0, 7351, 
7352, Attribute, FANOUT, 0.0, 7351, 
7352, Attribute, NOCS, 0.0, 7351, 
7352, Attribute, ATFD, 0.0, 7351, 
7355, Constant_Fieldref, NOM, 2.0, 7351, 
7355, Constant_Fieldref, NOMNAMM, 2.0, 7351, 
7355, Constant_Fieldref, LOC, 14.0, 7351, 
7355, Constant_Fieldref, NOA, 2.0, 7351, 
7355, Constant_Fieldref, WMCNAMM, 2.0, 7351, 
7355, Constant_Fieldref, WMC, 2.0, 7351, 
7355, Constant_Fieldref, LCOM5, 1.0, 7351, 
7355, Constant_Fieldref, LOCNAMM, 14.0, 7351, 
7355, Constant_Fieldref, AMWNAMM, 1.0, 7351, 
7355, Constant_Fieldref, NMO, 1.0, 7351, 
7355, Constant_Fieldref, NIM, 0.0, 7351, 
7355, Constant_Fieldref, AMW, 1.0, 7351, 
7355, Constant_Fieldref, CBO, 2.0, 7351, 
7355, Constant_Fieldref, CFNAMM, 5.0, 7351, 
7355, Constant_Fieldref, NOAM, 0.0, 7351, 
7355, Constant_Fieldref, DIT, 2.0, 7351, 
7355, Constant_Fieldref, NOII, 0.0, 7351, 
7355, Constant_Fieldref, TCC, 1.0, 7351, 
7355, Constant_Fieldref, WOC, 0.5, 7351, 
7355, Constant_Fieldref, RFC, 3.0, 7351, 
7355, Constant_Fieldref, NOC, 0.0, 7351, 
7355, Constant_Fieldref, NOPA, 2.0, 7351, 
7355, Constant_Fieldref, FANOUT, 0.0, 7351, 
7355, Constant_Fieldref, NOCS, 0.0, 7351, 
7355, Constant_Fieldref, ATFD, 0.0, 7351, 
7358, Constant_NameAndType, NOM, 2.0, 7351, 
7358, Constant_NameAndType, NOMNAMM, 2.0, 7351, 
7358, Constant_NameAndType, LOC, 12.0, 7351, 
7358, Constant_NameAndType, NOA, 2.0, 7351, 
7358, Constant_NameAndType, WMCNAMM, 2.0, 7351, 
7358, Constant_NameAndType, WMC, 2.0, 7351, 
7358, Constant_NameAndType, LCOM5, 1.0, 7351, 
7358, Constant_NameAndType, LOCNAMM, 12.0, 7351, 
7358, Constant_NameAndType, AMWNAMM, 1.0, 7351, 
7358, Constant_NameAndType, NMO, 1.0, 7351, 
7358, Constant_NameAndType, NIM, 0.0, 7351, 
7358, Constant_NameAndType, AMW, 1.0, 7351, 
7358, Constant_NameAndType, CBO, 2.0, 7351, 
7358, Constant_NameAndType, CFNAMM, 5.0, 7351, 
7358, Constant_NameAndType, NOAM, 0.0, 7351, 
7358, Constant_NameAndType, DIT, 2.0, 7351, 
7358, Constant_NameAndType, NOII, 0.0, 7351, 
7358, Constant_NameAndType, TCC, 1.0, 7351, 
7358, Constant_NameAndType, WOC, 0.5, 7351, 
7358, Constant_NameAndType, RFC, 3.0, 7351, 
7358, Constant_NameAndType, NOC, 0.0, 7351, 
7358, Constant_NameAndType, NOPA, 2.0, 7351, 
7358, Constant_NameAndType, FANOUT, 0.0, 7351, 
7358, Constant_NameAndType, NOCS, 0.0, 7351, 
7358, Constant_NameAndType, ATFD, 0.0, 7351, 
7361, Constant_Float, NOM, 2.0, 7351, 
7361, Constant_Float, NOMNAMM, 2.0, 7351, 
7361, Constant_Float, LOC, 11.0, 7351, 
7361, Constant_Float, NOA, 1.0, 7351, 
7361, Constant_Float, WMCNAMM, 2.0, 7351, 
7361, Constant_Float, WMC, 2.0, 7351, 
7361, Constant_Float, LCOM5, 1.0, 7351, 
7361, Constant_Float, LOCNAMM, 11.0, 7351, 
7361, Constant_Float, AMWNAMM, 1.0, 7351, 
7361, Constant_Float, NMO, 1.0, 7351, 
7361, Constant_Float, NIM, 0.0, 7351, 
7361, Constant_Float, AMW, 1.0, 7351, 
7361, Constant_Float, CBO, 2.0, 7351, 
7361, Constant_Float, CFNAMM, 5.0, 7351, 
7361, Constant_Float, NOAM, 0.0, 7351, 
7361, Constant_Float, DIT, 2.0, 7351, 
7361, Constant_Float, NOII, 0.0, 7351, 
7361, Constant_Float, TCC, 1.0, 7351, 
7361, Constant_Float, WOC, 0.666666666666667, 7351, 
7361, Constant_Float, RFC, 3.0, 7351, 
7361, Constant_Float, NOC, 0.0, 7351, 
7361, Constant_Float, NOPA, 1.0, 7351, 
7361, Constant_Float, FANOUT, 0.0, 7351, 
7361, Constant_Float, NOCS, 0.0, 7351, 
7361, Constant_Float, ATFD, 0.0, 7351, 
7364, Constant_InterfaceMethodref, NOM, 2.0, 7351, 
7364, Constant_InterfaceMethodref, NOMNAMM, 2.0, 7351, 
7364, Constant_InterfaceMethodref, LOC, 14.0, 7351, 
7364, Constant_InterfaceMethodref, NOA, 2.0, 7351, 
7364, Constant_InterfaceMethodref, WMCNAMM, 2.0, 7351, 
7364, Constant_InterfaceMethodref, WMC, 2.0, 7351, 
7364, Constant_InterfaceMethodref, LCOM5, 1.0, 7351, 
7364, Constant_InterfaceMethodref, LOCNAMM, 14.0, 7351, 
7364, Constant_InterfaceMethodref, AMWNAMM, 1.0, 7351, 
7364, Constant_InterfaceMethodref, NMO, 1.0, 7351, 
7364, Constant_InterfaceMethodref, NIM, 0.0, 7351, 
7364, Constant_InterfaceMethodref, AMW, 1.0, 7351, 
7364, Constant_InterfaceMethodref, CBO, 2.0, 7351, 
7364, Constant_InterfaceMethodref, CFNAMM, 5.0, 7351, 
7364, Constant_InterfaceMethodref, NOAM, 0.0, 7351, 
7364, Constant_InterfaceMethodref, DIT, 2.0, 7351, 
7364, Constant_InterfaceMethodref, NOII, 0.0, 7351, 
7364, Constant_InterfaceMethodref, TCC, 1.0, 7351, 
7364, Constant_InterfaceMethodref, WOC, 0.5, 7351, 
7364, Constant_InterfaceMethodref, RFC, 3.0, 7351, 
7364, Constant_InterfaceMethodref, NOC, 0.0, 7351, 
7364, Constant_InterfaceMethodref, NOPA, 2.0, 7351, 
7364, Constant_InterfaceMethodref, FANOUT, 0.0, 7351, 
7364, Constant_InterfaceMethodref, NOCS, 0.0, 7351, 
7364, Constant_InterfaceMethodref, ATFD, 0.0, 7351, 
7367, Constant_Long, NOM, 3.0, 7351, 
7367, Constant_Long, NOMNAMM, 2.0, 7351, 
7367, Constant_Long, LOC, 15.0, 7351, 
7367, Constant_Long, NOA, 1.0, 7351, 
7367, Constant_Long, WMCNAMM, 2.0, 7351, 
7367, Constant_Long, WMC, 3.0, 7351, 
7367, Constant_Long, LCOM5, 0.5, 7351, 
7367, Constant_Long, LOCNAMM, 10.0, 7351, 
7367, Constant_Long, AMWNAMM, 1.0, 7351, 
7367, Constant_Long, NMO, 1.0, 7351, 
7367, Constant_Long, NIM, 0.0, 7351, 
7367, Constant_Long, AMW, 1.0, 7351, 
7367, Constant_Long, CBO, 2.0, 7351, 
7367, Constant_Long, CFNAMM, 7.0, 7351, 
7367, Constant_Long, NOAM, 1.0, 7351, 
7367, Constant_Long, DIT, 2.0, 7351, 
7367, Constant_Long, NOII, 0.0, 7351, 
7367, Constant_Long, TCC, 1.0, 7351, 
7367, Constant_Long, WOC, 0.5, 7351, 
7367, Constant_Long, RFC, 4.0, 7351, 
7367, Constant_Long, NOC, 0.0, 7351, 
7367, Constant_Long, NOPA, 1.0, 7351, 
7367, Constant_Long, FANOUT, 0.0, 7351, 
7367, Constant_Long, NOCS, 0.0, 7351, 
7367, Constant_Long, ATFD, 0.0, 7351, 
7371, Constant_Double, NOM, 2.0, 7351, 
7371, Constant_Double, NOMNAMM, 2.0, 7351, 
7371, Constant_Double, LOC, 11.0, 7351, 
7371, Constant_Double, NOA, 1.0, 7351, 
7371, Constant_Double, WMCNAMM, 2.0, 7351, 
7371, Constant_Double, WMC, 2.0, 7351, 
7371, Constant_Double, LCOM5, 1.0, 7351, 
7371, Constant_Double, LOCNAMM, 11.0, 7351, 
7371, Constant_Double, AMWNAMM, 1.0, 7351, 
7371, Constant_Double, NMO, 1.0, 7351, 
7371, Constant_Double, NIM, 0.0, 7351, 
7371, Constant_Double, AMW, 1.0, 7351, 
7371, Constant_Double, CBO, 2.0, 7351, 
7371, Constant_Double, CFNAMM, 5.0, 7351, 
7371, Constant_Double, NOAM, 0.0, 7351, 
7371, Constant_Double, DIT, 2.0, 7351, 
7371, Constant_Double, NOII, 0.0, 7351, 
7371, Constant_Double, TCC, 1.0, 7351, 
7371, Constant_Double, WOC, 0.666666666666667, 7351, 
7371, Constant_Double, RFC, 3.0, 7351, 
7371, Constant_Double, NOC, 0.0, 7351, 
7371, Constant_Double, NOPA, 1.0, 7351, 
7371, Constant_Double, FANOUT, 0.0, 7351, 
7371, Constant_Double, NOCS, 0.0, 7351, 
7371, Constant_Double, ATFD, 0.0, 7351, 
7374, Attribute_ConstantValue, NOM, 1.0, 7351, 
7374, Attribute_ConstantValue, NOMNAMM, 1.0, 7351, 
7374, Attribute_ConstantValue, LOC, 7.0, 7351, 
7374, Attribute_ConstantValue, NOA, 1.0, 7351, 
7374, Attribute_ConstantValue, WMCNAMM, 1.0, 7351, 
7374, Attribute_ConstantValue, WMC, 1.0, 7351, 
7374, Attribute_ConstantValue, LCOM5, 0.0, 7351, 
7374, Attribute_ConstantValue, LOCNAMM, 7.0, 7351, 
7374, Attribute_ConstantValue, AMWNAMM, 1.0, 7351, 
7374, Attribute_ConstantValue, NMO, 0.0, 7351, 
7374, Attribute_ConstantValue, NIM, 0.0, 7351, 
7374, Attribute_ConstantValue, AMW, 1.0, 7351, 
7374, Attribute_ConstantValue, CBO, 2.0, 7351, 
7374, Attribute_ConstantValue, CFNAMM, 3.0, 7351, 
7374, Attribute_ConstantValue, NOAM, 0.0, 7351, 
7374, Attribute_ConstantValue, DIT, 2.0, 7351, 
7374, Attribute_ConstantValue, NOII, 0.0, 7351, 
7374, Attribute_ConstantValue, TCC, 1.0, 7351, 
7374, Attribute_ConstantValue, WOC, 0.5, 7351, 
7374, Attribute_ConstantValue, RFC, 2.0, 7351, 
7374, Attribute_ConstantValue, NOC, 0.0, 7351, 
7374, Attribute_ConstantValue, NOPA, 1.0, 7351, 
7374, Attribute_ConstantValue, FANOUT, 0.0, 7351, 
7374, Attribute_ConstantValue, NOCS, 0.0, 7351, 
7374, Attribute_ConstantValue, ATFD, 0.0, 7351, 
7376, Attribute_Synthetic, NOM, 1.0, 7351, 
7376, Attribute_Synthetic, NOMNAMM, 1.0, 7351, 
7376, Attribute_Synthetic, LOC, 6.0, 7351, 
7376, Attribute_Synthetic, NOA, 0.0, 7351, 
7376, Attribute_Synthetic, WMCNAMM, 1.0, 7351, 
7376, Attribute_Synthetic, WMC, 1.0, 7351, 
7376, Attribute_Synthetic, LCOM5, 0.0, 7351, 
7376, Attribute_Synthetic, LOCNAMM, 6.0, 7351, 
7376, Attribute_Synthetic, AMWNAMM, 1.0, 7351, 
7376, Attribute_Synthetic, NMO, 0.0, 7351, 
7376, Attribute_Synthetic, NIM, 0.0, 7351, 
7376, Attribute_Synthetic, AMW, 1.0, 7351, 
7376, Attribute_Synthetic, CBO, 2.0, 7351, 
7376, Attribute_Synthetic, CFNAMM, 3.0, 7351, 
7376, Attribute_Synthetic, NOAM, 0.0, 7351, 
7376, Attribute_Synthetic, DIT, 2.0, 7351, 
7376, Attribute_Synthetic, NOII, 0.0, 7351, 
7376, Attribute_Synthetic, TCC, 1.0, 7351, 
7376, Attribute_Synthetic, WOC, 1.0, 7351, 
7376, Attribute_Synthetic, RFC, 2.0, 7351, 
7376, Attribute_Synthetic, NOC, 0.0, 7351, 
7376, Attribute_Synthetic, NOPA, 0.0, 7351, 
7376, Attribute_Synthetic, FANOUT, 0.0, 7351, 
7376, Attribute_Synthetic, NOCS, 0.0, 7351, 
7376, Attribute_Synthetic, ATFD, 0.0, 7351, 
7378, Constant_Methodref, NOM, 2.0, 7351, 
7378, Constant_Methodref, NOMNAMM, 2.0, 7351, 
7378, Constant_Methodref, LOC, 14.0, 7351, 
7378, Constant_Methodref, NOA, 2.0, 7351, 
7378, Constant_Methodref, WMCNAMM, 2.0, 7351, 
7378, Constant_Methodref, WMC, 2.0, 7351, 
7378, Constant_Methodref, LCOM5, 1.0, 7351, 
7378, Constant_Methodref, LOCNAMM, 14.0, 7351, 
7378, Constant_Methodref, AMWNAMM, 1.0, 7351, 
7378, Constant_Methodref, NMO, 1.0, 7351, 
7378, Constant_Methodref, NIM, 0.0, 7351, 
7378, Constant_Methodref, AMW, 1.0, 7351, 
7378, Constant_Methodref, CBO, 2.0, 7351, 
7378, Constant_Methodref, CFNAMM, 5.0, 7351, 
7378, Constant_Methodref, NOAM, 0.0, 7351, 
7378, Constant_Methodref, DIT, 2.0, 7351, 
7378, Constant_Methodref, NOII, 0.0, 7351, 
7378, Constant_Methodref, TCC, 1.0, 7351, 
7378, Constant_Methodref, WOC, 0.5, 7351, 
7378, Constant_Methodref, RFC, 3.0, 7351, 
7378, Constant_Methodref, NOC, 0.0, 7351, 
7378, Constant_Methodref, NOPA, 2.0, 7351, 
7378, Constant_Methodref, FANOUT, 0.0, 7351, 
7378, Constant_Methodref, NOCS, 0.0, 7351, 
7378, Constant_Methodref, ATFD, 0.0, 7351, 
7381, Field, NOM, 1.0, 7351, 
7381, Field, NOMNAMM, 1.0, 7351, 
7381, Field, LOC, 21.0, 7351, 
7381, Field, NOA, 5.0, 7351, 
7381, Field, WMCNAMM, 1.0, 7351, 
7381, Field, WMC, 1.0, 7351, 
7381, Field, LCOM5, 0.0, 7351, 
7381, Field, LOCNAMM, 21.0, 7351, 
7381, Field, AMWNAMM, 1.0, 7351, 
7381, Field, NMO, 0.0, 7351, 
7381, Field, NIM, 0.0, 7351, 
7381, Field, AMW, 1.0, 7351, 
7381, Field, CBO, 1.0, 7351, 
7381, Field, CFNAMM, 0.0, 7351, 
7381, Field, NOAM, 0.0, 7351, 
7381, Field, DIT, 1.0, 7351, 
7381, Field, NOII, 0.0, 7351, 
7381, Field, TCC, 1.0, 7351, 
7381, Field, WOC, 0.166666666666667, 7351, 
7381, Field, RFC, 1.0, 7351, 
7381, Field, NOC, 0.0, 7351, 
7381, Field, NOPA, 5.0, 7351, 
7381, Field, FANOUT, 0.0, 7351, 
7381, Field, NOCS, 0.0, 7351, 
7381, Field, ATFD, 0.0, 7351, 
7383, Constants, NOM, 0.0, 7351, 
7383, Constants, NOMNAMM, 0.0, 7351, 
7383, Constants, LOC, 1205.0, 7351, 
7383, Constants, NOA, 301.0, 7351, 
7383, Constants, WMCNAMM, 0.0, 7351, 
7383, Constants, WMC, 0.0, 7351, 
7383, Constants, LCOM5, 0.0, 7351, 
7383, Constants, LOCNAMM, 1205.0, 7351, 
7383, Constants, AMWNAMM, 0.0, 7351, 
7383, Constants, NMO, 0.0, 7351, 
7383, Constants, NIM, 0.0, 7351, 
7383, Constants, AMW, 0.0, 7351, 
7383, Constants, CBO, 0.0, 7351, 
7383, Constants, CFNAMM, 0.0, 7351, 
7383, Constants, NOAM, 0.0, 7351, 
7383, Constants, DIT, 1.0, 7351, 
7383, Constants, NOII, 0.0, 7351, 
7383, Constants, TCC, 1.0, 7351, 
7383, Constants, WOC, 0.0, 7351, 
7383, Constants, RFC, 0.0, 7351, 
7383, Constants, NOC, 0.0, 7351, 
7383, Constants, NOPA, 301.0, 7351, 
7383, Constants, FANOUT, 0.0, 7351, 
7383, Constants, NOCS, 0.0, 7351, 
7383, Constants, ATFD, 0.0, 7351, 
7384, Attribute_Code, NOM, 2.0, 7351, 
7384, Attribute_Code, NOMNAMM, 2.0, 7351, 
7384, Attribute_Code, LOC, 76.0, 7351, 
7384, Attribute_Code, NOA, 8.0, 7351, 
7384, Attribute_Code, WMCNAMM, 2.0, 7351, 
7384, Attribute_Code, WMC, 2.0, 7351, 
7384, Attribute_Code, LCOM5, 2.0, 7351, 
7384, Attribute_Code, LOCNAMM, 76.0, 7351, 
7384, Attribute_Code, AMWNAMM, 1.0, 7351, 
7384, Attribute_Code, NMO, 0.0, 7351, 
7384, Attribute_Code, NIM, 0.0, 7351, 
7384, Attribute_Code, AMW, 1.0, 7351, 
7384, Attribute_Code, CBO, 2.0, 7351, 
7384, Attribute_Code, CFNAMM, 8.0, 7351, 
7384, Attribute_Code, NOAM, 0.0, 7351, 
7384, Attribute_Code, DIT, 2.0, 7351, 
7384, Attribute_Code, NOII, 0.0, 7351, 
7384, Attribute_Code, TCC, 1.0, 7351, 
7384, Attribute_Code, WOC, 0.2, 7351, 
7384, Attribute_Code, RFC, 3.0, 7351, 
7384, Attribute_Code, NOC, 0.0, 7351, 
7384, Attribute_Code, NOPA, 8.0, 7351, 
7384, Attribute_Code, FANOUT, 0.0, 7351, 
7384, Attribute_Code, NOCS, 2.0, 7351, 
7384, Attribute_Code, ATFD, 0.0, 7351, 
7387, Attribute_Code.ExceptionTableItem, NOM, 1.0, 7351, 
7387, Attribute_Code.ExceptionTableItem, NOMNAMM, 1.0, 7351, 
7387, Attribute_Code.ExceptionTableItem, LOC, 16.0, 7351, 
7387, Attribute_Code.ExceptionTableItem, NOA, 4.0, 7351, 
7387, Attribute_Code.ExceptionTableItem, WMCNAMM, 1.0, 7351, 
7387, Attribute_Code.ExceptionTableItem, WMC, 1.0, 7351, 
7387, Attribute_Code.ExceptionTableItem, LCOM5, 0.0, 7351, 
7387, Attribute_Code.ExceptionTableItem, LOCNAMM, 16.0, 7351, 
7387, Attribute_Code.ExceptionTableItem, AMWNAMM, 1.0, 7351, 
7387, Attribute_Code.ExceptionTableItem, NMO, 0.0, 7351, 
7387, Attribute_Code.ExceptionTableItem, NIM, 0.0, 7351, 
7387, Attribute_Code.ExceptionTableItem, AMW, 1.0, 7351, 
7387, Attribute_Code.ExceptionTableItem, CBO, 0.0, 7351, 
7387, Attribute_Code.ExceptionTableItem, CFNAMM, 0.0, 7351, 
7387, Attribute_Code.ExceptionTableItem, NOAM, 0.0, 7351, 
7387, Attribute_Code.ExceptionTableItem, DIT, 1.0, 7351, 
7387, Attribute_Code.ExceptionTableItem, NOII, 0.0, 7351, 
7387, Attribute_Code.ExceptionTableItem, TCC, 1.0, 7351, 
7387, Attribute_Code.ExceptionTableItem, WOC, 0.2, 7351, 
7387, Attribute_Code.ExceptionTableItem, RFC, 1.0, 7351, 
7387, Attribute_Code.ExceptionTableItem, NOC, 0.0, 7351, 
7387, Attribute_Code.ExceptionTableItem, NOPA, 4.0, 7351, 
7387, Attribute_Code.ExceptionTableItem, FANOUT, 0.0, 7351, 
7387, Attribute_Code.ExceptionTableItem, NOCS, 0.0, 7351, 
7387, Attribute_Code.ExceptionTableItem, ATFD, 0.0, 7351, 
7389, Attribute_Code.Opcode, NOM, 2.0, 7351, 
7389, Attribute_Code.Opcode, NOMNAMM, 2.0, 7351, 
7389, Attribute_Code.Opcode, LOC, 22.0, 7351, 
7389, Attribute_Code.Opcode, NOA, 3.0, 7351, 
7389, Attribute_Code.Opcode, WMCNAMM, 2.0, 7351, 
7389, Attribute_Code.Opcode, WMC, 2.0, 7351, 
7389, Attribute_Code.Opcode, LCOM5, 2.0, 7351, 
7389, Attribute_Code.Opcode, LOCNAMM, 22.0, 7351, 
7389, Attribute_Code.Opcode, AMWNAMM, 1.0, 7351, 
7389, Attribute_Code.Opcode, NMO, 0.0, 7351, 
7389, Attribute_Code.Opcode, NIM, 0.0, 7351, 
7389, Attribute_Code.Opcode, AMW, 1.0, 7351, 
7389, Attribute_Code.Opcode, CBO, 0.0, 7351, 
7389, Attribute_Code.Opcode, CFNAMM, 0.0, 7351, 
7389, Attribute_Code.Opcode, NOAM, 0.0, 7351, 
7389, Attribute_Code.Opcode, DIT, 1.0, 7351, 
7389, Attribute_Code.Opcode, NOII, 0.0, 7351, 
7389, Attribute_Code.Opcode, TCC, 1.0, 7351, 
7389, Attribute_Code.Opcode, WOC, 0.4, 7351, 
7389, Attribute_Code.Opcode, RFC, 2.0, 7351, 
7389, Attribute_Code.Opcode, NOC, 1.0, 7351, 
7389, Attribute_Code.Opcode, NOPA, 3.0, 7351, 
7389, Attribute_Code.Opcode, FANOUT, 0.0, 7351, 
7389, Attribute_Code.Opcode, NOCS, 0.0, 7351, 
7389, Attribute_Code.Opcode, ATFD, 0.0, 7351, 
7392, Constant_Class, NOM, 2.0, 7351, 
7392, Constant_Class, NOMNAMM, 2.0, 7351, 
7392, Constant_Class, LOC, 12.0, 7351, 
7392, Constant_Class, NOA, 1.0, 7351, 
7392, Constant_Class, WMCNAMM, 2.0, 7351, 
7392, Constant_Class, WMC, 2.0, 7351, 
7392, Constant_Class, LCOM5, 1.0, 7351, 
7392, Constant_Class, LOCNAMM, 12.0, 7351, 
7392, Constant_Class, AMWNAMM, 1.0, 7351, 
7392, Constant_Class, NMO, 1.0, 7351, 
7392, Constant_Class, NIM, 0.0, 7351, 
7392, Constant_Class, AMW, 1.0, 7351, 
7392, Constant_Class, CBO, 2.0, 7351, 
7392, Constant_Class, CFNAMM, 5.0, 7351, 
7392, Constant_Class, NOAM, 0.0, 7351, 
7392, Constant_Class, DIT, 2.0, 7351, 
7392, Constant_Class, NOII, 0.0, 7351, 
7392, Constant_Class, TCC, 1.0, 7351, 
7392, Constant_Class, WOC, 0.666666666666667, 7351, 
7392, Constant_Class, RFC, 3.0, 7351, 
7392, Constant_Class, NOC, 0.0, 7351, 
7392, Constant_Class, NOPA, 1.0, 7351, 
7392, Constant_Class, FANOUT, 0.0, 7351, 
7392, Constant_Class, NOCS, 0.0, 7351, 
7392, Constant_Class, ATFD, 0.0, 7351, 
7395, Attribute_Deprecated, NOM, 1.0, 7351, 
7395, Attribute_Deprecated, NOMNAMM, 1.0, 7351, 
7395, Attribute_Deprecated, LOC, 5.0, 7351, 
7395, Attribute_Deprecated, NOA, 0.0, 7351, 
7395, Attribute_Deprecated, WMCNAMM, 1.0, 7351, 
7395, Attribute_Deprecated, WMC, 1.0, 7351, 
7395, Attribute_Deprecated, LCOM5, 0.0, 7351, 
7395, Attribute_Deprecated, LOCNAMM, 5.0, 7351, 
7395, Attribute_Deprecated, AMWNAMM, 1.0, 7351, 
7395, Attribute_Deprecated, NMO, 0.0, 7351, 
7395, Attribute_Deprecated, NIM, 0.0, 7351, 
7395, Attribute_Deprecated, AMW, 1.0, 7351, 
7395, Attribute_Deprecated, CBO, 2.0, 7351, 
7395, Attribute_Deprecated, CFNAMM, 3.0, 7351, 
7395, Attribute_Deprecated, NOAM, 0.0, 7351, 
7395, Attribute_Deprecated, DIT, 2.0, 7351, 
7395, Attribute_Deprecated, NOII, 0.0, 7351, 
7395, Attribute_Deprecated, TCC, 1.0, 7351, 
7395, Attribute_Deprecated, WOC, 1.0, 7351, 
7395, Attribute_Deprecated, RFC, 2.0, 7351, 
7395, Attribute_Deprecated, NOC, 0.0, 7351, 
7395, Attribute_Deprecated, NOPA, 0.0, 7351, 
7395, Attribute_Deprecated, FANOUT, 0.0, 7351, 
7395, Attribute_Deprecated, NOCS, 0.0, 7351, 
7395, Attribute_Deprecated, ATFD, 0.0, 7351, 
7397, Constant_String, NOM, 2.0, 7351, 
7397, Constant_String, NOMNAMM, 2.0, 7351, 
7397, Constant_String, LOC, 11.0, 7351, 
7397, Constant_String, NOA, 1.0, 7351, 
7397, Constant_String, WMCNAMM, 2.0, 7351, 
7397, Constant_String, WMC, 2.0, 7351, 
7397, Constant_String, LCOM5, 1.0, 7351, 
7397, Constant_String, LOCNAMM, 11.0, 7351, 
7397, Constant_String, AMWNAMM, 1.0, 7351, 
7397, Constant_String, NMO, 1.0, 7351, 
7397, Constant_String, NIM, 0.0, 7351, 
7397, Constant_String, AMW, 1.0, 7351, 
7397, Constant_String, CBO, 2.0, 7351, 
7397, Constant_String, CFNAMM, 5.0, 7351, 
7397, Constant_String, NOAM, 0.0, 7351, 
7397, Constant_String, DIT, 2.0, 7351, 
7397, Constant_String, NOII, 0.0, 7351, 
7397, Constant_String, TCC, 1.0, 7351, 
7397, Constant_String, WOC, 0.666666666666667, 7351, 
7397, Constant_String, RFC, 3.0, 7351, 
7397, Constant_String, NOC, 0.0, 7351, 
7397, Constant_String, NOPA, 1.0, 7351, 
7397, Constant_String, FANOUT, 0.0, 7351, 
7397, Constant_String, NOCS, 0.0, 7351, 
7397, Constant_String, ATFD, 0.0, 7351, 
7400, JavaClass, NOM, 0.0, 7351, 
7400, JavaClass, NOMNAMM, 0.0, 7351, 
7400, JavaClass, LOC, 34.0, 7351, 
7400, JavaClass, NOA, 16.0, 7351, 
7400, JavaClass, WMCNAMM, 0.0, 7351, 
7400, JavaClass, WMC, 0.0, 7351, 
7400, JavaClass, LCOM5, 0.0, 7351, 
7400, JavaClass, LOCNAMM, 34.0, 7351, 
7400, JavaClass, AMWNAMM, 0.0, 7351, 
7400, JavaClass, NMO, 0.0, 7351, 
7400, JavaClass, NIM, 0.0, 7351, 
7400, JavaClass, AMW, 0.0, 7351, 
7400, JavaClass, CBO, 4.0, 7351, 
7400, JavaClass, CFNAMM, 0.0, 7351, 
7400, JavaClass, NOAM, 0.0, 7351, 
7400, JavaClass, DIT, 1.0, 7351, 
7400, JavaClass, NOII, 0.0, 7351, 
7400, JavaClass, TCC, 1.0, 7351, 
7400, JavaClass, WOC, 0.0, 7351, 
7400, JavaClass, RFC, 0.0, 7351, 
7400, JavaClass, NOC, 0.0, 7351, 
7400, JavaClass, NOPA, 16.0, 7351, 
7400, JavaClass, FANOUT, 0.0, 7351, 
7400, JavaClass, NOCS, 0.0, 7351, 
7400, JavaClass, ATFD, 0.0, 7351, 
7402, Attribute_SourceFile, NOM, 1.0, 7351, 
7402, Attribute_SourceFile, NOMNAMM, 1.0, 7351, 
7402, Attribute_SourceFile, LOC, 9.0, 7351, 
7402, Attribute_SourceFile, NOA, 1.0, 7351, 
7402, Attribute_SourceFile, WMCNAMM, 1.0, 7351, 
7402, Attribute_SourceFile, WMC, 1.0, 7351, 
7402, Attribute_SourceFile, LCOM5, 0.0, 7351, 
7402, Attribute_SourceFile, LOCNAMM, 9.0, 7351, 
7402, Attribute_SourceFile, AMWNAMM, 1.0, 7351, 
7402, Attribute_SourceFile, NMO, 0.0, 7351, 
7402, Attribute_SourceFile, NIM, 0.0, 7351, 
7402, Attribute_SourceFile, AMW, 1.0, 7351, 
7402, Attribute_SourceFile, CBO, 2.0, 7351, 
7402, Attribute_SourceFile, CFNAMM, 3.0, 7351, 
7402, Attribute_SourceFile, NOAM, 0.0, 7351, 
7402, Attribute_SourceFile, DIT, 2.0, 7351, 
7402, Attribute_SourceFile, NOII, 0.0, 7351, 
7402, Attribute_SourceFile, TCC, 1.0, 7351, 
7402, Attribute_SourceFile, WOC, 0.5, 7351, 
7402, Attribute_SourceFile, RFC, 2.0, 7351, 
7402, Attribute_SourceFile, NOC, 0.0, 7351, 
7402, Attribute_SourceFile, NOPA, 1.0, 7351, 
7402, Attribute_SourceFile, FANOUT, 0.0, 7351, 
7402, Attribute_SourceFile, NOCS, 0.0, 7351, 
7402, Attribute_SourceFile, ATFD, 0.0, 7351, 
7404, Method, NOM, 1.0, 7351, 
7404, Method, NOMNAMM, 1.0, 7351, 
7404, Method, LOC, 20.0, 7351, 
7404, Method, NOA, 5.0, 7351, 
7404, Method, WMCNAMM, 1.0, 7351, 
7404, Method, WMC, 1.0, 7351, 
7404, Method, LCOM5, 0.0, 7351, 
7404, Method, LOCNAMM, 20.0, 7351, 
7404, Method, AMWNAMM, 1.0, 7351, 
7404, Method, NMO, 0.0, 7351, 
7404, Method, NIM, 0.0, 7351, 
7404, Method, AMW, 1.0, 7351, 
7404, Method, CBO, 1.0, 7351, 
7404, Method, CFNAMM, 0.0, 7351, 
7404, Method, NOAM, 0.0, 7351, 
7404, Method, DIT, 1.0, 7351, 
7404, Method, NOII, 0.0, 7351, 
7404, Method, TCC, 1.0, 7351, 
7404, Method, WOC, 0.166666666666667, 7351, 
7404, Method, RFC, 1.0, 7351, 
7404, Method, NOC, 0.0, 7351, 
7404, Method, NOPA, 5.0, 7351, 
7404, Method, FANOUT, 0.0, 7351, 
7404, Method, NOCS, 0.0, 7351, 
7404, Method, ATFD, 0.0, 7351, 
7406, Attribute_LocalVariableTable, NOM, 1.0, 7351, 
7406, Attribute_LocalVariableTable, NOMNAMM, 1.0, 7351, 
7406, Attribute_LocalVariableTable, LOC, 32.0, 7351, 
7406, Attribute_LocalVariableTable, NOA, 2.0, 7351, 
7406, Attribute_LocalVariableTable, WMCNAMM, 1.0, 7351, 
7406, Attribute_LocalVariableTable, WMC, 1.0, 7351, 
7406, Attribute_LocalVariableTable, LCOM5, 0.0, 7351, 
7406, Attribute_LocalVariableTable, LOCNAMM, 32.0, 7351, 
7406, Attribute_LocalVariableTable, AMWNAMM, 1.0, 7351, 
7406, Attribute_LocalVariableTable, NMO, 0.0, 7351, 
7406, Attribute_LocalVariableTable, NIM, 0.0, 7351, 
7406, Attribute_LocalVariableTable, AMW, 1.0, 7351, 
7406, Attribute_LocalVariableTable, CBO, 2.0, 7351, 
7406, Attribute_LocalVariableTable, CFNAMM, 3.0, 7351, 
7406, Attribute_LocalVariableTable, NOAM, 0.0, 7351, 
7406, Attribute_LocalVariableTable, DIT, 2.0, 7351, 
7406, Attribute_LocalVariableTable, NOII, 0.0, 7351, 
7406, Attribute_LocalVariableTable, TCC, 1.0, 7351, 
7406, Attribute_LocalVariableTable, WOC, 0.333333333333333, 7351, 
7406, Attribute_LocalVariableTable, RFC, 2.0, 7351, 
7406, Attribute_LocalVariableTable, NOC, 0.0, 7351, 
7406, Attribute_LocalVariableTable, NOPA, 2.0, 7351, 
7406, Attribute_LocalVariableTable, FANOUT, 0.0, 7351, 
7406, Attribute_LocalVariableTable, NOCS, 1.0, 7351, 
7406, Attribute_LocalVariableTable, ATFD, 0.0, 7351, 
7408, Constant_Integer, NOM, 2.0, 7351, 
7408, Constant_Integer, NOMNAMM, 2.0, 7351, 
7408, Constant_Integer, LOC, 12.0, 7351, 
7408, Constant_Integer, NOA, 1.0, 7351, 
7408, Constant_Integer, WMCNAMM, 2.0, 7351, 
7408, Constant_Integer, WMC, 2.0, 7351, 
7408, Constant_Integer, LCOM5, 1.0, 7351, 
7408, Constant_Integer, LOCNAMM, 12.0, 7351, 
7408, Constant_Integer, AMWNAMM, 1.0, 7351, 
7408, Constant_Integer, NMO, 1.0, 7351, 
7408, Constant_Integer, NIM, 0.0, 7351, 
7408, Constant_Integer, AMW, 1.0, 7351, 
7408, Constant_Integer, CBO, 2.0, 7351, 
7408, Constant_Integer, CFNAMM, 5.0, 7351, 
7408, Constant_Integer, NOAM, 0.0, 7351, 
7408, Constant_Integer, DIT, 2.0, 7351, 
7408, Constant_Integer, NOII, 0.0, 7351, 
7408, Constant_Integer, TCC, 1.0, 7351, 
7408, Constant_Integer, WOC, 0.666666666666667, 7351, 
7408, Constant_Integer, RFC, 3.0, 7351, 
7408, Constant_Integer, NOC, 0.0, 7351, 
7408, Constant_Integer, NOPA, 1.0, 7351, 
7408, Constant_Integer, FANOUT, 0.0, 7351, 
7408, Constant_Integer, NOCS, 0.0, 7351, 
7408, Constant_Integer, ATFD, 0.0, 7351, 
7411, Attribute_LocalVariableTable.LocalVariable, NOM, 1.0, 7351, 
7411, Attribute_LocalVariableTable.LocalVariable, NOMNAMM, 1.0, 7351, 
7411, Attribute_LocalVariableTable.LocalVariable, LOC, 19.0, 7351, 
7411, Attribute_LocalVariableTable.LocalVariable, NOA, 5.0, 7351, 
7411, Attribute_LocalVariableTable.LocalVariable, WMCNAMM, 1.0, 7351, 
7411, Attribute_LocalVariableTable.LocalVariable, WMC, 1.0, 7351, 
7411, Attribute_LocalVariableTable.LocalVariable, LCOM5, 0.0, 7351, 
7411, Attribute_LocalVariableTable.LocalVariable, LOCNAMM, 19.0, 7351, 
7411, Attribute_LocalVariableTable.LocalVariable, AMWNAMM, 1.0, 7351, 
7411, Attribute_LocalVariableTable.LocalVariable, NMO, 0.0, 7351, 
7411, Attribute_LocalVariableTable.LocalVariable, NIM, 0.0, 7351, 
7411, Attribute_LocalVariableTable.LocalVariable, AMW, 1.0, 7351, 
7411, Attribute_LocalVariableTable.LocalVariable, CBO, 0.0, 7351, 
7411, Attribute_LocalVariableTable.LocalVariable, CFNAMM, 0.0, 7351, 
7411, Attribute_LocalVariableTable.LocalVariable, NOAM, 0.0, 7351, 
7411, Attribute_LocalVariableTable.LocalVariable, DIT, 1.0, 7351, 
7411, Attribute_LocalVariableTable.LocalVariable, NOII, 0.0, 7351, 
7411, Attribute_LocalVariableTable.LocalVariable, TCC, 1.0, 7351, 
7411, Attribute_LocalVariableTable.LocalVariable, WOC, 0.166666666666667, 7351, 
7411, Attribute_LocalVariableTable.LocalVariable, RFC, 1.0, 7351, 
7411, Attribute_LocalVariableTable.LocalVariable, NOC, 0.0, 7351, 
7411, Attribute_LocalVariableTable.LocalVariable, NOPA, 5.0, 7351, 
7411, Attribute_LocalVariableTable.LocalVariable, FANOUT, 0.0, 7351, 
7411, Attribute_LocalVariableTable.LocalVariable, NOCS, 0.0, 7351, 
7411, Attribute_LocalVariableTable.LocalVariable, ATFD, 0.0, 7351, 
7413, Attribute_LineNumberTable, NOM, 1.0, 7351, 
7413, Attribute_LineNumberTable, NOMNAMM, 1.0, 7351, 
7413, Attribute_LineNumberTable, LOC, 23.0, 7351, 
7413, Attribute_LineNumberTable, NOA, 2.0, 7351, 
7413, Attribute_LineNumberTable, WMCNAMM, 1.0, 7351, 
7413, Attribute_LineNumberTable, WMC, 1.0, 7351, 
7413, Attribute_LineNumberTable, LCOM5, 0.0, 7351, 
7413, Attribute_LineNumberTable, LOCNAMM, 23.0, 7351, 
7413, Attribute_LineNumberTable, AMWNAMM, 1.0, 7351, 
7413, Attribute_LineNumberTable, NMO, 0.0, 7351, 
7413, Attribute_LineNumberTable, NIM, 0.0, 7351, 
7413, Attribute_LineNumberTable, AMW, 1.0, 7351, 
7413, Attribute_LineNumberTable, CBO, 2.0, 7351, 
7413, Attribute_LineNumberTable, CFNAMM, 3.0, 7351, 
7413, Attribute_LineNumberTable, NOAM, 0.0, 7351, 
7413, Attribute_LineNumberTable, DIT, 2.0, 7351, 
7413, Attribute_LineNumberTable, NOII, 0.0, 7351, 
7413, Attribute_LineNumberTable, TCC, 1.0, 7351, 
7413, Attribute_LineNumberTable, WOC, 0.333333333333333, 7351, 
7413, Attribute_LineNumberTable, RFC, 2.0, 7351, 
7413, Attribute_LineNumberTable, NOC, 0.0, 7351, 
7413, Attribute_LineNumberTable, NOPA, 2.0, 7351, 
7413, Attribute_LineNumberTable, FANOUT, 0.0, 7351, 
7413, Attribute_LineNumberTable, NOCS, 1.0, 7351, 
7413, Attribute_LineNumberTable, ATFD, 0.0, 7351, 
7415, ConstantPoolItem, NOM, 1.0, 7351, 
7415, ConstantPoolItem, NOMNAMM, 1.0, 7351, 
7415, ConstantPoolItem, LOC, 8.0, 7351, 
7415, ConstantPoolItem, NOA, 2.0, 7351, 
7415, ConstantPoolItem, WMCNAMM, 1.0, 7351, 
7415, ConstantPoolItem, WMC, 1.0, 7351, 
7415, ConstantPoolItem, LCOM5, 0.0, 7351, 
7415, ConstantPoolItem, LOCNAMM, 8.0, 7351, 
7415, ConstantPoolItem, AMWNAMM, 1.0, 7351, 
7415, ConstantPoolItem, NMO, 0.0, 7351, 
7415, ConstantPoolItem, NIM, 0.0, 7351, 
7415, ConstantPoolItem, AMW, 1.0, 7351, 
7415, ConstantPoolItem, CBO, 1.0, 7351, 
7415, ConstantPoolItem, CFNAMM, 0.0, 7351, 
7415, ConstantPoolItem, NOAM, 0.0, 7351, 
7415, ConstantPoolItem, DIT, 1.0, 7351, 
7415, ConstantPoolItem, NOII, 0.0, 7351, 
7415, ConstantPoolItem, TCC, 1.0, 7351, 
7415, ConstantPoolItem, WOC, 0.333333333333333, 7351, 
7415, ConstantPoolItem, RFC, 1.0, 7351, 
7415, ConstantPoolItem, NOC, 11.0, 7351, 
7415, ConstantPoolItem, NOPA, 2.0, 7351, 
7415, ConstantPoolItem, FANOUT, 0.0, 7351, 
7415, ConstantPoolItem, NOCS, 0.0, 7351, 
7415, ConstantPoolItem, ATFD, 0.0, 7351, 
7417, Constant_Utf8, NOM, 2.0, 7351, 
7417, Constant_Utf8, NOMNAMM, 2.0, 7351, 
7417, Constant_Utf8, LOC, 12.0, 7351, 
7417, Constant_Utf8, NOA, 1.0, 7351, 
7417, Constant_Utf8, WMCNAMM, 2.0, 7351, 
7417, Constant_Utf8, WMC, 2.0, 7351, 
7417, Constant_Utf8, LCOM5, 1.0, 7351, 
7417, Constant_Utf8, LOCNAMM, 12.0, 7351, 
7417, Constant_Utf8, AMWNAMM, 1.0, 7351, 
7417, Constant_Utf8, NMO, 1.0, 7351, 
7417, Constant_Utf8, NIM, 0.0, 7351, 
7417, Constant_Utf8, AMW, 1.0, 7351, 
7417, Constant_Utf8, CBO, 2.0, 7351, 
7417, Constant_Utf8, CFNAMM, 5.0, 7351, 
7417, Constant_Utf8, NOAM, 0.0, 7351, 
7417, Constant_Utf8, DIT, 2.0, 7351, 
7417, Constant_Utf8, NOII, 0.0, 7351, 
7417, Constant_Utf8, TCC, 1.0, 7351, 
7417, Constant_Utf8, WOC, 0.666666666666667, 7351, 
7417, Constant_Utf8, RFC, 3.0, 7351, 
7417, Constant_Utf8, NOC, 0.0, 7351, 
7417, Constant_Utf8, NOPA, 1.0, 7351, 
7417, Constant_Utf8, FANOUT, 0.0, 7351, 
7417, Constant_Utf8, NOCS, 0.0, 7351, 
7417, Constant_Utf8, ATFD, 0.0, 7351, 
7420, Attribute_InnerClasses, NOM, 1.0, 7351, 
7420, Attribute_InnerClasses, NOMNAMM, 1.0, 7351, 
7420, Attribute_InnerClasses, LOC, 29.0, 7351, 
7420, Attribute_InnerClasses, NOA, 2.0, 7351, 
7420, Attribute_InnerClasses, WMCNAMM, 1.0, 7351, 
7420, Attribute_InnerClasses, WMC, 1.0, 7351, 
7420, Attribute_InnerClasses, LCOM5, 0.0, 7351, 
7420, Attribute_InnerClasses, LOCNAMM, 29.0, 7351, 
7420, Attribute_InnerClasses, AMWNAMM, 1.0, 7351, 
7420, Attribute_InnerClasses, NMO, 0.0, 7351, 
7420, Attribute_InnerClasses, NIM, 0.0, 7351, 
7420, Attribute_InnerClasses, AMW, 1.0, 7351, 
7420, Attribute_InnerClasses, CBO, 2.0, 7351, 
7420, Attribute_InnerClasses, CFNAMM, 3.0, 7351, 
7420, Attribute_InnerClasses, NOAM, 0.0, 7351, 
7420, Attribute_InnerClasses, DIT, 2.0, 7351, 
7420, Attribute_InnerClasses, NOII, 0.0, 7351, 
7420, Attribute_InnerClasses, TCC, 1.0, 7351, 
7420, Attribute_InnerClasses, WOC, 0.333333333333333, 7351, 
7420, Attribute_InnerClasses, RFC, 2.0, 7351, 
7420, Attribute_InnerClasses, NOC, 0.0, 7351, 
7420, Attribute_InnerClasses, NOPA, 2.0, 7351, 
7420, Attribute_InnerClasses, FANOUT, 0.0, 7351, 
7420, Attribute_InnerClasses, NOCS, 1.0, 7351, 
7420, Attribute_InnerClasses, ATFD, 0.0, 7351, 
7422, Attribute_InnerClasses.InnerClass, NOM, 1.0, 7351, 
7422, Attribute_InnerClasses.InnerClass, NOMNAMM, 1.0, 7351, 
7422, Attribute_InnerClasses.InnerClass, LOC, 16.0, 7351, 
7422, Attribute_InnerClasses.InnerClass, NOA, 4.0, 7351, 
7422, Attribute_InnerClasses.InnerClass, WMCNAMM, 1.0, 7351, 
7422, Attribute_InnerClasses.InnerClass, WMC, 1.0, 7351, 
7422, Attribute_InnerClasses.InnerClass, LCOM5, 0.0, 7351, 
7422, Attribute_InnerClasses.InnerClass, LOCNAMM, 16.0, 7351, 
7422, Attribute_InnerClasses.InnerClass, AMWNAMM, 1.0, 7351, 
7422, Attribute_InnerClasses.InnerClass, NMO, 0.0, 7351, 
7422, Attribute_InnerClasses.InnerClass, NIM, 0.0, 7351, 
7422, Attribute_InnerClasses.InnerClass, AMW, 1.0, 7351, 
7422, Attribute_InnerClasses.InnerClass, CBO, 0.0, 7351, 
7422, Attribute_InnerClasses.InnerClass, CFNAMM, 0.0, 7351, 
7422, Attribute_InnerClasses.InnerClass, NOAM, 0.0, 7351, 
7422, Attribute_InnerClasses.InnerClass, DIT, 1.0, 7351, 
7422, Attribute_InnerClasses.InnerClass, NOII, 0.0, 7351, 
7422, Attribute_InnerClasses.InnerClass, TCC, 1.0, 7351, 
7422, Attribute_InnerClasses.InnerClass, WOC, 0.2, 7351, 
7422, Attribute_InnerClasses.InnerClass, RFC, 1.0, 7351, 
7422, Attribute_InnerClasses.InnerClass, NOC, 0.0, 7351, 
7422, Attribute_InnerClasses.InnerClass, NOPA, 4.0, 7351, 
7422, Attribute_InnerClasses.InnerClass, FANOUT, 0.0, 7351, 
7422, Attribute_InnerClasses.InnerClass, NOCS, 0.0, 7351, 
7422, Attribute_InnerClasses.InnerClass, ATFD, 0.0, 7351, 
7424, ConstantPool, NOM, 4.0, 7351, 
7424, ConstantPool, NOMNAMM, 3.0, 7351, 
7424, ConstantPool, LOC, 34.0, 7351, 
7424, ConstantPool, NOA, 1.0, 7351, 
7424, ConstantPool, WMCNAMM, 7.0, 7351, 
7424, ConstantPool, WMC, 8.0, 7351, 
7424, ConstantPool, LCOM5, 0.333333333333333, 7351, 
7424, ConstantPool, LOCNAMM, 29.0, 7351, 
7424, ConstantPool, AMWNAMM, 2.33333333333333, 7351, 
7424, ConstantPool, NMO, 1.0, 7351, 
7424, ConstantPool, NIM, 0.0, 7351, 
7424, ConstantPool, AMW, 2.0, 7351, 
7424, ConstantPool, CBO, 3.0, 7351, 
7424, ConstantPool, CFNAMM, 0.0, 7351, 
7424, ConstantPool, NOAM, 1.0, 7351, 
7424, ConstantPool, DIT, 1.0, 7351, 
7424, ConstantPool, NOII, 0.0, 7351, 
7424, ConstantPool, TCC, 1.0, 7351, 
7424, ConstantPool, WOC, 0.75, 7351, 
7424, ConstantPool, RFC, 4.0, 7351, 
7424, ConstantPool, NOC, 0.0, 7351, 
7424, ConstantPool, NOPA, 0.0, 7351, 
7424, ConstantPool, FANOUT, 0.0, 7351, 
7424, ConstantPool, NOCS, 0.0, 7351, 
7424, ConstantPool, ATFD, 0.0, 7351, 
7429, Attribute_LineNumberTable.LineNumber, NOM, 1.0, 7351, 
7429, Attribute_LineNumberTable.LineNumber, NOMNAMM, 1.0, 7351, 
7429, Attribute_LineNumberTable.LineNumber, LOC, 9.0, 7351, 
7429, Attribute_LineNumberTable.LineNumber, NOA, 2.0, 7351, 
7429, Attribute_LineNumberTable.LineNumber, WMCNAMM, 1.0, 7351, 
7429, Attribute_LineNumberTable.LineNumber, WMC, 1.0, 7351, 
7429, Attribute_LineNumberTable.LineNumber, LCOM5, 0.0, 7351, 
7429, Attribute_LineNumberTable.LineNumber, LOCNAMM, 9.0, 7351, 
7429, Attribute_LineNumberTable.LineNumber, AMWNAMM, 1.0, 7351, 
7429, Attribute_LineNumberTable.LineNumber, NMO, 0.0, 7351, 
7429, Attribute_LineNumberTable.LineNumber, NIM, 0.0, 7351, 
7429, Attribute_LineNumberTable.LineNumber, AMW, 1.0, 7351, 
7429, Attribute_LineNumberTable.LineNumber, CBO, 0.0, 7351, 
7429, Attribute_LineNumberTable.LineNumber, CFNAMM, 0.0, 7351, 
7429, Attribute_LineNumberTable.LineNumber, NOAM, 0.0, 7351, 
7429, Attribute_LineNumberTable.LineNumber, DIT, 1.0, 7351, 
7429, Attribute_LineNumberTable.LineNumber, NOII, 0.0, 7351, 
7429, Attribute_LineNumberTable.LineNumber, TCC, 1.0, 7351, 
7429, Attribute_LineNumberTable.LineNumber, WOC, 0.333333333333333, 7351, 
7429, Attribute_LineNumberTable.LineNumber, RFC, 1.0, 7351, 
7429, Attribute_LineNumberTable.LineNumber, NOC, 0.0, 7351, 
7429, Attribute_LineNumberTable.LineNumber, NOPA, 2.0, 7351, 
7429, Attribute_LineNumberTable.LineNumber, FANOUT, 0.0, 7351, 
7429, Attribute_LineNumberTable.LineNumber, NOCS, 0.0, 7351, 
7429, Attribute_LineNumberTable.LineNumber, ATFD, 0.0, 7351, 
7431, Attribute_Exceptions, NOM, 1.0, 7351, 
7431, Attribute_Exceptions, NOMNAMM, 1.0, 7351, 
7431, Attribute_Exceptions, LOC, 11.0, 7351, 
7431, Attribute_Exceptions, NOA, 2.0, 7351, 
7431, Attribute_Exceptions, WMCNAMM, 1.0, 7351, 
7431, Attribute_Exceptions, WMC, 1.0, 7351, 
7431, Attribute_Exceptions, LCOM5, 0.0, 7351, 
7431, Attribute_Exceptions, LOCNAMM, 11.0, 7351, 
7431, Attribute_Exceptions, AMWNAMM, 1.0, 7351, 
7431, Attribute_Exceptions, NMO, 0.0, 7351, 
7431, Attribute_Exceptions, NIM, 0.0, 7351, 
7431, Attribute_Exceptions, AMW, 1.0, 7351, 
7431, Attribute_Exceptions, CBO, 2.0, 7351, 
7431, Attribute_Exceptions, CFNAMM, 3.0, 7351, 
7431, Attribute_Exceptions, NOAM, 0.0, 7351, 
7431, Attribute_Exceptions, DIT, 2.0, 7351, 
7431, Attribute_Exceptions, NOII, 0.0, 7351, 
7431, Attribute_Exceptions, TCC, 1.0, 7351, 
7431, Attribute_Exceptions, WOC, 0.333333333333333, 7351, 
7431, Attribute_Exceptions, RFC, 2.0, 7351, 
7431, Attribute_Exceptions, NOC, 0.0, 7351, 
7431, Attribute_Exceptions, NOPA, 2.0, 7351, 
7431, Attribute_Exceptions, FANOUT, 0.0, 7351, 
7431, Attribute_Exceptions, NOCS, 0.0, 7351, 
7431, Attribute_Exceptions, ATFD, 0.0, 7351, 
7434, OpcodeHelper, NOM, 2.0, 7433, 
7434, OpcodeHelper, NOMNAMM, 2.0, 7433, 
7434, OpcodeHelper, LOC, 43.0, 7433, 
7434, OpcodeHelper, NOA, 2.0, 7433, 
7434, OpcodeHelper, WMCNAMM, 3.0, 7433, 
7434, OpcodeHelper, WMC, 3.0, 7433, 
7434, OpcodeHelper, LCOM5, 0.5, 7433, 
7434, OpcodeHelper, LOCNAMM, 43.0, 7433, 
7434, OpcodeHelper, AMWNAMM, 1.5, 7433, 
7434, OpcodeHelper, NMO, 0.0, 7433, 
7434, OpcodeHelper, NIM, 0.0, 7433, 
7434, OpcodeHelper, AMW, 1.5, 7433, 
7434, OpcodeHelper, CBO, 2.0, 7433, 
7434, OpcodeHelper, CFNAMM, 4.0, 7433, 
7434, OpcodeHelper, NOAM, 0.0, 7433, 
7434, OpcodeHelper, DIT, 1.0, 7433, 
7434, OpcodeHelper, NOII, 0.0, 7433, 
7434, OpcodeHelper, TCC, 1.0, 7433, 
7434, OpcodeHelper, WOC, 0.5, 7433, 
7434, OpcodeHelper, RFC, 4.0, 7433, 
7434, OpcodeHelper, NOC, 0.0, 7433, 
7434, OpcodeHelper, NOPA, 2.0, 7433, 
7434, OpcodeHelper, FANOUT, 1.0, 7433, 
7434, OpcodeHelper, NOCS, 0.0, 7433, 
7434, OpcodeHelper, ATFD, 2.0, 7433, 
7437, OpcodeLoader, NOM, 5.0, 7433, 
7437, OpcodeLoader, NOMNAMM, 5.0, 7433, 
7437, OpcodeLoader, LOC, 174.0, 7433, 
7437, OpcodeLoader, NOA, 1.0, 7433, 
7437, OpcodeLoader, WMCNAMM, 45.0, 7433, 
7437, OpcodeLoader, WMC, 45.0, 7433, 
7437, OpcodeLoader, LCOM5, 0.75, 7433, 
7437, OpcodeLoader, LOCNAMM, 174.0, 7433, 
7437, OpcodeLoader, AMWNAMM, 9.0, 7433, 
7437, OpcodeLoader, NMO, 0.0, 7433, 
7437, OpcodeLoader, NIM, 0.0, 7433, 
7437, OpcodeLoader, AMW, 9.0, 7433, 
7437, OpcodeLoader, CBO, 1.0, 7433, 
7437, OpcodeLoader, CFNAMM, 10.0, 7433, 
7437, OpcodeLoader, NOAM, 0.0, 7433, 
7437, OpcodeLoader, DIT, 1.0, 7433, 
7437, OpcodeLoader, NOII, 0.0, 7433, 
7437, OpcodeLoader, TCC, 0.1, 7433, 
7437, OpcodeLoader, WOC, 1.0, 7433, 
7437, OpcodeLoader, RFC, 6.0, 7433, 
7437, OpcodeLoader, NOC, 0.0, 7433, 
7437, OpcodeLoader, NOPA, 0.0, 7433, 
7437, OpcodeLoader, FANOUT, 1.0, 7433, 
7437, OpcodeLoader, NOCS, 0.0, 7433, 
7437, OpcodeLoader, ATFD, 14.0, 7433, 
7444, OpcodeInfo, NOM, 0.0, 7433, 
7444, OpcodeInfo, NOMNAMM, 0.0, 7433, 
7444, OpcodeInfo, LOC, 30.0, 7433, 
7444, OpcodeInfo, NOA, 14.0, 7433, 
7444, OpcodeInfo, WMCNAMM, 0.0, 7433, 
7444, OpcodeInfo, WMC, 0.0, 7433, 
7444, OpcodeInfo, LCOM5, 0.0, 7433, 
7444, OpcodeInfo, LOCNAMM, 30.0, 7433, 
7444, OpcodeInfo, AMWNAMM, 0.0, 7433, 
7444, OpcodeInfo, NMO, 0.0, 7433, 
7444, OpcodeInfo, NIM, 0.0, 7433, 
7444, OpcodeInfo, AMW, 0.0, 7433, 
7444, OpcodeInfo, CBO, 0.0, 7433, 
7444, OpcodeInfo, CFNAMM, 0.0, 7433, 
7444, OpcodeInfo, NOAM, 0.0, 7433, 
7444, OpcodeInfo, DIT, 1.0, 7433, 
7444, OpcodeInfo, NOII, 0.0, 7433, 
7444, OpcodeInfo, TCC, 1.0, 7433, 
7444, OpcodeInfo, WOC, 0.0, 7433, 
7444, OpcodeInfo, RFC, 0.0, 7433, 
7444, OpcodeInfo, NOC, 0.0, 7433, 
7444, OpcodeInfo, NOPA, 14.0, 7433, 
7444, OpcodeInfo, FANOUT, 0.0, 7433, 
7444, OpcodeInfo, NOCS, 0.0, 7433, 
7444, OpcodeInfo, ATFD, 0.0, 7433, 
7446, Util, NOM, 24.0, 7433, 
7446, Util, NOMNAMM, 24.0, 7433, 
7446, Util, LOC, 669.0, 7433, 
7446, Util, NOA, 2.0, 7433, 
7446, Util, WMCNAMM, 251.0, 7433, 
7446, Util, WMC, 251.0, 7433, 
7446, Util, LCOM5, 1.0, 7433, 
7446, Util, LOCNAMM, 669.0, 7433, 
7446, Util, AMWNAMM, 10.4583333333333, 7433, 
7446, Util, NMO, 0.0, 7433, 
7446, Util, NIM, 0.0, 7433, 
7446, Util, AMW, 10.4583333333333, 7433, 
7446, Util, CBO, 1.0, 7433, 
7446, Util, CFNAMM, 0.0, 7433, 
7446, Util, NOAM, 0.0, 7433, 
7446, Util, DIT, 1.0, 7433, 
7446, Util, NOII, 0.0, 7433, 
7446, Util, TCC, 0.0, 7433, 
7446, Util, WOC, 0.923076923076923, 7433, 
7446, Util, RFC, 24.0, 7433, 
7446, Util, NOC, 0.0, 7433, 
7446, Util, NOPA, 2.0, 7433, 
7446, Util, FANOUT, 0.0, 7433, 
7446, Util, NOCS, 0.0, 7433, 
7446, Util, ATFD, 22.0, 7433, 
7471, IntegerArray, NOM, 3.0, 7433, 
7471, IntegerArray, NOMNAMM, 2.0, 7433, 
7471, IntegerArray, LOC, 27.0, 7433, 
7471, IntegerArray, NOA, 4.0, 7433, 
7471, IntegerArray, WMCNAMM, 3.0, 7433, 
7471, IntegerArray, WMC, 4.0, 7433, 
7471, IntegerArray, LCOM5, 0.75, 7433, 
7471, IntegerArray, LOCNAMM, 20.0, 7433, 
7471, IntegerArray, AMWNAMM, 1.5, 7433, 
7471, IntegerArray, NMO, 0.0, 7433, 
7471, IntegerArray, NIM, 0.0, 7433, 
7471, IntegerArray, AMW, 1.33333333333333, 7433, 
7471, IntegerArray, CBO, 0.0, 7433, 
7471, IntegerArray, CFNAMM, 0.0, 7433, 
7471, IntegerArray, NOAM, 1.0, 7433, 
7471, IntegerArray, DIT, 1.0, 7433, 
7471, IntegerArray, NOII, 0.0, 7433, 
7471, IntegerArray, TCC, 1.0, 7433, 
7471, IntegerArray, WOC, 0.666666666666667, 7433, 
7471, IntegerArray, RFC, 3.0, 7433, 
7471, IntegerArray, NOC, 0.0, 7433, 
7471, IntegerArray, NOPA, 0.0, 7433, 
7471, IntegerArray, FANOUT, 0.0, 7433, 
7471, IntegerArray, NOCS, 0.0, 7433, 
7471, IntegerArray, ATFD, 0.0, 7433, 
7476, SourceCodeBuilder, NOM, 31.0, 7475, 
7476, SourceCodeBuilder, NOMNAMM, 31.0, 7475, 
7476, SourceCodeBuilder, LOC, 828.0, 7475, 
7476, SourceCodeBuilder, NOA, 2.0, 7475, 
7476, SourceCodeBuilder, WMCNAMM, 213.0, 7475, 
7476, SourceCodeBuilder, WMC, 213.0, 7475, 
7476, SourceCodeBuilder, LCOM5, 0.666666666666667, 7475, 
7476, SourceCodeBuilder, LOCNAMM, 828.0, 7475, 
7476, SourceCodeBuilder, AMWNAMM, 6.87096774193548, 7475, 
7476, SourceCodeBuilder, NMO, 0.0, 7475, 
7476, SourceCodeBuilder, NIM, 0.0, 7475, 
7476, SourceCodeBuilder, AMW, 6.87096774193548, 7475, 
7476, SourceCodeBuilder, CBO, 36.0, 7475, 
7476, SourceCodeBuilder, CFNAMM, 1106.0, 7475, 
7476, SourceCodeBuilder, NOAM, 0.0, 7475, 
7476, SourceCodeBuilder, DIT, 1.0, 7475, 
7476, SourceCodeBuilder, NOII, 0.0, 7475, 
7476, SourceCodeBuilder, TCC, 0.0, 7475, 
7476, SourceCodeBuilder, WOC, 1.0, 7475, 
7476, SourceCodeBuilder, RFC, 44.0, 7475, 
7476, SourceCodeBuilder, NOC, 0.0, 7475, 
7476, SourceCodeBuilder, NOPA, 0.0, 7475, 
7476, SourceCodeBuilder, FANOUT, 4.0, 7475, 
7476, SourceCodeBuilder, NOCS, 0.0, 7475, 
7476, SourceCodeBuilder, ATFD, 173.0, 7475, 
7508, JavaClassParser, NOM, 21.0, 7475, 
7508, JavaClassParser, NOMNAMM, 21.0, 7475, 
7508, JavaClassParser, LOC, 569.0, 7475, 
7508, JavaClassParser, NOA, 17.0, 7475, 
7508, JavaClassParser, WMCNAMM, 91.0, 7475, 
7508, JavaClassParser, WMC, 91.0, 7475, 
7508, JavaClassParser, LCOM5, 0.911764705882353, 7475, 
7508, JavaClassParser, LOCNAMM, 569.0, 7475, 
7508, JavaClassParser, AMWNAMM, 4.33333333333333, 7475, 
7508, JavaClassParser, NMO, 0.0, 7475, 
7508, JavaClassParser, NIM, 0.0, 7475, 
7508, JavaClassParser, AMW, 4.33333333333333, 7475, 
7508, JavaClassParser, CBO, 35.0, 7475, 
7508, JavaClassParser, CFNAMM, 764.0, 7475, 
7508, JavaClassParser, NOAM, 0.0, 7475, 
7508, JavaClassParser, DIT, 1.0, 7475, 
7508, JavaClassParser, NOII, 0.0, 7475, 
7508, JavaClassParser, TCC, 1.0, 7475, 
7508, JavaClassParser, WOC, 1.0, 7475, 
7508, JavaClassParser, RFC, 53.0, 7475, 
7508, JavaClassParser, NOC, 0.0, 7475, 
7508, JavaClassParser, NOPA, 0.0, 7475, 
7508, JavaClassParser, FANOUT, 31.0, 7475, 
7508, JavaClassParser, NOCS, 0.0, 7475, 
7508, JavaClassParser, ATFD, 44.0, 7475, 
7531, SourceCodeBuilderConfiguration, NOM, 2.0, 7475, 
7531, SourceCodeBuilderConfiguration, NOMNAMM, 2.0, 7475, 
7531, SourceCodeBuilderConfiguration, LOC, 25.0, 7475, 
7531, SourceCodeBuilderConfiguration, NOA, 7.0, 7475, 
7531, SourceCodeBuilderConfiguration, WMCNAMM, 2.0, 7475, 
7531, SourceCodeBuilderConfiguration, WMC, 2.0, 7475, 
7531, SourceCodeBuilderConfiguration, LCOM5, 2.0, 7475, 
7531, SourceCodeBuilderConfiguration, LOCNAMM, 25.0, 7475, 
7531, SourceCodeBuilderConfiguration, AMWNAMM, 1.0, 7475, 
7531, SourceCodeBuilderConfiguration, NMO, 0.0, 7475, 
7531, SourceCodeBuilderConfiguration, NIM, 0.0, 7475, 
7531, SourceCodeBuilderConfiguration, AMW, 1.0, 7475, 
7531, SourceCodeBuilderConfiguration, CBO, 1.0, 7475, 
7531, SourceCodeBuilderConfiguration, CFNAMM, 2.0, 7475, 
7531, SourceCodeBuilderConfiguration, NOAM, 0.0, 7475, 
7531, SourceCodeBuilderConfiguration, DIT, 1.0, 7475, 
7531, SourceCodeBuilderConfiguration, NOII, 0.0, 7475, 
7531, SourceCodeBuilderConfiguration, TCC, 1.0, 7475, 
7531, SourceCodeBuilderConfiguration, WOC, 1.0, 7475, 
7531, SourceCodeBuilderConfiguration, RFC, 3.0, 7475, 
7531, SourceCodeBuilderConfiguration, NOC, 0.0, 7475, 
7531, SourceCodeBuilderConfiguration, NOPA, 0.0, 7475, 
7531, SourceCodeBuilderConfiguration, FANOUT, 1.0, 7475, 
7531, SourceCodeBuilderConfiguration, NOCS, 0.0, 7475, 
7531, SourceCodeBuilderConfiguration, ATFD, 0.0, 7475, 
7535, jasml, NOM, 8.0, 7534, 
7535, jasml, NOMNAMM, 8.0, 7534, 
7535, jasml, LOC, 204.0, 7534, 
7535, jasml, NOA, 9.0, 7534, 
7535, jasml, WMCNAMM, 49.0, 7534, 
7535, jasml, WMC, 49.0, 7534, 
7535, jasml, LCOM5, 0.857142857142857, 7534, 
7535, jasml, LOCNAMM, 204.0, 7534, 
7535, jasml, AMWNAMM, 6.125, 7534, 
7535, jasml, NMO, 0.0, 7534, 
7535, jasml, NIM, 0.0, 7534, 
7535, jasml, AMW, 6.125, 7534, 
7535, jasml, CBO, 7.0, 7534, 
7535, jasml, CFNAMM, 90.0, 7534, 
7535, jasml, NOAM, 0.0, 7534, 
7535, jasml, DIT, 1.0, 7534, 
7535, jasml, NOII, 0.0, 7534, 
7535, jasml, TCC, 1.0, 7534, 
7535, jasml, WOC, 0.111111111111111, 7534, 
7535, jasml, RFC, 18.0, 7534, 
7535, jasml, NOC, 0.0, 7534, 
7535, jasml, NOPA, 8.0, 7534, 
7535, jasml, FANOUT, 6.0, 7534, 
7535, jasml, NOCS, 0.0, 7534, 
7535, jasml, ATFD, 0.0, 7534, 
