7233, Period, NOMNAMM, 9.0, 7232, 
7233, Period, NOM, 17.0, 7232, 
7233, Period, LOC, 213.0, 7232, 
7233, Period, WMCNAMM, 15.0, 7232, 
7233, Period, WMC, 23.0, 7232, 
7233, Period, NOA, 4.0, 7232, 
7233, Period, CFNAMM, 10.0, 7232, 
7233, Period, FANOUT, 1.0, 7232, 
7233, Period, NOII, 1.0, 7232, 
7233, Period, TCC, 0.218181818181818, 7232, 
7233, Period, CBO, 1.0, 7232, 
7233, Period, LOCNAMM, 137.0, 7232, 
7233, Period, AMWNAMM, 1.66666666666667, 7232, 
7233, Period, DIT, 1.0, 7232, 
7233, Period, RFC, 18.0, 7232, 
7233, Period, NOCS, 0.0, 7232, 
7233, Period, WOC, 0.466666666666667, 7232, 
7233, Period, ATFD, 0.0, 7232, 
7233, Period, AMW, 1.35294117647059, 7232, 
7233, Period, LCOM5, 0.84375, 7232, 
7233, Period, NOAM, 8.0, 7232, 
7233, Period, NOPA, 0.0, 7232, 
7233, Period, NMO, 2.0, 7232, 
7233, Period, NIM, 0.0, 7232, 
7233, Period, NOC, 2.0, 7232, 
7251, StubType, NOMNAMM, 3.0, 7232, 
7251, StubType, NOM, 3.0, 7232, 
7251, StubType, LOC, 62.0, 7232, 
7251, StubType, WMCNAMM, 3.0, 7232, 
7251, StubType, WMC, 3.0, 7232, 
7251, StubType, NOA, 2.0, 7232, 
7251, StubType, CFNAMM, 0.0, 7232, 
7251, StubType, FANOUT, 0.0, 7232, 
7251, StubType, NOII, 0.0, 7232, 
7251, StubType, TCC, 0.0, 7232, 
7251, StubType, CBO, 0.0, 7232, 
7251, StubType, LOCNAMM, 62.0, 7232, 
7251, StubType, AMWNAMM, 1.0, 7232, 
7251, StubType, RFC, 3.0, 7232, 
7251, StubType, NOCS, 0.0, 7232, 
7251, StubType, WOC, 1.0, 7232, 
7251, StubType, ATFD, 0.0, 7232, 
7251, StubType, AMW, 1.0, 7232, 
7251, StubType, LCOM5, 1.0, 7232, 
7251, StubType, NOAM, 0.0, 7232, 
7251, StubType, NOPA, 0.0, 7232, 
7251, StubType, NMO, 0.0, 7232, 
7251, StubType, NIM, 10.0, 7232, 
7251, StubType, NOC, 0.0, 7232, 
7255, ScheduleException, NOMNAMM, 4.0, 7232, 
7255, ScheduleException, NOM, 4.0, 7232, 
7255, ScheduleException, LOC, 41.0, 7232, 
7255, ScheduleException, WMCNAMM, 4.0, 7232, 
7255, ScheduleException, WMC, 4.0, 7232, 
7255, ScheduleException, NOA, 0.0, 7232, 
7255, ScheduleException, CFNAMM, 0.0, 7232, 
7255, ScheduleException, FANOUT, 0.0, 7232, 
7255, ScheduleException, NOII, 0.0, 7232, 
7255, ScheduleException, TCC, 1.0, 7232, 
7255, ScheduleException, CBO, 0.0, 7232, 
7255, ScheduleException, LOCNAMM, 41.0, 7232, 
7255, ScheduleException, AMWNAMM, 1.0, 7232, 
7255, ScheduleException, DIT, 3.0, 7232, 
7255, ScheduleException, RFC, 4.0, 7232, 
7255, ScheduleException, NOCS, 0.0, 7232, 
7255, ScheduleException, WOC, 1.0, 7232, 
7255, ScheduleException, ATFD, 0.0, 7232, 
7255, ScheduleException, AMW, 1.0, 7232, 
7255, ScheduleException, LCOM5, 0.0, 7232, 
7255, ScheduleException, NOAM, 0.0, 7232, 
7255, ScheduleException, NOPA, 0.0, 7232, 
7255, ScheduleException, NMO, 0.0, 7232, 
7255, ScheduleException, NIM, 15.0, 7232, 
7255, ScheduleException, NOC, 0.0, 7232, 
7260, ScheduleGenerator, NOMNAMM, 18.0, 7232, 
7260, ScheduleGenerator, NOM, 18.0, 7232, 
7260, ScheduleGenerator, LOC, 538.0, 7232, 
7260, ScheduleGenerator, WMCNAMM, 45.0, 7232, 
7260, ScheduleGenerator, WMC, 45.0, 7232, 
7260, ScheduleGenerator, NOA, 1.0, 7232, 
7260, ScheduleGenerator, CFNAMM, 104.0, 7232, 
7260, ScheduleGenerator, FANOUT, 5.0, 7232, 
7260, ScheduleGenerator, NOII, 0.0, 7232, 
7260, ScheduleGenerator, TCC, 0.0, 7232, 
7260, ScheduleGenerator, CBO, 6.0, 7232, 
7260, ScheduleGenerator, LOCNAMM, 538.0, 7232, 
7260, ScheduleGenerator, AMWNAMM, 2.5, 7232, 
7260, ScheduleGenerator, DIT, 1.0, 7232, 
7260, ScheduleGenerator, RFC, 31.0, 7232, 
7260, ScheduleGenerator, NOCS, 0.0, 7232, 
7260, ScheduleGenerator, WOC, 1.0, 7232, 
7260, ScheduleGenerator, ATFD, 13.0, 7232, 
7260, ScheduleGenerator, AMW, 2.5, 7232, 
7260, ScheduleGenerator, LCOM5, 1.0, 7232, 
7260, ScheduleGenerator, NOAM, 0.0, 7232, 
7260, ScheduleGenerator, NOPA, 0.0, 7232, 
7260, ScheduleGenerator, NMO, 0.0, 7232, 
7260, ScheduleGenerator, NIM, 0.0, 7232, 
7260, ScheduleGenerator, NOC, 0.0, 7232, 
7279, Tenor, NOMNAMM, 4.0, 7232, 
7279, Tenor, NOM, 8.0, 7232, 
7279, Tenor, LOC, 151.0, 7232, 
7279, Tenor, WMCNAMM, 12.0, 7232, 
7279, Tenor, WMC, 16.0, 7232, 
7279, Tenor, NOA, 8.0, 7232, 
7279, Tenor, CFNAMM, 0.0, 7232, 
7279, Tenor, FANOUT, 0.0, 7232, 
7279, Tenor, NOII, 0.0, 7232, 
7279, Tenor, TCC, 0.6, 7232, 
7279, Tenor, CBO, 0.0, 7232, 
7279, Tenor, LOCNAMM, 113.0, 7232, 
7279, Tenor, AMWNAMM, 3.0, 7232, 
7279, Tenor, DIT, 1.0, 7232, 
7279, Tenor, RFC, 8.0, 7232, 
7279, Tenor, NOCS, 0.0, 7232, 
7279, Tenor, WOC, 0.428571428571429, 7232, 
7279, Tenor, ATFD, 0.0, 7232, 
7279, Tenor, AMW, 2.0, 7232, 
7279, Tenor, LCOM5, 0.928571428571429, 7232, 
7279, Tenor, NOAM, 4.0, 7232, 
7279, Tenor, NOPA, 0.0, 7232, 
7279, Tenor, NMO, 0.0, 7232, 
7279, Tenor, NIM, 0.0, 7232, 
7279, Tenor, NOC, 0.0, 7232, 
7288, BusinessDayConvention, NOMNAMM, 0.0, 7232, 
7288, BusinessDayConvention, NOM, 0.0, 7232, 
7288, BusinessDayConvention, LOC, 34.0, 7232, 
7288, BusinessDayConvention, WMCNAMM, 0.0, 7232, 
7288, BusinessDayConvention, WMC, 0.0, 7232, 
7288, BusinessDayConvention, NOA, 0.0, 7232, 
7288, BusinessDayConvention, CFNAMM, 0.0, 7232, 
7288, BusinessDayConvention, FANOUT, 0.0, 7232, 
7288, BusinessDayConvention, NOII, 0.0, 7232, 
7288, BusinessDayConvention, TCC, 1.0, 7232, 
7288, BusinessDayConvention, CBO, 0.0, 7232, 
7288, BusinessDayConvention, LOCNAMM, 34.0, 7232, 
7288, BusinessDayConvention, AMWNAMM, 0.0, 7232, 
7288, BusinessDayConvention, RFC, 0.0, 7232, 
7288, BusinessDayConvention, NOCS, 0.0, 7232, 
7288, BusinessDayConvention, WOC, 0.0, 7232, 
7288, BusinessDayConvention, ATFD, 0.0, 7232, 
7288, BusinessDayConvention, AMW, 0.0, 7232, 
7288, BusinessDayConvention, LCOM5, 0.0, 7232, 
7288, BusinessDayConvention, NOAM, 0.0, 7232, 
7288, BusinessDayConvention, NOPA, 0.0, 7232, 
7288, BusinessDayConvention, NMO, 0.0, 7232, 
7288, BusinessDayConvention, NIM, 10.0, 7232, 
7288, BusinessDayConvention, NOC, 0.0, 7232, 
7289, Initialisable, NOMNAMM, 1.0, 7232, 
7289, Initialisable, NOM, 1.0, 7232, 
7289, Initialisable, LOC, 4.0, 7232, 
7289, Initialisable, WMCNAMM, 1.0, 7232, 
7289, Initialisable, WMC, 1.0, 7232, 
7289, Initialisable, NOA, 0.0, 7232, 
7289, Initialisable, CFNAMM, 0.0, 7232, 
7289, Initialisable, FANOUT, 0.0, 7232, 
7289, Initialisable, NOII, 0.0, 7232, 
7289, Initialisable, TCC, 1.0, 7232, 
7289, Initialisable, CBO, 0.0, 7232, 
7289, Initialisable, LOCNAMM, 4.0, 7232, 
7289, Initialisable, AMWNAMM, 1.0, 7232, 
7289, Initialisable, RFC, 1.0, 7232, 
7289, Initialisable, NOCS, 0.0, 7232, 
7289, Initialisable, WOC, 0.0, 7232, 
7289, Initialisable, ATFD, 0.0, 7232, 
7289, Initialisable, AMW, 1.0, 7232, 
7289, Initialisable, LCOM5, 0.0, 7232, 
7289, Initialisable, NOAM, 0.0, 7232, 
7289, Initialisable, NOPA, 0.0, 7232, 
7289, Initialisable, NOC, 0.0, 7232, 
7291, TypedScheduleGenerator, NOMNAMM, 15.0, 7232, 
7291, TypedScheduleGenerator, NOM, 17.0, 7232, 
7291, TypedScheduleGenerator, LOC, 203.0, 7232, 
7291, TypedScheduleGenerator, WMCNAMM, 34.0, 7232, 
7291, TypedScheduleGenerator, WMC, 36.0, 7232, 
7291, TypedScheduleGenerator, NOA, 2.0, 7232, 
7291, TypedScheduleGenerator, CFNAMM, 306.0, 7232, 
7291, TypedScheduleGenerator, FANOUT, 7.0, 7232, 
7291, TypedScheduleGenerator, NOII, 0.0, 7232, 
7291, TypedScheduleGenerator, TCC, 0.0, 7232, 
7291, TypedScheduleGenerator, CBO, 7.0, 7232, 
7291, TypedScheduleGenerator, LOCNAMM, 193.0, 7232, 
7291, TypedScheduleGenerator, AMWNAMM, 2.26666666666667, 7232, 
7291, TypedScheduleGenerator, DIT, 1.0, 7232, 
7291, TypedScheduleGenerator, RFC, 31.0, 7232, 
7291, TypedScheduleGenerator, NOCS, 0.0, 7232, 
7291, TypedScheduleGenerator, WOC, 0.818181818181818, 7232, 
7291, TypedScheduleGenerator, ATFD, 14.0, 7232, 
7291, TypedScheduleGenerator, AMW, 2.11764705882353, 7232, 
7291, TypedScheduleGenerator, LCOM5, 1.0625, 7232, 
7291, TypedScheduleGenerator, NOAM, 2.0, 7232, 
7291, TypedScheduleGenerator, NOPA, 0.0, 7232, 
7291, TypedScheduleGenerator, NMO, 0.0, 7232, 
7291, TypedScheduleGenerator, NIM, 0.0, 7232, 
7291, TypedScheduleGenerator, NOC, 0.0, 7232, 
7309, ScheduleCutter, NOMNAMM, 4.0, 7232, 
7309, ScheduleCutter, NOM, 4.0, 7232, 
7309, ScheduleCutter, LOC, 107.0, 7232, 
7309, ScheduleCutter, WMCNAMM, 12.0, 7232, 
7309, ScheduleCutter, WMC, 12.0, 7232, 
7309, ScheduleCutter, NOA, 2.0, 7232, 
7309, ScheduleCutter, CFNAMM, 52.0, 7232, 
7309, ScheduleCutter, FANOUT, 5.0, 7232, 
7309, ScheduleCutter, NOII, 0.0, 7232, 
7309, ScheduleCutter, TCC, 0.0, 7232, 
7309, ScheduleCutter, CBO, 5.0, 7232, 
7309, ScheduleCutter, LOCNAMM, 107.0, 7232, 
7309, ScheduleCutter, AMWNAMM, 3.0, 7232, 
7309, ScheduleCutter, DIT, 1.0, 7232, 
7309, ScheduleCutter, RFC, 12.0, 7232, 
7309, ScheduleCutter, NOCS, 0.0, 7232, 
7309, ScheduleCutter, WOC, 1.0, 7232, 
7309, ScheduleCutter, ATFD, 4.0, 7232, 
7309, ScheduleCutter, AMW, 3.0, 7232, 
7309, ScheduleCutter, LCOM5, 1.33333333333333, 7232, 
7309, ScheduleCutter, NOAM, 0.0, 7232, 
7309, ScheduleCutter, NOPA, 0.0, 7232, 
7309, ScheduleCutter, NMO, 0.0, 7232, 
7309, ScheduleCutter, NIM, 0.0, 7232, 
7309, ScheduleCutter, NOC, 0.0, 7232, 
7315, Frequency, NOMNAMM, 1.0, 7232, 
7315, Frequency, NOM, 4.0, 7232, 
7315, Frequency, LOC, 88.0, 7232, 
7315, Frequency, WMCNAMM, 1.0, 7232, 
7315, Frequency, WMC, 4.0, 7232, 
7315, Frequency, NOA, 3.0, 7232, 
7315, Frequency, CFNAMM, 0.0, 7232, 
7315, Frequency, FANOUT, 0.0, 7232, 
7315, Frequency, NOII, 0.0, 7232, 
7315, Frequency, TCC, 0.0, 7232, 
7315, Frequency, CBO, 0.0, 7232, 
7315, Frequency, LOCNAMM, 53.0, 7232, 
7315, Frequency, AMWNAMM, 1.0, 7232, 
7315, Frequency, RFC, 4.0, 7232, 
7315, Frequency, NOCS, 0.0, 7232, 
7315, Frequency, WOC, 0.0, 7232, 
7315, Frequency, ATFD, 0.0, 7232, 
7315, Frequency, AMW, 1.0, 7232, 
7315, Frequency, LCOM5, 1.0, 7232, 
7315, Frequency, NOAM, 3.0, 7232, 
7315, Frequency, NOPA, 0.0, 7232, 
7315, Frequency, NMO, 0.0, 7232, 
7315, Frequency, NIM, 10.0, 7232, 
7315, Frequency, NOC, 0.0, 7232, 
7320, ScheduleCutterPeriodComparator, NOMNAMM, 1.0, 7232, 
7320, ScheduleCutterPeriodComparator, NOM, 1.0, 7232, 
7320, ScheduleCutterPeriodComparator, LOC, 6.0, 7232, 
7320, ScheduleCutterPeriodComparator, WMCNAMM, 1.0, 7232, 
7320, ScheduleCutterPeriodComparator, WMC, 1.0, 7232, 
7320, ScheduleCutterPeriodComparator, NOA, 0.0, 7232, 
7320, ScheduleCutterPeriodComparator, CFNAMM, 4.0, 7232, 
7320, ScheduleCutterPeriodComparator, FANOUT, 2.0, 7232, 
7320, ScheduleCutterPeriodComparator, NOII, 1.0, 7232, 
7320, ScheduleCutterPeriodComparator, TCC, 1.0, 7232, 
7320, ScheduleCutterPeriodComparator, CBO, 2.0, 7232, 
7320, ScheduleCutterPeriodComparator, LOCNAMM, 6.0, 7232, 
7320, ScheduleCutterPeriodComparator, AMWNAMM, 1.0, 7232, 
7320, ScheduleCutterPeriodComparator, DIT, 1.0, 7232, 
7320, ScheduleCutterPeriodComparator, RFC, 3.0, 7232, 
7320, ScheduleCutterPeriodComparator, NOCS, 0.0, 7232, 
7320, ScheduleCutterPeriodComparator, WOC, 1.0, 7232, 
7320, ScheduleCutterPeriodComparator, ATFD, 1.0, 7232, 
7320, ScheduleCutterPeriodComparator, AMW, 1.0, 7232, 
7320, ScheduleCutterPeriodComparator, LCOM5, 0.0, 7232, 
7320, ScheduleCutterPeriodComparator, NOAM, 0.0, 7232, 
7320, ScheduleCutterPeriodComparator, NOPA, 0.0, 7232, 
7320, ScheduleCutterPeriodComparator, NMO, 0.0, 7232, 
7320, ScheduleCutterPeriodComparator, NIM, 0.0, 7232, 
7320, ScheduleCutterPeriodComparator, NOC, 0.0, 7232, 
7324, Actual366, NOMNAMM, 2.0, 7323, 
7324, Actual366, NOM, 2.0, 7323, 
7324, Actual366, LOC, 35.0, 7323, 
7324, Actual366, WMCNAMM, 4.0, 7323, 
7324, Actual366, WMC, 4.0, 7323, 
7324, Actual366, NOA, 1.0, 7323, 
7324, Actual366, CFNAMM, 5.0, 7323, 
7324, Actual366, FANOUT, 0.0, 7323, 
7324, Actual366, NOII, 0.0, 7323, 
7324, Actual366, TCC, 0.0, 7323, 
7324, Actual366, CBO, 2.0, 7323, 
7324, Actual366, LOCNAMM, 35.0, 7323, 
7324, Actual366, AMWNAMM, 2.0, 7323, 
7324, Actual366, DIT, 2.0, 7323, 
7324, Actual366, RFC, 10.0, 7323, 
7324, Actual366, NOCS, 0.0, 7323, 
7324, Actual366, WOC, 1.0, 7323, 
7324, Actual366, ATFD, 0.0, 7323, 
7324, Actual366, AMW, 2.0, 7323, 
7324, Actual366, LCOM5, 1.0, 7323, 
7324, Actual366, NOAM, 0.0, 7323, 
7324, Actual366, NOPA, 0.0, 7323, 
7324, Actual366, NMO, 0.0, 7323, 
7324, Actual366, NIM, 4.0, 7323, 
7324, Actual366, NOC, 0.0, 7323, 
7328, IT30360, NOMNAMM, 2.0, 7323, 
7328, IT30360, NOM, 2.0, 7323, 
7328, IT30360, LOC, 48.0, 7323, 
7328, IT30360, WMCNAMM, 8.0, 7323, 
7328, IT30360, WMC, 8.0, 7323, 
7328, IT30360, NOA, 1.0, 7323, 
7328, IT30360, CFNAMM, 0.0, 7323, 
7328, IT30360, FANOUT, 0.0, 7323, 
7328, IT30360, NOII, 0.0, 7323, 
7328, IT30360, TCC, 0.0, 7323, 
7328, IT30360, CBO, 1.0, 7323, 
7328, IT30360, LOCNAMM, 48.0, 7323, 
7328, IT30360, AMWNAMM, 4.0, 7323, 
7328, IT30360, DIT, 2.0, 7323, 
7328, IT30360, RFC, 10.0, 7323, 
7328, IT30360, NOCS, 0.0, 7323, 
7328, IT30360, WOC, 1.0, 7323, 
7328, IT30360, ATFD, 0.0, 7323, 
7328, IT30360, AMW, 4.0, 7323, 
7328, IT30360, LCOM5, 1.0, 7323, 
7328, IT30360, NOAM, 0.0, 7323, 
7328, IT30360, NOPA, 0.0, 7323, 
7328, IT30360, NMO, 0.0, 7323, 
7328, IT30360, NIM, 4.0, 7323, 
7328, IT30360, NOC, 0.0, 7323, 
7332, ISDAActualActual, NOMNAMM, 5.0, 7323, 
7332, ISDAActualActual, NOM, 5.0, 7323, 
7332, ISDAActualActual, LOC, 125.0, 7323, 
7332, ISDAActualActual, WMCNAMM, 11.0, 7323, 
7332, ISDAActualActual, WMC, 11.0, 7323, 
7332, ISDAActualActual, NOA, 1.0, 7323, 
7332, ISDAActualActual, CFNAMM, 33.0, 7323, 
7332, ISDAActualActual, FANOUT, 3.0, 7323, 
7332, ISDAActualActual, NOII, 0.0, 7323, 
7332, ISDAActualActual, TCC, 0.0, 7323, 
7332, ISDAActualActual, CBO, 4.0, 7323, 
7332, ISDAActualActual, LOCNAMM, 125.0, 7323, 
7332, ISDAActualActual, AMWNAMM, 2.2, 7323, 
7332, ISDAActualActual, DIT, 2.0, 7323, 
7332, ISDAActualActual, RFC, 16.0, 7323, 
7332, ISDAActualActual, NOCS, 0.0, 7323, 
7332, ISDAActualActual, WOC, 1.0, 7323, 
7332, ISDAActualActual, ATFD, 2.0, 7323, 
7332, ISDAActualActual, AMW, 2.2, 7323, 
7332, ISDAActualActual, LCOM5, 1.0, 7323, 
7332, ISDAActualActual, NOAM, 0.0, 7323, 
7332, ISDAActualActual, NOPA, 0.0, 7323, 
7332, ISDAActualActual, NMO, 0.0, 7323, 
7332, ISDAActualActual, NIM, 4.0, 7323, 
7332, ISDAActualActual, NOC, 0.0, 7323, 
7339, DaycountCalculatorFactoryImpl, NOMNAMM, 11.0, 7323, 
7339, DaycountCalculatorFactoryImpl, NOM, 11.0, 7323, 
7339, DaycountCalculatorFactoryImpl, LOC, 85.0, 7323, 
7339, DaycountCalculatorFactoryImpl, WMCNAMM, 11.0, 7323, 
7339, DaycountCalculatorFactoryImpl, WMC, 11.0, 7323, 
7339, DaycountCalculatorFactoryImpl, NOA, 0.0, 7323, 
7339, DaycountCalculatorFactoryImpl, CFNAMM, 150.0, 7323, 
7339, DaycountCalculatorFactoryImpl, FANOUT, 10.0, 7323, 
7339, DaycountCalculatorFactoryImpl, NOII, 0.0, 7323, 
7339, DaycountCalculatorFactoryImpl, TCC, 0.0, 7323, 
7339, DaycountCalculatorFactoryImpl, CBO, 13.0, 7323, 
7339, DaycountCalculatorFactoryImpl, LOCNAMM, 85.0, 7323, 
7339, DaycountCalculatorFactoryImpl, AMWNAMM, 1.0, 7323, 
7339, DaycountCalculatorFactoryImpl, DIT, 2.0, 7323, 
7339, DaycountCalculatorFactoryImpl, RFC, 37.0, 7323, 
7339, DaycountCalculatorFactoryImpl, NOCS, 0.0, 7323, 
7339, DaycountCalculatorFactoryImpl, WOC, 1.0, 7323, 
7339, DaycountCalculatorFactoryImpl, ATFD, 0.0, 7323, 
7339, DaycountCalculatorFactoryImpl, AMW, 1.0, 7323, 
7339, DaycountCalculatorFactoryImpl, LCOM5, 0.0, 7323, 
7339, DaycountCalculatorFactoryImpl, NOAM, 0.0, 7323, 
7339, DaycountCalculatorFactoryImpl, NOPA, 0.0, 7323, 
7339, DaycountCalculatorFactoryImpl, NMO, 0.0, 7323, 
7339, DaycountCalculatorFactoryImpl, NIM, 14.0, 7323, 
7339, DaycountCalculatorFactoryImpl, NOC, 0.0, 7323, 
7351, AFBActualActual, NOMNAMM, 2.0, 7323, 
7351, AFBActualActual, NOM, 2.0, 7323, 
7351, AFBActualActual, LOC, 77.0, 7323, 
7351, AFBActualActual, WMCNAMM, 18.0, 7323, 
7351, AFBActualActual, WMC, 18.0, 7323, 
7351, AFBActualActual, NOA, 1.0, 7323, 
7351, AFBActualActual, CFNAMM, 5.0, 7323, 
7351, AFBActualActual, FANOUT, 0.0, 7323, 
7351, AFBActualActual, NOII, 0.0, 7323, 
7351, AFBActualActual, TCC, 0.0, 7323, 
7351, AFBActualActual, CBO, 2.0, 7323, 
7351, AFBActualActual, LOCNAMM, 77.0, 7323, 
7351, AFBActualActual, AMWNAMM, 9.0, 7323, 
7351, AFBActualActual, DIT, 2.0, 7323, 
7351, AFBActualActual, RFC, 10.0, 7323, 
7351, AFBActualActual, NOCS, 0.0, 7323, 
7351, AFBActualActual, WOC, 1.0, 7323, 
7351, AFBActualActual, ATFD, 0.0, 7323, 
7351, AFBActualActual, AMW, 9.0, 7323, 
7351, AFBActualActual, LCOM5, 1.0, 7323, 
7351, AFBActualActual, NOAM, 0.0, 7323, 
7351, AFBActualActual, NOPA, 0.0, 7323, 
7351, AFBActualActual, NMO, 0.0, 7323, 
7351, AFBActualActual, NIM, 4.0, 7323, 
7351, AFBActualActual, NOC, 0.0, 7323, 
7355, Actual360, NOMNAMM, 2.0, 7323, 
7355, Actual360, NOM, 2.0, 7323, 
7355, Actual360, LOC, 34.0, 7323, 
7355, Actual360, WMCNAMM, 4.0, 7323, 
7355, Actual360, WMC, 4.0, 7323, 
7355, Actual360, NOA, 1.0, 7323, 
7355, Actual360, CFNAMM, 5.0, 7323, 
7355, Actual360, FANOUT, 0.0, 7323, 
7355, Actual360, NOII, 0.0, 7323, 
7355, Actual360, TCC, 0.0, 7323, 
7355, Actual360, CBO, 2.0, 7323, 
7355, Actual360, LOCNAMM, 34.0, 7323, 
7355, Actual360, AMWNAMM, 2.0, 7323, 
7355, Actual360, DIT, 2.0, 7323, 
7355, Actual360, RFC, 10.0, 7323, 
7355, Actual360, NOCS, 0.0, 7323, 
7355, Actual360, WOC, 1.0, 7323, 
7355, Actual360, ATFD, 0.0, 7323, 
7355, Actual360, AMW, 2.0, 7323, 
7355, Actual360, LCOM5, 1.0, 7323, 
7355, Actual360, NOAM, 0.0, 7323, 
7355, Actual360, NOPA, 0.0, 7323, 
7355, Actual360, NMO, 0.0, 7323, 
7355, Actual360, NIM, 4.0, 7323, 
7355, Actual360, NOC, 0.0, 7323, 
7359, EU30360, NOMNAMM, 2.0, 7323, 
7359, EU30360, NOM, 2.0, 7323, 
7359, EU30360, LOC, 52.0, 7323, 
7359, EU30360, WMCNAMM, 6.0, 7323, 
7359, EU30360, WMC, 6.0, 7323, 
7359, EU30360, NOA, 1.0, 7323, 
7359, EU30360, CFNAMM, 0.0, 7323, 
7359, EU30360, FANOUT, 0.0, 7323, 
7359, EU30360, NOII, 0.0, 7323, 
7359, EU30360, TCC, 0.0, 7323, 
7359, EU30360, CBO, 1.0, 7323, 
7359, EU30360, LOCNAMM, 52.0, 7323, 
7359, EU30360, AMWNAMM, 3.0, 7323, 
7359, EU30360, DIT, 2.0, 7323, 
7359, EU30360, RFC, 10.0, 7323, 
7359, EU30360, NOCS, 0.0, 7323, 
7359, EU30360, WOC, 1.0, 7323, 
7359, EU30360, ATFD, 0.0, 7323, 
7359, EU30360, AMW, 3.0, 7323, 
7359, EU30360, LCOM5, 1.0, 7323, 
7359, EU30360, NOAM, 0.0, 7323, 
7359, EU30360, NOPA, 0.0, 7323, 
7359, EU30360, NMO, 0.0, 7323, 
7359, EU30360, NIM, 4.0, 7323, 
7359, EU30360, NOC, 0.0, 7323, 
7363, ISMAActualActual, NOMNAMM, 2.0, 7323, 
7363, ISMAActualActual, NOM, 2.0, 7323, 
7363, ISMAActualActual, LOC, 185.0, 7323, 
7363, ISMAActualActual, WMCNAMM, 20.0, 7323, 
7363, ISMAActualActual, WMC, 20.0, 7323, 
7363, ISMAActualActual, NOA, 1.0, 7323, 
7363, ISMAActualActual, CFNAMM, 11.0, 7323, 
7363, ISMAActualActual, FANOUT, 2.0, 7323, 
7363, ISMAActualActual, NOII, 0.0, 7323, 
7363, ISMAActualActual, TCC, 0.0, 7323, 
7363, ISMAActualActual, CBO, 4.0, 7323, 
7363, ISMAActualActual, LOCNAMM, 185.0, 7323, 
7363, ISMAActualActual, AMWNAMM, 10.0, 7323, 
7363, ISMAActualActual, DIT, 2.0, 7323, 
7363, ISMAActualActual, RFC, 12.0, 7323, 
7363, ISMAActualActual, NOCS, 0.0, 7323, 
7363, ISMAActualActual, WOC, 1.0, 7323, 
7363, ISMAActualActual, ATFD, 0.0, 7323, 
7363, ISMAActualActual, AMW, 10.0, 7323, 
7363, ISMAActualActual, LCOM5, 1.0, 7323, 
7363, ISMAActualActual, NOAM, 0.0, 7323, 
7363, ISMAActualActual, NOPA, 0.0, 7323, 
7363, ISMAActualActual, NMO, 0.0, 7323, 
7363, ISMAActualActual, NIM, 4.0, 7323, 
7363, ISMAActualActual, NOC, 0.0, 7323, 
7367, Business252, NOMNAMM, 3.0, 7323, 
7367, Business252, NOM, 5.0, 7323, 
7367, Business252, LOC, 71.0, 7323, 
7367, Business252, WMCNAMM, 6.0, 7323, 
7367, Business252, WMC, 8.0, 7323, 
7367, Business252, NOA, 2.0, 7323, 
7367, Business252, CFNAMM, 20.0, 7323, 
7367, Business252, FANOUT, 2.0, 7323, 
7367, Business252, NOII, 0.0, 7323, 
7367, Business252, TCC, 0.5, 7323, 
7367, Business252, CBO, 4.0, 7323, 
7367, Business252, LOCNAMM, 52.0, 7323, 
7367, Business252, AMWNAMM, 2.0, 7323, 
7367, Business252, DIT, 2.0, 7323, 
7367, Business252, RFC, 15.0, 7323, 
7367, Business252, NOCS, 0.0, 7323, 
7367, Business252, WOC, 0.6, 7323, 
7367, Business252, ATFD, 0.0, 7323, 
7367, Business252, AMW, 1.6, 7323, 
7367, Business252, LCOM5, 0.75, 7323, 
7367, Business252, NOAM, 2.0, 7323, 
7367, Business252, NOPA, 0.0, 7323, 
7367, Business252, NMO, 0.0, 7323, 
7367, Business252, NIM, 4.0, 7323, 
7367, Business252, NOC, 0.0, 7323, 
7373, Actual365Fixed, NOMNAMM, 2.0, 7323, 
7373, Actual365Fixed, NOM, 2.0, 7323, 
7373, Actual365Fixed, LOC, 33.0, 7323, 
7373, Actual365Fixed, WMCNAMM, 4.0, 7323, 
7373, Actual365Fixed, WMC, 4.0, 7323, 
7373, Actual365Fixed, NOA, 1.0, 7323, 
7373, Actual365Fixed, CFNAMM, 5.0, 7323, 
7373, Actual365Fixed, FANOUT, 0.0, 7323, 
7373, Actual365Fixed, NOII, 0.0, 7323, 
7373, Actual365Fixed, TCC, 0.0, 7323, 
7373, Actual365Fixed, CBO, 2.0, 7323, 
7373, Actual365Fixed, LOCNAMM, 33.0, 7323, 
7373, Actual365Fixed, AMWNAMM, 2.0, 7323, 
7373, Actual365Fixed, DIT, 2.0, 7323, 
7373, Actual365Fixed, RFC, 10.0, 7323, 
7373, Actual365Fixed, NOCS, 0.0, 7323, 
7373, Actual365Fixed, WOC, 1.0, 7323, 
7373, Actual365Fixed, ATFD, 0.0, 7323, 
7373, Actual365Fixed, AMW, 2.0, 7323, 
7373, Actual365Fixed, LCOM5, 1.0, 7323, 
7373, Actual365Fixed, NOAM, 0.0, 7323, 
7373, Actual365Fixed, NOPA, 0.0, 7323, 
7373, Actual365Fixed, NMO, 0.0, 7323, 
7373, Actual365Fixed, NIM, 4.0, 7323, 
7373, Actual365Fixed, NOC, 0.0, 7323, 
7377, US30360, NOMNAMM, 2.0, 7323, 
7377, US30360, NOM, 2.0, 7323, 
7377, US30360, LOC, 64.0, 7323, 
7377, US30360, WMCNAMM, 12.0, 7323, 
7377, US30360, WMC, 12.0, 7323, 
7377, US30360, NOA, 1.0, 7323, 
7377, US30360, CFNAMM, 0.0, 7323, 
7377, US30360, FANOUT, 0.0, 7323, 
7377, US30360, NOII, 0.0, 7323, 
7377, US30360, TCC, 0.0, 7323, 
7377, US30360, CBO, 1.0, 7323, 
7377, US30360, LOCNAMM, 64.0, 7323, 
7377, US30360, AMWNAMM, 6.0, 7323, 
7377, US30360, DIT, 2.0, 7323, 
7377, US30360, RFC, 10.0, 7323, 
7377, US30360, NOCS, 0.0, 7323, 
7377, US30360, WOC, 1.0, 7323, 
7377, US30360, ATFD, 0.0, 7323, 
7377, US30360, AMW, 6.0, 7323, 
7377, US30360, LCOM5, 1.0, 7323, 
7377, US30360, NOAM, 0.0, 7323, 
7377, US30360, NOPA, 0.0, 7323, 
7377, US30360, NMO, 0.0, 7323, 
7377, US30360, NIM, 4.0, 7323, 
7377, US30360, NOC, 0.0, 7323, 
7382, DaycountException, NOMNAMM, 4.0, 7381, 
7382, DaycountException, NOM, 4.0, 7381, 
7382, DaycountException, LOC, 23.0, 7381, 
7382, DaycountException, WMCNAMM, 4.0, 7381, 
7382, DaycountException, WMC, 4.0, 7381, 
7382, DaycountException, NOA, 0.0, 7381, 
7382, DaycountException, CFNAMM, 0.0, 7381, 
7382, DaycountException, FANOUT, 0.0, 7381, 
7382, DaycountException, NOII, 0.0, 7381, 
7382, DaycountException, TCC, 1.0, 7381, 
7382, DaycountException, CBO, 0.0, 7381, 
7382, DaycountException, LOCNAMM, 23.0, 7381, 
7382, DaycountException, AMWNAMM, 1.0, 7381, 
7382, DaycountException, DIT, 4.0, 7381, 
7382, DaycountException, RFC, 4.0, 7381, 
7382, DaycountException, NOCS, 0.0, 7381, 
7382, DaycountException, WOC, 1.0, 7381, 
7382, DaycountException, ATFD, 0.0, 7381, 
7382, DaycountException, AMW, 1.0, 7381, 
7382, DaycountException, LCOM5, 0.0, 7381, 
7382, DaycountException, NOAM, 0.0, 7381, 
7382, DaycountException, NOPA, 0.0, 7381, 
7382, DaycountException, NMO, 0.0, 7381, 
7382, DaycountException, NIM, 15.0, 7381, 
7382, DaycountException, NOC, 0.0, 7381, 
7387, DaycountCalculatorFactory, NOMNAMM, 14.0, 7381, 
7387, DaycountCalculatorFactory, NOM, 14.0, 7381, 
7387, DaycountCalculatorFactory, LOC, 228.0, 7381, 
7387, DaycountCalculatorFactory, WMCNAMM, 28.0, 7381, 
7387, DaycountCalculatorFactory, WMC, 28.0, 7381, 
7387, DaycountCalculatorFactory, NOA, 3.0, 7381, 
7387, DaycountCalculatorFactory, CFNAMM, 34.0, 7381, 
7387, DaycountCalculatorFactory, FANOUT, 1.0, 7381, 
7387, DaycountCalculatorFactory, NOII, 0.0, 7381, 
7387, DaycountCalculatorFactory, TCC, 0.010989010989011, 7381, 
7387, DaycountCalculatorFactory, CBO, 3.0, 7381, 
7387, DaycountCalculatorFactory, LOCNAMM, 228.0, 7381, 
7387, DaycountCalculatorFactory, AMWNAMM, 2.0, 7381, 
7387, DaycountCalculatorFactory, DIT, 1.0, 7381, 
7387, DaycountCalculatorFactory, RFC, 16.0, 7381, 
7387, DaycountCalculatorFactory, NOCS, 0.0, 7381, 
7387, DaycountCalculatorFactory, ATFD, 0.0, 7381, 
7387, DaycountCalculatorFactory, AMW, 2.0, 7381, 
7387, DaycountCalculatorFactory, LCOM5, 0.974358974358974, 7381, 
7387, DaycountCalculatorFactory, NOAM, 0.0, 7381, 
7387, DaycountCalculatorFactory, NOPA, 2.0, 7381, 
7387, DaycountCalculatorFactory, NOC, 1.0, 7381, 
7402, DaycountCalculator, NOMNAMM, 4.0, 7381, 
7402, DaycountCalculator, NOM, 4.0, 7381, 
7402, DaycountCalculator, LOC, 65.0, 7381, 
7402, DaycountCalculator, WMCNAMM, 4.0, 7381, 
7402, DaycountCalculator, WMC, 4.0, 7381, 
7402, DaycountCalculator, NOA, 0.0, 7381, 
7402, DaycountCalculator, CFNAMM, 0.0, 7381, 
7402, DaycountCalculator, FANOUT, 1.0, 7381, 
7402, DaycountCalculator, NOII, 0.0, 7381, 
7402, DaycountCalculator, TCC, 0.0, 7381, 
7402, DaycountCalculator, CBO, 1.0, 7381, 
7402, DaycountCalculator, LOCNAMM, 65.0, 7381, 
7402, DaycountCalculator, AMWNAMM, 1.0, 7381, 
7402, DaycountCalculator, DIT, 1.0, 7381, 
7402, DaycountCalculator, RFC, 8.0, 7381, 
7402, DaycountCalculator, NOCS, 0.0, 7381, 
7402, DaycountCalculator, ATFD, 4.0, 7381, 
7402, DaycountCalculator, AMW, 1.0, 7381, 
7402, DaycountCalculator, LCOM5, 0.0, 7381, 
7402, DaycountCalculator, NOAM, 0.0, 7381, 
7402, DaycountCalculator, NOPA, 0.0, 7381, 
7402, DaycountCalculator, NOC, 10.0, 7381, 
7408, ISDADateFormat, NOMNAMM, 5.0, 7407, 
7408, ISDADateFormat, NOM, 5.0, 7407, 
7408, ISDADateFormat, LOC, 83.0, 7407, 
7408, ISDADateFormat, WMCNAMM, 9.0, 7407, 
7408, ISDADateFormat, WMC, 9.0, 7407, 
7408, ISDADateFormat, NOA, 0.0, 7407, 
7408, ISDADateFormat, CFNAMM, 0.0, 7407, 
7408, ISDADateFormat, FANOUT, 0.0, 7407, 
7408, ISDADateFormat, NOII, 0.0, 7407, 
7408, ISDADateFormat, TCC, 0.0, 7407, 
7408, ISDADateFormat, CBO, 0.0, 7407, 
7408, ISDADateFormat, LOCNAMM, 83.0, 7407, 
7408, ISDADateFormat, AMWNAMM, 1.8, 7407, 
7408, ISDADateFormat, DIT, 1.0, 7407, 
7408, ISDADateFormat, RFC, 5.0, 7407, 
7408, ISDADateFormat, NOCS, 0.0, 7407, 
7408, ISDADateFormat, WOC, 1.0, 7407, 
7408, ISDADateFormat, ATFD, 0.0, 7407, 
7408, ISDADateFormat, AMW, 1.8, 7407, 
7408, ISDADateFormat, LCOM5, 0.0, 7407, 
7408, ISDADateFormat, NOAM, 0.0, 7407, 
7408, ISDADateFormat, NOPA, 0.0, 7407, 
7408, ISDADateFormat, NMO, 0.0, 7407, 
7408, ISDADateFormat, NIM, 0.0, 7407, 
7408, ISDADateFormat, NOC, 0.0, 7407, 
7414, jfinLoggingFormatter, NOMNAMM, 1.0, 7407, 
7414, jfinLoggingFormatter, NOM, 1.0, 7407, 
7414, jfinLoggingFormatter, LOC, 23.0, 7407, 
7414, jfinLoggingFormatter, WMCNAMM, 2.0, 7407, 
7414, jfinLoggingFormatter, WMC, 2.0, 7407, 
7414, jfinLoggingFormatter, NOA, 1.0, 7407, 
7414, jfinLoggingFormatter, CFNAMM, 0.0, 7407, 
7414, jfinLoggingFormatter, FANOUT, 0.0, 7407, 
7414, jfinLoggingFormatter, NOII, 0.0, 7407, 
7414, jfinLoggingFormatter, TCC, 1.0, 7407, 
7414, jfinLoggingFormatter, CBO, 0.0, 7407, 
7414, jfinLoggingFormatter, LOCNAMM, 23.0, 7407, 
7414, jfinLoggingFormatter, AMWNAMM, 2.0, 7407, 
7414, jfinLoggingFormatter, DIT, 2.0, 7407, 
7414, jfinLoggingFormatter, RFC, 1.0, 7407, 
7414, jfinLoggingFormatter, NOCS, 0.0, 7407, 
7414, jfinLoggingFormatter, WOC, 1.0, 7407, 
7414, jfinLoggingFormatter, ATFD, 0.0, 7407, 
7414, jfinLoggingFormatter, AMW, 2.0, 7407, 
7414, jfinLoggingFormatter, LCOM5, 0.0, 7407, 
7414, jfinLoggingFormatter, NOAM, 0.0, 7407, 
7414, jfinLoggingFormatter, NOPA, 0.0, 7407, 
7414, jfinLoggingFormatter, NMO, 0.0, 7407, 
7414, jfinLoggingFormatter, NIM, 4.0, 7407, 
7414, jfinLoggingFormatter, NOC, 0.0, 7407, 
7417, AccrualSchedule, NOMNAMM, 26.0, 7416, 
7417, AccrualSchedule, NOM, 27.0, 7416, 
7417, AccrualSchedule, LOC, 306.0, 7416, 
7417, AccrualSchedule, WMCNAMM, 35.0, 7416, 
7417, AccrualSchedule, WMC, 36.0, 7416, 
7417, AccrualSchedule, NOA, 2.0, 7416, 
7417, AccrualSchedule, CFNAMM, 856.0, 7416, 
7417, AccrualSchedule, FANOUT, 8.0, 7416, 
7417, AccrualSchedule, NOII, 0.0, 7416, 
7417, AccrualSchedule, TCC, 0.0, 7416, 
7417, AccrualSchedule, CBO, 8.0, 7416, 
7417, AccrualSchedule, LOCNAMM, 297.0, 7416, 
7417, AccrualSchedule, AMWNAMM, 1.34615384615385, 7416, 
7417, AccrualSchedule, DIT, 1.0, 7416, 
7417, AccrualSchedule, RFC, 44.0, 7416, 
7417, AccrualSchedule, NOCS, 0.0, 7416, 
7417, AccrualSchedule, WOC, 0.962962962962963, 7416, 
7417, AccrualSchedule, ATFD, 8.0, 7416, 
7417, AccrualSchedule, AMW, 1.33333333333333, 7416, 
7417, AccrualSchedule, LCOM5, 1.03846153846154, 7416, 
7417, AccrualSchedule, NOAM, 1.0, 7416, 
7417, AccrualSchedule, NOPA, 0.0, 7416, 
7417, AccrualSchedule, NMO, 0.0, 7416, 
7417, AccrualSchedule, NIM, 0.0, 7416, 
7417, AccrualSchedule, NOC, 0.0, 7416, 
7445, Notional, NOMNAMM, 2.0, 7416, 
7445, Notional, NOM, 6.0, 7416, 
7445, Notional, LOC, 52.0, 7416, 
7445, Notional, WMCNAMM, 2.0, 7416, 
7445, Notional, WMC, 6.0, 7416, 
7445, Notional, NOA, 2.0, 7416, 
7445, Notional, CFNAMM, 0.0, 7416, 
7445, Notional, FANOUT, 0.0, 7416, 
7445, Notional, NOII, 0.0, 7416, 
7445, Notional, TCC, 0.333333333333333, 7416, 
7445, Notional, CBO, 1.0, 7416, 
7445, Notional, LOCNAMM, 16.0, 7416, 
7445, Notional, AMWNAMM, 1.0, 7416, 
7445, Notional, DIT, 1.0, 7416, 
7445, Notional, RFC, 6.0, 7416, 
7445, Notional, NOCS, 0.0, 7416, 
7445, Notional, WOC, 0.333333333333333, 7416, 
7445, Notional, ATFD, 0.0, 7416, 
7445, Notional, AMW, 1.0, 7416, 
7445, Notional, LCOM5, 0.8, 7416, 
7445, Notional, NOAM, 4.0, 7416, 
7445, Notional, NOPA, 0.0, 7416, 
7445, Notional, NMO, 0.0, 7416, 
7445, Notional, NIM, 0.0, 7416, 
7445, Notional, NOC, 0.0, 7416, 
7452, PaymentType, NOMNAMM, 0.0, 7416, 
7452, PaymentType, NOM, 0.0, 7416, 
7452, PaymentType, LOC, 12.0, 7416, 
7452, PaymentType, WMCNAMM, 0.0, 7416, 
7452, PaymentType, WMC, 0.0, 7416, 
7452, PaymentType, NOA, 0.0, 7416, 
7452, PaymentType, CFNAMM, 0.0, 7416, 
7452, PaymentType, FANOUT, 0.0, 7416, 
7452, PaymentType, NOII, 0.0, 7416, 
7452, PaymentType, TCC, 1.0, 7416, 
7452, PaymentType, CBO, 0.0, 7416, 
7452, PaymentType, LOCNAMM, 12.0, 7416, 
7452, PaymentType, AMWNAMM, 0.0, 7416, 
7452, PaymentType, RFC, 0.0, 7416, 
7452, PaymentType, NOCS, 0.0, 7416, 
7452, PaymentType, WOC, 0.0, 7416, 
7452, PaymentType, ATFD, 0.0, 7416, 
7452, PaymentType, AMW, 0.0, 7416, 
7452, PaymentType, LCOM5, 0.0, 7416, 
7452, PaymentType, NOAM, 0.0, 7416, 
7452, PaymentType, NOPA, 0.0, 7416, 
7452, PaymentType, NMO, 0.0, 7416, 
7452, PaymentType, NIM, 10.0, 7416, 
7452, PaymentType, NOC, 0.0, 7416, 
7453, AccrualPeriod, NOMNAMM, 9.0, 7416, 
7453, AccrualPeriod, NOM, 23.0, 7416, 
7453, AccrualPeriod, LOC, 272.0, 7416, 
7453, AccrualPeriod, WMCNAMM, 26.0, 7416, 
7453, AccrualPeriod, WMC, 40.0, 7416, 
7453, AccrualPeriod, NOA, 7.0, 7416, 
7453, AccrualPeriod, CFNAMM, 149.0, 7416, 
7453, AccrualPeriod, FANOUT, 3.0, 7416, 
7453, AccrualPeriod, NOII, 1.0, 7416, 
7453, AccrualPeriod, TCC, 0.114285714285714, 7416, 
7453, AccrualPeriod, CBO, 6.0, 7416, 
7453, AccrualPeriod, LOCNAMM, 136.0, 7416, 
7453, AccrualPeriod, AMWNAMM, 2.88888888888889, 7416, 
7453, AccrualPeriod, DIT, 2.0, 7416, 
7453, AccrualPeriod, RFC, 29.0, 7416, 
7453, AccrualPeriod, NOCS, 0.0, 7416, 
7453, AccrualPeriod, ATFD, 3.0, 7416, 
7453, AccrualPeriod, AMW, 1.73913043478261, 7416, 
7453, AccrualPeriod, LCOM5, 0.902597402597403, 7416, 
7453, AccrualPeriod, NOAM, 14.0, 7416, 
7453, AccrualPeriod, NOPA, 0.0, 7416, 
7453, AccrualPeriod, NOC, 2.0, 7416, 
7477, AccrualException, NOMNAMM, 4.0, 7416, 
7477, AccrualException, NOM, 4.0, 7416, 
7477, AccrualException, LOC, 17.0, 7416, 
7477, AccrualException, WMCNAMM, 4.0, 7416, 
7477, AccrualException, WMC, 4.0, 7416, 
7477, AccrualException, NOA, 0.0, 7416, 
7477, AccrualException, CFNAMM, 0.0, 7416, 
7477, AccrualException, FANOUT, 0.0, 7416, 
7477, AccrualException, NOII, 0.0, 7416, 
7477, AccrualException, TCC, 1.0, 7416, 
7477, AccrualException, CBO, 0.0, 7416, 
7477, AccrualException, LOCNAMM, 17.0, 7416, 
7477, AccrualException, AMWNAMM, 1.0, 7416, 
7477, AccrualException, DIT, 3.0, 7416, 
7477, AccrualException, RFC, 4.0, 7416, 
7477, AccrualException, NOCS, 0.0, 7416, 
7477, AccrualException, WOC, 1.0, 7416, 
7477, AccrualException, ATFD, 0.0, 7416, 
7477, AccrualException, AMW, 1.0, 7416, 
7477, AccrualException, LCOM5, 0.0, 7416, 
7477, AccrualException, NOAM, 0.0, 7416, 
7477, AccrualException, NOPA, 0.0, 7416, 
7477, AccrualException, NMO, 0.0, 7416, 
7477, AccrualException, NIM, 15.0, 7416, 
7477, AccrualException, NOC, 0.0, 7416, 
7482, Payment, NOMNAMM, 6.0, 7416, 
7482, Payment, NOM, 12.0, 7416, 
7482, Payment, LOC, 112.0, 7416, 
7482, Payment, WMCNAMM, 6.0, 7416, 
7482, Payment, WMC, 12.0, 7416, 
7482, Payment, NOA, 3.0, 7416, 
7482, Payment, CFNAMM, 0.0, 7416, 
7482, Payment, FANOUT, 0.0, 7416, 
7482, Payment, NOII, 0.0, 7416, 
7482, Payment, TCC, 0.194444444444444, 7416, 
7482, Payment, CBO, 1.0, 7416, 
7482, Payment, LOCNAMM, 58.0, 7416, 
7482, Payment, AMWNAMM, 1.0, 7416, 
7482, Payment, DIT, 1.0, 7416, 
7482, Payment, RFC, 12.0, 7416, 
7482, Payment, NOCS, 0.0, 7416, 
7482, Payment, WOC, 0.5, 7416, 
7482, Payment, ATFD, 0.0, 7416, 
7482, Payment, AMW, 1.0, 7416, 
7482, Payment, LCOM5, 0.848484848484848, 7416, 
7482, Payment, NOAM, 6.0, 7416, 
7482, Payment, NOPA, 0.0, 7416, 
7482, Payment, NMO, 1.0, 7416, 
7482, Payment, NIM, 0.0, 7416, 
7482, Payment, NOC, 0.0, 7416, 
7495, NotionalSchedule, NOMNAMM, 1.0, 7416, 
7495, NotionalSchedule, NOM, 1.0, 7416, 
7495, NotionalSchedule, LOC, 3.0, 7416, 
7495, NotionalSchedule, WMCNAMM, 1.0, 7416, 
7495, NotionalSchedule, WMC, 1.0, 7416, 
7495, NotionalSchedule, NOA, 0.0, 7416, 
7495, NotionalSchedule, CFNAMM, 0.0, 7416, 
7495, NotionalSchedule, FANOUT, 0.0, 7416, 
7495, NotionalSchedule, NOII, 0.0, 7416, 
7495, NotionalSchedule, TCC, 1.0, 7416, 
7495, NotionalSchedule, CBO, 1.0, 7416, 
7495, NotionalSchedule, LOCNAMM, 3.0, 7416, 
7495, NotionalSchedule, AMWNAMM, 1.0, 7416, 
7495, NotionalSchedule, RFC, 1.0, 7416, 
7495, NotionalSchedule, NOCS, 0.0, 7416, 
7495, NotionalSchedule, WOC, 0.0, 7416, 
7495, NotionalSchedule, ATFD, 0.0, 7416, 
7495, NotionalSchedule, AMW, 1.0, 7416, 
7495, NotionalSchedule, LCOM5, 0.0, 7416, 
7495, NotionalSchedule, NOAM, 0.0, 7416, 
7495, NotionalSchedule, NOPA, 0.0, 7416, 
7495, NotionalSchedule, NOC, 0.0, 7416, 
7497, NotionalPeriod, NOMNAMM, 9.0, 7416, 
7497, NotionalPeriod, NOM, 13.0, 7416, 
7497, NotionalPeriod, LOC, 115.0, 7416, 
7497, NotionalPeriod, WMCNAMM, 9.0, 7416, 
7497, NotionalPeriod, WMC, 13.0, 7416, 
7497, NotionalPeriod, NOA, 1.0, 7416, 
7497, NotionalPeriod, CFNAMM, 101.0, 7416, 
7497, NotionalPeriod, FANOUT, 1.0, 7416, 
7497, NotionalPeriod, NOII, 0.0, 7416, 
7497, NotionalPeriod, TCC, 0.714285714285714, 7416, 
7497, NotionalPeriod, CBO, 4.0, 7416, 
7497, NotionalPeriod, LOCNAMM, 79.0, 7416, 
7497, NotionalPeriod, AMWNAMM, 1.0, 7416, 
7497, NotionalPeriod, DIT, 2.0, 7416, 
7497, NotionalPeriod, RFC, 31.0, 7416, 
7497, NotionalPeriod, NOCS, 0.0, 7416, 
7497, NotionalPeriod, WOC, 0.692307692307692, 7416, 
7497, NotionalPeriod, ATFD, 2.0, 7416, 
7497, NotionalPeriod, AMW, 1.0, 7416, 
7497, NotionalPeriod, LCOM5, 0.583333333333333, 7416, 
7497, NotionalPeriod, NOAM, 4.0, 7416, 
7497, NotionalPeriod, NOPA, 0.0, 7416, 
7497, NotionalPeriod, NMO, 1.0, 7416, 
7497, NotionalPeriod, NIM, 10.0, 7416, 
7497, NotionalPeriod, NOC, 0.0, 7416, 
7512, HolidayCalendar, NOMNAMM, 12.0, 7511, 
7512, HolidayCalendar, NOM, 12.0, 7511, 
7512, HolidayCalendar, LOC, 321.0, 7511, 
7512, HolidayCalendar, WMCNAMM, 42.0, 7511, 
7512, HolidayCalendar, WMC, 42.0, 7511, 
7512, HolidayCalendar, NOA, 1.0, 7511, 
7512, HolidayCalendar, CFNAMM, 262.0, 7511, 
7512, HolidayCalendar, FANOUT, 3.0, 7511, 
7512, HolidayCalendar, NOII, 0.0, 7511, 
7512, HolidayCalendar, TCC, 0.0, 7511, 
7512, HolidayCalendar, CBO, 4.0, 7511, 
7512, HolidayCalendar, LOCNAMM, 321.0, 7511, 
7512, HolidayCalendar, AMWNAMM, 3.5, 7511, 
7512, HolidayCalendar, DIT, 1.0, 7511, 
7512, HolidayCalendar, RFC, 19.0, 7511, 
7512, HolidayCalendar, NOCS, 0.0, 7511, 
7512, HolidayCalendar, ATFD, 9.0, 7511, 
7512, HolidayCalendar, AMW, 3.5, 7511, 
7512, HolidayCalendar, LCOM5, 1.09090909090909, 7511, 
7512, HolidayCalendar, NOAM, 0.0, 7511, 
7512, HolidayCalendar, NOPA, 0.0, 7511, 
7512, HolidayCalendar, NOC, 3.0, 7511, 
7525, HolidayCalendarException, NOMNAMM, 4.0, 7511, 
7525, HolidayCalendarException, NOM, 4.0, 7511, 
7525, HolidayCalendarException, LOC, 25.0, 7511, 
7525, HolidayCalendarException, WMCNAMM, 4.0, 7511, 
7525, HolidayCalendarException, WMC, 4.0, 7511, 
7525, HolidayCalendarException, NOA, 0.0, 7511, 
7525, HolidayCalendarException, CFNAMM, 0.0, 7511, 
7525, HolidayCalendarException, FANOUT, 0.0, 7511, 
7525, HolidayCalendarException, NOII, 0.0, 7511, 
7525, HolidayCalendarException, TCC, 1.0, 7511, 
7525, HolidayCalendarException, CBO, 0.0, 7511, 
7525, HolidayCalendarException, LOCNAMM, 25.0, 7511, 
7525, HolidayCalendarException, AMWNAMM, 1.0, 7511, 
7525, HolidayCalendarException, DIT, 4.0, 7511, 
7525, HolidayCalendarException, RFC, 4.0, 7511, 
7525, HolidayCalendarException, NOCS, 0.0, 7511, 
7525, HolidayCalendarException, WOC, 1.0, 7511, 
7525, HolidayCalendarException, ATFD, 0.0, 7511, 
7525, HolidayCalendarException, AMW, 1.0, 7511, 
7525, HolidayCalendarException, LCOM5, 0.0, 7511, 
7525, HolidayCalendarException, NOAM, 0.0, 7511, 
7525, HolidayCalendarException, NOPA, 0.0, 7511, 
7525, HolidayCalendarException, NMO, 0.0, 7511, 
7525, HolidayCalendarException, NIM, 15.0, 7511, 
7525, HolidayCalendarException, NOC, 0.0, 7511, 
7530, HolidayCalendarFactory, NOMNAMM, 7.0, 7511, 
7530, HolidayCalendarFactory, NOM, 7.0, 7511, 
7530, HolidayCalendarFactory, LOC, 172.0, 7511, 
7530, HolidayCalendarFactory, WMCNAMM, 14.0, 7511, 
7530, HolidayCalendarFactory, WMC, 14.0, 7511, 
7530, HolidayCalendarFactory, NOA, 3.0, 7511, 
7530, HolidayCalendarFactory, CFNAMM, 30.0, 7511, 
7530, HolidayCalendarFactory, FANOUT, 2.0, 7511, 
7530, HolidayCalendarFactory, NOII, 0.0, 7511, 
7530, HolidayCalendarFactory, TCC, 0.0476190476190476, 7511, 
7530, HolidayCalendarFactory, CBO, 4.0, 7511, 
7530, HolidayCalendarFactory, LOCNAMM, 172.0, 7511, 
7530, HolidayCalendarFactory, AMWNAMM, 2.0, 7511, 
7530, HolidayCalendarFactory, DIT, 1.0, 7511, 
7530, HolidayCalendarFactory, RFC, 10.0, 7511, 
7530, HolidayCalendarFactory, NOCS, 0.0, 7511, 
7530, HolidayCalendarFactory, ATFD, 0.0, 7511, 
7530, HolidayCalendarFactory, AMW, 2.0, 7511, 
7530, HolidayCalendarFactory, LCOM5, 0.944444444444444, 7511, 
7530, HolidayCalendarFactory, NOAM, 0.0, 7511, 
7530, HolidayCalendarFactory, NOPA, 2.0, 7511, 
7530, HolidayCalendarFactory, NOC, 2.0, 7511, 
7538, HolidayCalendarSet, NOMNAMM, 6.0, 7511, 
7538, HolidayCalendarSet, NOM, 7.0, 7511, 
7538, HolidayCalendarSet, LOC, 95.0, 7511, 
7538, HolidayCalendarSet, WMCNAMM, 10.0, 7511, 
7538, HolidayCalendarSet, WMC, 11.0, 7511, 
7538, HolidayCalendarSet, NOA, 1.0, 7511, 
7538, HolidayCalendarSet, CFNAMM, 8.0, 7511, 
7538, HolidayCalendarSet, FANOUT, 0.0, 7511, 
7538, HolidayCalendarSet, NOII, 0.0, 7511, 
7538, HolidayCalendarSet, TCC, 0.4, 7511, 
7538, HolidayCalendarSet, CBO, 4.0, 7511, 
7538, HolidayCalendarSet, LOCNAMM, 84.0, 7511, 
7538, HolidayCalendarSet, AMWNAMM, 1.66666666666667, 7511, 
7538, HolidayCalendarSet, DIT, 2.0, 7511, 
7538, HolidayCalendarSet, RFC, 26.0, 7511, 
7538, HolidayCalendarSet, NOCS, 0.0, 7511, 
7538, HolidayCalendarSet, WOC, 0.857142857142857, 7511, 
7538, HolidayCalendarSet, ATFD, 0.0, 7511, 
7538, HolidayCalendarSet, AMW, 1.57142857142857, 7511, 
7538, HolidayCalendarSet, LCOM5, 0.5, 7511, 
7538, HolidayCalendarSet, NOAM, 1.0, 7511, 
7538, HolidayCalendarSet, NOPA, 0.0, 7511, 
7538, HolidayCalendarSet, NMO, 0.0, 7511, 
7538, HolidayCalendarSet, NIM, 11.0, 7511, 
7538, HolidayCalendarSet, NOC, 0.0, 7511, 
7547, InfoFileEntry, NOMNAMM, 8.0, 7546, 
7547, InfoFileEntry, NOM, 24.0, 7546, 
7547, InfoFileEntry, LOC, 309.0, 7546, 
7547, InfoFileEntry, WMCNAMM, 30.0, 7546, 
7547, InfoFileEntry, WMC, 46.0, 7546, 
7547, InfoFileEntry, NOA, 10.0, 7546, 
7547, InfoFileEntry, CFNAMM, 88.0, 7546, 
7547, InfoFileEntry, FANOUT, 2.0, 7546, 
7547, InfoFileEntry, NOII, 0.0, 7546, 
7547, InfoFileEntry, TCC, 0.119047619047619, 7546, 
7547, InfoFileEntry, CBO, 2.0, 7546, 
7547, InfoFileEntry, LOCNAMM, 157.0, 7546, 
7547, InfoFileEntry, AMWNAMM, 3.75, 7546, 
7547, InfoFileEntry, DIT, 1.0, 7546, 
7547, InfoFileEntry, RFC, 26.0, 7546, 
7547, InfoFileEntry, NOCS, 0.0, 7546, 
7547, InfoFileEntry, WOC, 0.333333333333333, 7546, 
7547, InfoFileEntry, ATFD, 0.0, 7546, 
7547, InfoFileEntry, AMW, 1.91666666666667, 7546, 
7547, InfoFileEntry, LCOM5, 0.926086956521739, 7546, 
7547, InfoFileEntry, NOAM, 16.0, 7546, 
7547, InfoFileEntry, NOPA, 0.0, 7546, 
7547, InfoFileEntry, NMO, 1.0, 7546, 
7547, InfoFileEntry, NIM, 0.0, 7546, 
7547, InfoFileEntry, NOC, 0.0, 7546, 
7572, HolidayFileEntry, NOMNAMM, 6.0, 7546, 
7572, HolidayFileEntry, NOM, 14.0, 7546, 
7572, HolidayFileEntry, LOC, 151.0, 7546, 
7572, HolidayFileEntry, WMCNAMM, 9.0, 7546, 
7572, HolidayFileEntry, WMC, 17.0, 7546, 
7572, HolidayFileEntry, NOA, 4.0, 7546, 
7572, HolidayFileEntry, CFNAMM, 24.0, 7546, 
7572, HolidayFileEntry, FANOUT, 2.0, 7546, 
7572, HolidayFileEntry, NOII, 0.0, 7546, 
7572, HolidayFileEntry, TCC, 0.0727272727272727, 7546, 
7572, HolidayFileEntry, CBO, 2.0, 7546, 
7572, HolidayFileEntry, LOCNAMM, 75.0, 7546, 
7572, HolidayFileEntry, AMWNAMM, 1.5, 7546, 
7572, HolidayFileEntry, DIT, 1.0, 7546, 
7572, HolidayFileEntry, RFC, 16.0, 7546, 
7572, HolidayFileEntry, NOCS, 0.0, 7546, 
7572, HolidayFileEntry, WOC, 0.428571428571429, 7546, 
7572, HolidayFileEntry, ATFD, 1.0, 7546, 
7572, HolidayFileEntry, AMW, 1.21428571428571, 7546, 
7572, HolidayFileEntry, LCOM5, 0.923076923076923, 7546, 
7572, HolidayFileEntry, NOAM, 8.0, 7546, 
7572, HolidayFileEntry, NOPA, 0.0, 7546, 
7572, HolidayFileEntry, NMO, 0.0, 7546, 
7572, HolidayFileEntry, NIM, 0.0, 7546, 
7572, HolidayFileEntry, NOC, 0.0, 7546, 
7587, HolidayCalendarFactoryFinancialCalendarImpl, NOMNAMM, 4.0, 7546, 
7587, HolidayCalendarFactoryFinancialCalendarImpl, NOM, 8.0, 7546, 
7587, HolidayCalendarFactoryFinancialCalendarImpl, LOC, 108.0, 7546, 
7587, HolidayCalendarFactoryFinancialCalendarImpl, WMCNAMM, 8.0, 7546, 
7587, HolidayCalendarFactoryFinancialCalendarImpl, WMC, 12.0, 7546, 
7587, HolidayCalendarFactoryFinancialCalendarImpl, NOA, 4.0, 7546, 
7587, HolidayCalendarFactoryFinancialCalendarImpl, CFNAMM, 114.0, 7546, 
7587, HolidayCalendarFactoryFinancialCalendarImpl, FANOUT, 4.0, 7546, 
7587, HolidayCalendarFactoryFinancialCalendarImpl, NOII, 0.0, 7546, 
7587, HolidayCalendarFactoryFinancialCalendarImpl, TCC, 0.428571428571429, 7546, 
7587, HolidayCalendarFactoryFinancialCalendarImpl, CBO, 7.0, 7546, 
7587, HolidayCalendarFactoryFinancialCalendarImpl, LOCNAMM, 70.0, 7546, 
7587, HolidayCalendarFactoryFinancialCalendarImpl, AMWNAMM, 2.0, 7546, 
7587, HolidayCalendarFactoryFinancialCalendarImpl, DIT, 2.0, 7546, 
7587, HolidayCalendarFactoryFinancialCalendarImpl, RFC, 25.0, 7546, 
7587, HolidayCalendarFactoryFinancialCalendarImpl, NOCS, 0.0, 7546, 
7587, HolidayCalendarFactoryFinancialCalendarImpl, WOC, 0.4, 7546, 
7587, HolidayCalendarFactoryFinancialCalendarImpl, ATFD, 0.0, 7546, 
7587, HolidayCalendarFactoryFinancialCalendarImpl, AMW, 1.5, 7546, 
7587, HolidayCalendarFactoryFinancialCalendarImpl, LCOM5, 0.892857142857143, 7546, 
7587, HolidayCalendarFactoryFinancialCalendarImpl, NOAM, 4.0, 7546, 
7587, HolidayCalendarFactoryFinancialCalendarImpl, NOPA, 2.0, 7546, 
7587, HolidayCalendarFactoryFinancialCalendarImpl, NMO, 0.0, 7546, 
7587, HolidayCalendarFactoryFinancialCalendarImpl, NIM, 7.0, 7546, 
7587, HolidayCalendarFactoryFinancialCalendarImpl, NOC, 0.0, 7546, 
7596, HolidayFile, NOMNAMM, 5.0, 7546, 
7596, HolidayFile, NOM, 5.0, 7546, 
7596, HolidayFile, LOC, 54.0, 7546, 
7596, HolidayFile, WMCNAMM, 6.0, 7546, 
7596, HolidayFile, WMC, 6.0, 7546, 
7596, HolidayFile, NOA, 1.0, 7546, 
7596, HolidayFile, CFNAMM, 22.0, 7546, 
7596, HolidayFile, FANOUT, 1.0, 7546, 
7596, HolidayFile, NOII, 0.0, 7546, 
7596, HolidayFile, TCC, 1.0, 7546, 
7596, HolidayFile, CBO, 2.0, 7546, 
7596, HolidayFile, LOCNAMM, 54.0, 7546, 
7596, HolidayFile, AMWNAMM, 1.2, 7546, 
7596, HolidayFile, DIT, 1.0, 7546, 
7596, HolidayFile, RFC, 7.0, 7546, 
7596, HolidayFile, NOCS, 0.0, 7546, 
7596, HolidayFile, WOC, 1.0, 7546, 
7596, HolidayFile, ATFD, 0.0, 7546, 
7596, HolidayFile, AMW, 1.2, 7546, 
7596, HolidayFile, LCOM5, 0.5, 7546, 
7596, HolidayFile, NOAM, 0.0, 7546, 
7596, HolidayFile, NOPA, 0.0, 7546, 
7596, HolidayFile, NMO, 0.0, 7546, 
7596, HolidayFile, NIM, 0.0, 7546, 
7596, HolidayFile, NOC, 0.0, 7546, 
7602, InfoFile, NOMNAMM, 5.0, 7546, 
7602, InfoFile, NOM, 6.0, 7546, 
7602, InfoFile, LOC, 68.0, 7546, 
7602, InfoFile, WMCNAMM, 6.0, 7546, 
7602, InfoFile, WMC, 8.0, 7546, 
7602, InfoFile, NOA, 1.0, 7546, 
7602, InfoFile, CFNAMM, 10.0, 7546, 
7602, InfoFile, FANOUT, 1.0, 7546, 
7602, InfoFile, NOII, 0.0, 7546, 
7602, InfoFile, TCC, 1.0, 7546, 
7602, InfoFile, CBO, 1.0, 7546, 
7602, InfoFile, LOCNAMM, 54.0, 7546, 
7602, InfoFile, AMWNAMM, 1.2, 7546, 
7602, InfoFile, DIT, 1.0, 7546, 
7602, InfoFile, RFC, 8.0, 7546, 
7602, InfoFile, NOCS, 0.0, 7546, 
7602, InfoFile, WOC, 0.833333333333333, 7546, 
7602, InfoFile, ATFD, 1.0, 7546, 
7602, InfoFile, AMW, 1.33333333333333, 7546, 
7602, InfoFile, LCOM5, 0.4, 7546, 
7602, InfoFile, NOAM, 1.0, 7546, 
7602, InfoFile, NOPA, 0.0, 7546, 
7602, InfoFile, NMO, 0.0, 7546, 
7602, InfoFile, NIM, 0.0, 7546, 
7602, InfoFile, NOC, 0.0, 7546, 
7609, FinancialCalendarHolidayCalendar, NOMNAMM, 5.0, 7546, 
7609, FinancialCalendarHolidayCalendar, NOM, 7.0, 7546, 
7609, FinancialCalendarHolidayCalendar, LOC, 100.0, 7546, 
7609, FinancialCalendarHolidayCalendar, WMCNAMM, 8.0, 7546, 
7609, FinancialCalendarHolidayCalendar, WMC, 10.0, 7546, 
7609, FinancialCalendarHolidayCalendar, NOA, 3.0, 7546, 
7609, FinancialCalendarHolidayCalendar, CFNAMM, 78.0, 7546, 
7609, FinancialCalendarHolidayCalendar, FANOUT, 3.0, 7546, 
7609, FinancialCalendarHolidayCalendar, NOII, 0.0, 7546, 
7609, FinancialCalendarHolidayCalendar, TCC, 0.0, 7546, 
7609, FinancialCalendarHolidayCalendar, CBO, 8.0, 7546, 
7609, FinancialCalendarHolidayCalendar, LOCNAMM, 80.0, 7546, 
7609, FinancialCalendarHolidayCalendar, AMWNAMM, 1.6, 7546, 
7609, FinancialCalendarHolidayCalendar, DIT, 2.0, 7546, 
7609, FinancialCalendarHolidayCalendar, RFC, 30.0, 7546, 
7609, FinancialCalendarHolidayCalendar, NOCS, 0.0, 7546, 
7609, FinancialCalendarHolidayCalendar, WOC, 0.714285714285714, 7546, 
7609, FinancialCalendarHolidayCalendar, ATFD, 4.0, 7546, 
7609, FinancialCalendarHolidayCalendar, AMW, 1.42857142857143, 7546, 
7609, FinancialCalendarHolidayCalendar, LCOM5, 1.16666666666667, 7546, 
7609, FinancialCalendarHolidayCalendar, NOAM, 2.0, 7546, 
7609, FinancialCalendarHolidayCalendar, NOPA, 0.0, 7546, 
7609, FinancialCalendarHolidayCalendar, NMO, 0.0, 7546, 
7609, FinancialCalendarHolidayCalendar, NIM, 11.0, 7546, 
7609, FinancialCalendarHolidayCalendar, NOC, 0.0, 7546, 
7618, Iso4217Currency, NOMNAMM, 9.0, 7617, 
7618, Iso4217Currency, NOM, 13.0, 7617, 
7618, Iso4217Currency, LOC, 372.0, 7617, 
7618, Iso4217Currency, WMCNAMM, 9.0, 7617, 
7618, Iso4217Currency, WMC, 13.0, 7617, 
7618, Iso4217Currency, NOA, 4.0, 7617, 
7618, Iso4217Currency, CFNAMM, 0.0, 7617, 
7618, Iso4217Currency, FANOUT, 0.0, 7617, 
7618, Iso4217Currency, NOII, 0.0, 7617, 
7618, Iso4217Currency, TCC, 0.0, 7617, 
7618, Iso4217Currency, CBO, 1.0, 7617, 
7618, Iso4217Currency, LOCNAMM, 336.0, 7617, 
7618, Iso4217Currency, AMWNAMM, 1.0, 7617, 
7618, Iso4217Currency, RFC, 13.0, 7617, 
7618, Iso4217Currency, NOCS, 0.0, 7617, 
7618, Iso4217Currency, WOC, 0.2, 7617, 
7618, Iso4217Currency, ATFD, 0.0, 7617, 
7618, Iso4217Currency, AMW, 1.0, 7617, 
7618, Iso4217Currency, LCOM5, 1.0, 7617, 
7618, Iso4217Currency, NOAM, 4.0, 7617, 
7618, Iso4217Currency, NOPA, 0.0, 7617, 
7618, Iso4217Currency, NMO, 0.0, 7617, 
7618, Iso4217Currency, NIM, 10.0, 7617, 
7618, Iso4217Currency, NOC, 0.0, 7617, 
7633, CSVFileFormatTokenizer, NOMNAMM, 22.0, 7617, 
7633, CSVFileFormatTokenizer, NOM, 23.0, 7617, 
7633, CSVFileFormatTokenizer, LOC, 307.0, 7617, 
7633, CSVFileFormatTokenizer, WMCNAMM, 32.0, 7617, 
7633, CSVFileFormatTokenizer, WMC, 33.0, 7617, 
7633, CSVFileFormatTokenizer, NOA, 4.0, 7617, 
7633, CSVFileFormatTokenizer, CFNAMM, 0.0, 7617, 
7633, CSVFileFormatTokenizer, FANOUT, 0.0, 7617, 
7633, CSVFileFormatTokenizer, NOII, 0.0, 7617, 
7633, CSVFileFormatTokenizer, TCC, 0.128571428571429, 7617, 
7633, CSVFileFormatTokenizer, CBO, 0.0, 7617, 
7633, CSVFileFormatTokenizer, LOCNAMM, 295.0, 7617, 
7633, CSVFileFormatTokenizer, AMWNAMM, 1.45454545454545, 7617, 
7633, CSVFileFormatTokenizer, DIT, 1.0, 7617, 
7633, CSVFileFormatTokenizer, RFC, 23.0, 7617, 
7633, CSVFileFormatTokenizer, NOCS, 0.0, 7617, 
7633, CSVFileFormatTokenizer, WOC, 0.954545454545455, 7617, 
7633, CSVFileFormatTokenizer, ATFD, 0.0, 7617, 
7633, CSVFileFormatTokenizer, AMW, 1.43478260869565, 7617, 
7633, CSVFileFormatTokenizer, LCOM5, 0.875, 7617, 
7633, CSVFileFormatTokenizer, NOAM, 1.0, 7617, 
7633, CSVFileFormatTokenizer, NOPA, 0.0, 7617, 
7633, CSVFileFormatTokenizer, NMO, 0.0, 7617, 
7633, CSVFileFormatTokenizer, NIM, 0.0, 7617, 
7633, CSVFileFormatTokenizer, NOC, 0.0, 7617, 
7657, CSVReader, NOMNAMM, 2.0, 7617, 
7657, CSVReader, NOM, 2.0, 7617, 
7657, CSVReader, LOC, 17.0, 7617, 
7657, CSVReader, WMCNAMM, 3.0, 7617, 
7657, CSVReader, WMC, 3.0, 7617, 
7657, CSVReader, NOA, 0.0, 7617, 
7657, CSVReader, CFNAMM, 4.0, 7617, 
7657, CSVReader, FANOUT, 1.0, 7617, 
7657, CSVReader, NOII, 0.0, 7617, 
7657, CSVReader, TCC, 1.0, 7617, 
7657, CSVReader, CBO, 1.0, 7617, 
7657, CSVReader, LOCNAMM, 17.0, 7617, 
7657, CSVReader, AMWNAMM, 1.5, 7617, 
7657, CSVReader, DIT, 3.0, 7617, 
7657, CSVReader, RFC, 3.0, 7617, 
7657, CSVReader, NOCS, 0.0, 7617, 
7657, CSVReader, WOC, 1.0, 7617, 
7657, CSVReader, ATFD, 0.0, 7617, 
7657, CSVReader, AMW, 1.5, 7617, 
7657, CSVReader, LCOM5, 0.0, 7617, 
7657, CSVReader, NOAM, 0.0, 7617, 
7657, CSVReader, NOPA, 0.0, 7617, 
7657, CSVReader, NMO, 0.0, 7617, 
7657, CSVReader, NIM, 16.0, 7617, 
7657, CSVReader, NOC, 0.0, 7617, 
7660, Iso3166Country, NOMNAMM, 1.0, 7617, 
7660, Iso3166Country, NOM, 4.0, 7617, 
7660, Iso3166Country, LOC, 533.0, 7617, 
7660, Iso3166Country, WMCNAMM, 1.0, 7617, 
7660, Iso3166Country, WMC, 4.0, 7617, 
7660, Iso3166Country, NOA, 3.0, 7617, 
7660, Iso3166Country, CFNAMM, 0.0, 7617, 
7660, Iso3166Country, FANOUT, 0.0, 7617, 
7660, Iso3166Country, NOII, 0.0, 7617, 
7660, Iso3166Country, TCC, 0.0, 7617, 
7660, Iso3166Country, CBO, 0.0, 7617, 
7660, Iso3166Country, LOCNAMM, 506.0, 7617, 
7660, Iso3166Country, AMWNAMM, 1.0, 7617, 
7660, Iso3166Country, RFC, 4.0, 7617, 
7660, Iso3166Country, NOCS, 0.0, 7617, 
7660, Iso3166Country, WOC, 0.0, 7617, 
7660, Iso3166Country, ATFD, 0.0, 7617, 
7660, Iso3166Country, AMW, 1.0, 7617, 
7660, Iso3166Country, LCOM5, 1.0, 7617, 
7660, Iso3166Country, NOAM, 3.0, 7617, 
7660, Iso3166Country, NOPA, 0.0, 7617, 
7660, Iso3166Country, NMO, 0.0, 7617, 
7660, Iso3166Country, NIM, 10.0, 7617, 
7660, Iso3166Country, NOC, 0.0, 7617, 
7667, FixingAdjustmentType, NOMNAMM, 0.0, 7666, 
7667, FixingAdjustmentType, NOM, 0.0, 7666, 
7667, FixingAdjustmentType, LOC, 6.0, 7666, 
7667, FixingAdjustmentType, WMCNAMM, 0.0, 7666, 
7667, FixingAdjustmentType, WMC, 0.0, 7666, 
7667, FixingAdjustmentType, NOA, 0.0, 7666, 
7667, FixingAdjustmentType, CFNAMM, 0.0, 7666, 
7667, FixingAdjustmentType, FANOUT, 0.0, 7666, 
7667, FixingAdjustmentType, NOII, 0.0, 7666, 
7667, FixingAdjustmentType, TCC, 1.0, 7666, 
7667, FixingAdjustmentType, CBO, 0.0, 7666, 
7667, FixingAdjustmentType, LOCNAMM, 6.0, 7666, 
7667, FixingAdjustmentType, AMWNAMM, 0.0, 7666, 
7667, FixingAdjustmentType, RFC, 0.0, 7666, 
7667, FixingAdjustmentType, NOCS, 0.0, 7666, 
7667, FixingAdjustmentType, WOC, 0.0, 7666, 
7667, FixingAdjustmentType, ATFD, 0.0, 7666, 
7667, FixingAdjustmentType, AMW, 0.0, 7666, 
7667, FixingAdjustmentType, LCOM5, 0.0, 7666, 
7667, FixingAdjustmentType, NOAM, 0.0, 7666, 
7667, FixingAdjustmentType, NOPA, 0.0, 7666, 
7667, FixingAdjustmentType, NMO, 0.0, 7666, 
7667, FixingAdjustmentType, NIM, 10.0, 7666, 
7667, FixingAdjustmentType, NOC, 0.0, 7666, 
7668, FixedAccrualPeriod, NOMNAMM, 5.0, 7666, 
7668, FixedAccrualPeriod, NOM, 7.0, 7666, 
7668, FixedAccrualPeriod, LOC, 59.0, 7666, 
7668, FixedAccrualPeriod, WMCNAMM, 6.0, 7666, 
7668, FixedAccrualPeriod, WMC, 8.0, 7666, 
7668, FixedAccrualPeriod, NOA, 1.0, 7666, 
7668, FixedAccrualPeriod, CFNAMM, 18.0, 7666, 
7668, FixedAccrualPeriod, FANOUT, 0.0, 7666, 
7668, FixedAccrualPeriod, NOII, 0.0, 7666, 
7668, FixedAccrualPeriod, TCC, 0.3, 7666, 
7668, FixedAccrualPeriod, CBO, 8.0, 7666, 
7668, FixedAccrualPeriod, LOCNAMM, 41.0, 7666, 
7668, FixedAccrualPeriod, AMWNAMM, 1.2, 7666, 
7668, FixedAccrualPeriod, DIT, 3.0, 7666, 
7668, FixedAccrualPeriod, RFC, 43.0, 7666, 
7668, FixedAccrualPeriod, NOCS, 0.0, 7666, 
7668, FixedAccrualPeriod, WOC, 0.714285714285714, 7666, 
7668, FixedAccrualPeriod, ATFD, 0.0, 7666, 
7668, FixedAccrualPeriod, AMW, 1.14285714285714, 7666, 
7668, FixedAccrualPeriod, LCOM5, 0.666666666666667, 7666, 
7668, FixedAccrualPeriod, NOAM, 2.0, 7666, 
7668, FixedAccrualPeriod, NOPA, 0.0, 7666, 
7668, FixedAccrualPeriod, NMO, 1.0, 7666, 
7668, FixedAccrualPeriod, NIM, 31.0, 7666, 
7668, FixedAccrualPeriod, NOC, 0.0, 7666, 
7676, FloatAccrualPeriod, NOMNAMM, 7.0, 7666, 
7676, FloatAccrualPeriod, NOM, 19.0, 7666, 
7676, FloatAccrualPeriod, LOC, 198.0, 7666, 
7676, FloatAccrualPeriod, WMCNAMM, 16.0, 7666, 
7676, FloatAccrualPeriod, WMC, 28.0, 7666, 
7676, FloatAccrualPeriod, NOA, 6.0, 7666, 
7676, FloatAccrualPeriod, CFNAMM, 257.0, 7666, 
7676, FloatAccrualPeriod, FANOUT, 2.0, 7666, 
7676, FloatAccrualPeriod, NOII, 0.0, 7666, 
7676, FloatAccrualPeriod, TCC, 0.169117647058824, 7666, 
7676, FloatAccrualPeriod, CBO, 9.0, 7666, 
7676, FloatAccrualPeriod, LOCNAMM, 84.0, 7666, 
7676, FloatAccrualPeriod, AMWNAMM, 2.28571428571429, 7666, 
7676, FloatAccrualPeriod, DIT, 3.0, 7666, 
7676, FloatAccrualPeriod, RFC, 57.0, 7666, 
7676, FloatAccrualPeriod, NOCS, 0.0, 7666, 
7676, FloatAccrualPeriod, WOC, 0.333333333333333, 7666, 
7676, FloatAccrualPeriod, ATFD, 2.0, 7666, 
7676, FloatAccrualPeriod, AMW, 1.47368421052632, 7666, 
7676, FloatAccrualPeriod, LCOM5, 0.87037037037037, 7666, 
7676, FloatAccrualPeriod, NOAM, 12.0, 7666, 
7676, FloatAccrualPeriod, NOPA, 0.0, 7666, 
7676, FloatAccrualPeriod, NMO, 2.0, 7666, 
7676, FloatAccrualPeriod, NIM, 30.0, 7666, 
7676, FloatAccrualPeriod, NOC, 0.0, 7666, 
7696, FlatNotionalSchedule, NOMNAMM, 6.0, 7666, 
7696, FlatNotionalSchedule, NOM, 8.0, 7666, 
7696, FlatNotionalSchedule, LOC, 43.0, 7666, 
7696, FlatNotionalSchedule, WMCNAMM, 6.0, 7666, 
7696, FlatNotionalSchedule, WMC, 8.0, 7666, 
7696, FlatNotionalSchedule, NOA, 1.0, 7666, 
7696, FlatNotionalSchedule, CFNAMM, 18.0, 7666, 
7696, FlatNotionalSchedule, FANOUT, 2.0, 7666, 
7696, FlatNotionalSchedule, NOII, 1.0, 7666, 
7696, FlatNotionalSchedule, TCC, 1.0, 7666, 
7696, FlatNotionalSchedule, CBO, 3.0, 7666, 
7696, FlatNotionalSchedule, LOCNAMM, 33.0, 7666, 
7696, FlatNotionalSchedule, AMWNAMM, 1.0, 7666, 
7696, FlatNotionalSchedule, DIT, 1.0, 7666, 
7696, FlatNotionalSchedule, RFC, 14.0, 7666, 
7696, FlatNotionalSchedule, NOCS, 0.0, 7666, 
7696, FlatNotionalSchedule, WOC, 0.75, 7666, 
7696, FlatNotionalSchedule, ATFD, 2.0, 7666, 
7696, FlatNotionalSchedule, AMW, 1.0, 7666, 
7696, FlatNotionalSchedule, LCOM5, 0.428571428571429, 7666, 
7696, FlatNotionalSchedule, NOAM, 2.0, 7666, 
7696, FlatNotionalSchedule, NOPA, 0.0, 7666, 
7696, FlatNotionalSchedule, NMO, 0.0, 7666, 
7696, FlatNotionalSchedule, NIM, 0.0, 7666, 
7696, FlatNotionalSchedule, NOC, 0.0, 7666, 
7706, WeekendHolidayCalendar, NOMNAMM, 2.0, 7705, 
7706, WeekendHolidayCalendar, NOM, 2.0, 7705, 
7706, WeekendHolidayCalendar, LOC, 15.0, 7705, 
7706, WeekendHolidayCalendar, WMCNAMM, 2.0, 7705, 
7706, WeekendHolidayCalendar, WMC, 2.0, 7705, 
7706, WeekendHolidayCalendar, NOA, 0.0, 7705, 
7706, WeekendHolidayCalendar, CFNAMM, 0.0, 7705, 
7706, WeekendHolidayCalendar, FANOUT, 0.0, 7705, 
7706, WeekendHolidayCalendar, NOII, 0.0, 7705, 
7706, WeekendHolidayCalendar, TCC, 0.0, 7705, 
7706, WeekendHolidayCalendar, CBO, 4.0, 7705, 
7706, WeekendHolidayCalendar, LOCNAMM, 15.0, 7705, 
7706, WeekendHolidayCalendar, AMWNAMM, 1.0, 7705, 
7706, WeekendHolidayCalendar, DIT, 2.0, 7705, 
7706, WeekendHolidayCalendar, RFC, 21.0, 7705, 
7706, WeekendHolidayCalendar, NOCS, 0.0, 7705, 
7706, WeekendHolidayCalendar, WOC, 1.0, 7705, 
7706, WeekendHolidayCalendar, ATFD, 0.0, 7705, 
7706, WeekendHolidayCalendar, AMW, 1.0, 7705, 
7706, WeekendHolidayCalendar, LCOM5, 0.0, 7705, 
7706, WeekendHolidayCalendar, NOAM, 0.0, 7705, 
7706, WeekendHolidayCalendar, NOPA, 0.0, 7705, 
7706, WeekendHolidayCalendar, NMO, 0.0, 7705, 
7706, WeekendHolidayCalendar, NIM, 11.0, 7705, 
7706, WeekendHolidayCalendar, NOC, 0.0, 7705, 
7710, HolidayCalendarFactoryImpl, NOMNAMM, 3.0, 7705, 
7710, HolidayCalendarFactoryImpl, NOM, 3.0, 7705, 
7710, HolidayCalendarFactoryImpl, LOC, 29.0, 7705, 
7710, HolidayCalendarFactoryImpl, WMCNAMM, 4.0, 7705, 
7710, HolidayCalendarFactoryImpl, WMC, 4.0, 7705, 
7710, HolidayCalendarFactoryImpl, NOA, 0.0, 7705, 
7710, HolidayCalendarFactoryImpl, CFNAMM, 12.0, 7705, 
7710, HolidayCalendarFactoryImpl, FANOUT, 2.0, 7705, 
7710, HolidayCalendarFactoryImpl, NOII, 0.0, 7705, 
7710, HolidayCalendarFactoryImpl, TCC, 0.0, 7705, 
7710, HolidayCalendarFactoryImpl, CBO, 5.0, 7705, 
7710, HolidayCalendarFactoryImpl, LOCNAMM, 29.0, 7705, 
7710, HolidayCalendarFactoryImpl, AMWNAMM, 1.33333333333333, 7705, 
7710, HolidayCalendarFactoryImpl, DIT, 2.0, 7705, 
7710, HolidayCalendarFactoryImpl, RFC, 15.0, 7705, 
7710, HolidayCalendarFactoryImpl, NOCS, 0.0, 7705, 
7710, HolidayCalendarFactoryImpl, WOC, 1.0, 7705, 
7710, HolidayCalendarFactoryImpl, ATFD, 0.0, 7705, 
7710, HolidayCalendarFactoryImpl, AMW, 1.33333333333333, 7705, 
7710, HolidayCalendarFactoryImpl, LCOM5, 0.0, 7705, 
7710, HolidayCalendarFactoryImpl, NOAM, 0.0, 7705, 
7710, HolidayCalendarFactoryImpl, NOPA, 0.0, 7705, 
7710, HolidayCalendarFactoryImpl, NMO, 0.0, 7705, 
7710, HolidayCalendarFactoryImpl, NIM, 7.0, 7705, 
7710, HolidayCalendarFactoryImpl, NOC, 0.0, 7705, 
