7234, Period(), 0.0, 7233, 
7235, Period(org.jfin.date.Period), 1.0, 7233, 
7236, clone(), 0.0, 7233, 
7239, getStartCalendar(), 0.0, 7233, 
7240, setStartCalendar(java.util.Calendar), 1.0, 7233, 
7241, getEndCalendar(), 0.0, 7233, 
7242, setEndCalendar(java.util.Calendar), 1.0, 7233, 
7243, getReferenceEndCalendar(), 0.0, 7233, 
7244, setReferenceEndCalendar(java.util.Calendar), 1.0, 7233, 
7245, getReferenceStartCalendar(), 0.0, 7233, 
7246, setReferenceStartCalendar(java.util.Calendar), 1.0, 7233, 
7247, toString(), 0.0, 7233, 
7248, getDoubleMidPoint(), 0.0, 7233, 
7249, getDoubleMidPoint(java.util.Calendar), 1.0, 7233, 
7250, compareTo(java.lang.Object, int, org.jfin.date.Period, java.util.Calendar), 1.0, 7233, 
7253, isLongStub(), 0.0, 7251, 
7254, isShortStub(), 0.0, 7251, 
7256, ScheduleException(), 0.0, 7255, 
7258, ScheduleException(java.lang.String), 1.0, 7255, 
7259, ScheduleException(java.lang.Throwable), 1.0, 7255, 
7277, copyAndReset(java.util.Calendar, java.util.Calendar), 1.0, 7260, 
7278, getCalendarUnitDescriptor(int), 1.0, 7260, 
7280, Tenor(java.lang.String), 1.0, 7279, 
7281, parse(java.lang.String, java.text.ParseException), 1.0, 7279, 
7284, getAmount(), 0.0, 7279, 
7285, setAmount(int), 1.0, 7279, 
7286, getCalendarUnit(), 0.0, 7279, 
7287, setCalendarUnit(int), 1.0, 7279, 
7290, initialise(), 0.0, 7289, 
7292, TypedScheduleGenerator(org.jfin.date.Period), 1.0, 7291, 
7294, getPrototype(), 0.0, 7291, 
7295, setPrototype(org.jfin.date.Period), 1.0, 7291, 
7296, getMaxPeriods(), 0.0, 7291, 
7297, setMaxPeriods(int), 1.0, 7291, 
7305, createPeriod(), 0.0, 7291, 
7308, copyAndReset(java.util.Calendar, java.util.Calendar), 1.0, 7291, 
7317, getPeriodAmount(), 0.0, 7315, 
7318, getPeriodUnit(), 0.0, 7315, 
7319, getTenorDescriptor(), 0.0, 7315, 
7336, getNumerators(int[], java.util.List, org.jfin.date.Period, int), 1.0, 7332, 
7337, getDenominators(int[], java.util.List, org.jfin.date.Period, int), 1.0, 7332, 
7340, getISDAActualActual(), 0.0, 7339, 
7341, getISMAActualActual(), 0.0, 7339, 
7342, getAFBActualActual(), 0.0, 7339, 
7343, getUS30360(), 0.0, 7339, 
7344, getEU30360(), 0.0, 7339, 
7345, getIT30360(), 0.0, 7339, 
7346, getActual360(), 0.0, 7339, 
7347, getActual365Fixed(), 0.0, 7339, 
7348, getActual366(), 0.0, 7339, 
7349, getBusiness252(org.jfin.date.holiday.HolidayCalendar), 1.0, 7339, 
7350, getAvailableDaycountCalculators(), 0.0, 7339, 
7368, Business252(org.jfin.date.holiday.HolidayCalendar), 1.0, 7367, 
7370, getHolidayCalendar(), 0.0, 7367, 
7371, setHolidayCalendar(org.jfin.date.holiday.HolidayCalendar), 1.0, 7367, 
7383, DaycountException(), 0.0, 7382, 
7384, DaycountException(java.lang.String), 1.0, 7382, 
7386, DaycountException(java.lang.Throwable), 1.0, 7382, 
7388, newInstance(java.lang.String), 0.0, 7387, 
7389, newInstance(org.jfin.date.daycount.DaycountCalculatorFactory, java.lang.InstantiationException, java.lang.String, java.lang.Class), 1.0, 7387, 
7390, getISDAActualActual(), 0.0, 7387, 
7391, getISMAActualActual(), 0.0, 7387, 
7392, getAFBActualActual(), 0.0, 7387, 
7393, getUS30360(), 0.0, 7387, 
7394, getEU30360(), 0.0, 7387, 
7395, getIT30360(), 0.0, 7387, 
7396, getActual360(), 0.0, 7387, 
7397, getActual365Fixed(), 0.0, 7387, 
7398, getActual366(), 0.0, 7387, 
7399, getBusiness252(org.jfin.date.holiday.HolidayCalendar), 1.0, 7387, 
7400, getDaycountCalculator(java.lang.String), 1.0, 7387, 
7401, getAvailableDaycountCalculators(), 0.0, 7387, 
7403, calculateDaycountFraction(org.jfin.date.Period), 1.0, 7402, 
7409, format(java.util.Calendar), 1.0, 7408, 
7410, formatFixedLength(java.util.Calendar), 1.0, 7408, 
7411, formatCompact(java.util.Calendar), 1.0, 7408, 
7413, parse(java.util.Calendar, java.lang.String, java.util.Date, java.text.DateFormat), 1.0, 7408, 
7415, format(java.util.logging.LogRecord, java.lang.StringBuffer), 1.0, 7414, 
7418, AccrualSchedule(org.jfin.date.accrual.Payment), 1.0, 7417, 
7419, getNettedPayments(org.jfin.date.accrual.NotionalSchedule), 1.0, 7417, 
7420, netPayments(java.util.List, java.util.List, org.jfin.date.accrual.Payment, int, org.jfin.date.accrual.Payment, int, org.jfin.date.accrual.Payment), 1.0, 7417, 
7421, getPayments(org.jfin.date.accrual.NotionalSchedule, java.util.List, java.util.Iterator, org.jfin.date.accrual.Payment, org.jfin.date.accrual.AccrualPeriod, org.jfin.date.accrual.NotionalPeriod, org.jfin.date.ScheduleCutter, java.util.Iterator, double, java.util.List, java.util.List, org.jfin.date.ScheduleCutter, java.util.List), 1.0, 7417, 
7422, getStartCalendar(), 0.0, 7417, 
7423, getEndCalendar(), 0.0, 7417, 
7424, getAccrualPeriods(), 0.0, 7417, 
7425, setAccrualPeriods(java.util.List), 1.0, 7417, 
7426, size(), 0.0, 7417, 
7427, isEmpty(), 0.0, 7417, 
7428, contains(java.lang.Object), 1.0, 7417, 
7429, iterator(), 0.0, 7417, 
7430, add(org.jfin.date.accrual.AccrualPeriod), 1.0, 7417, 
7431, remove(java.lang.Object), 1.0, 7417, 
7432, containsAll(java.util.Collection), 1.0, 7417, 
7433, addAll(java.util.Collection), 1.0, 7417, 
7435, removeAll(java.util.Collection), 1.0, 7417, 
7436, retainAll(java.util.Collection), 1.0, 7417, 
7437, clear(), 0.0, 7417, 
7438, get(int), 1.0, 7417, 
7441, remove(int), 1.0, 7417, 
7442, indexOf(java.lang.Object), 1.0, 7417, 
7443, lastIndexOf(java.lang.Object), 1.0, 7417, 
7446, Notional(), 0.0, 7445, 
7448, getAmount(), 0.0, 7445, 
7449, setAmount(double), 1.0, 7445, 
7450, getCurrency(), 0.0, 7445, 
7451, setCurrency(org.jfin.common.Iso4217Currency), 1.0, 7445, 
7454, AccrualPeriod(), 0.0, 7453, 
7455, AccrualPeriod(org.jfin.date.accrual.AccrualPeriod, org.jfin.date.Period), 1.0, 7453, 
7456, initialise(), 0.0, 7453, 
7457, getPaymentAmount(double), 1.0, 7453, 
7458, isPaymentPossible(), 0.0, 7453, 
7459, getPaymentCalendar(), 0.0, 7453, 
7460, getAdjustedPaymentCalendar(), 0.0, 7453, 
7461, setPaymentCalendar(java.util.Calendar), 1.0, 7453, 
7462, getPaymentType(), 0.0, 7453, 
7463, setPaymentType(org.jfin.date.accrual.PaymentType), 1.0, 7453, 
7464, getPaymentBusinessDayConvention(), 0.0, 7453, 
7465, setPaymentBusinessDayConvention(org.jfin.date.BusinessDayConvention), 1.0, 7453, 
7466, getAccrualBusinessDayConvention(), 0.0, 7453, 
7467, setAccrualBusinessDayConvention(org.jfin.date.BusinessDayConvention), 1.0, 7453, 
7468, getPaymentHolidayCalendar(), 0.0, 7453, 
7469, setPaymentHolidayCalendar(org.jfin.date.holiday.HolidayCalendar), 1.0, 7453, 
7470, getAccrualHolidayCalendar(), 0.0, 7453, 
7471, setAccrualHolidayCalendar(org.jfin.date.holiday.HolidayCalendar), 1.0, 7453, 
7472, getDaycountCalculator(), 0.0, 7453, 
7473, setDaycountCalculator(org.jfin.date.daycount.DaycountCalculator), 1.0, 7453, 
7474, getAdjustedStartCalendar(), 0.0, 7453, 
7475, getAdjustedEndCalendar(), 0.0, 7453, 
7476, getAdjustedDaycountFraction(), 0.0, 7453, 
7478, AccrualException(), 0.0, 7477, 
7479, AccrualException(java.lang.String), 1.0, 7477, 
7481, AccrualException(java.lang.Throwable), 1.0, 7477, 
7483, Payment(), 0.0, 7482, 
7484, Payment(org.jfin.date.accrual.Payment), 1.0, 7482, 
7485, clone(), 0.0, 7482, 
7487, getAmount(), 0.0, 7482, 
7488, setAmount(double), 1.0, 7482, 
7489, getCurrency(), 0.0, 7482, 
7490, setCurrency(org.jfin.common.Iso4217Currency), 1.0, 7482, 
7491, getPaymentCalendar(), 0.0, 7482, 
7492, setPaymentCalendar(java.util.Calendar), 1.0, 7482, 
7493, equalsIgnoringAmount(org.jfin.date.accrual.Payment), 1.0, 7482, 
7498, NotionalPeriod(), 0.0, 7497, 
7499, NotionalPeriod(org.jfin.date.accrual.NotionalPeriod), 1.0, 7497, 
7500, NotionalPeriod(org.jfin.date.accrual.Notional), 1.0, 7497, 
7504, clone(), 0.0, 7497, 
7505, getNotional(), 0.0, 7497, 
7506, setNotional(org.jfin.date.accrual.Notional), 1.0, 7497, 
7507, getAmount(), 0.0, 7497, 
7508, setAmount(double), 1.0, 7497, 
7509, getCurrency(), 0.0, 7497, 
7510, setCurrency(org.jfin.common.Iso4217Currency), 1.0, 7497, 
7513, isWeekend(java.util.Calendar), 1.0, 7512, 
7514, isHoliday(java.util.Calendar), 1.0, 7512, 
7521, isLastDayOfMonth(java.util.Calendar), 1.0, 7512, 
7522, setToEndOfMonth(java.util.Calendar), 1.0, 7512, 
7523, getDaysInMonth(java.util.Calendar), 1.0, 7512, 
7526, HolidayCalendarException(), 0.0, 7525, 
7528, HolidayCalendarException(java.lang.String), 1.0, 7525, 
7529, HolidayCalendarException(java.lang.Throwable), 1.0, 7525, 
7531, newInstance(java.lang.String), 0.0, 7530, 
7532, newInstance(java.lang.InstantiationException, java.lang.String, java.lang.Class, org.jfin.date.holiday.HolidayCalendarFactory), 1.0, 7530, 
7533, getHolidayCalendar(java.lang.String), 1.0, 7530, 
7536, getHolidayCalendar(String[]), 1.0, 7530, 
7537, getAvailableLocales(), 0.0, 7530, 
7539, HolidayCalendarSet(), 0.0, 7538, 
7540, addHolidayCalendar(org.jfin.date.holiday.HolidayCalendar), 1.0, 7538, 
7541, removeHolidayCalendar(org.jfin.date.holiday.HolidayCalendar), 1.0, 7538, 
7542, getHolidayCalendars(), 0.0, 7538, 
7543, getHolidayCalendarIterator(), 0.0, 7538, 
7544, isWeekend(java.util.Calendar, java.util.Iterator, org.jfin.date.holiday.HolidayCalendar), 1.0, 7538, 
7545, isHoliday(java.util.Calendar, org.jfin.date.holiday.HolidayCalendar, java.util.Iterator), 1.0, 7538, 
7548, InfoFileEntry(), 0.0, 7547, 
7549, InfoFileEntry(java.lang.String), 1.0, 7547, 
7551, parse(String[], java.lang.String, java.lang.Exception), 1.0, 7547, 
7552, getCenter(), 0.0, 7547, 
7553, setCenter(java.lang.String), 1.0, 7547, 
7554, getCode(), 0.0, 7547, 
7555, setCode(java.lang.String), 1.0, 7547, 
7556, getCountry(), 0.0, 7547, 
7557, setCountry(java.lang.String), 1.0, 7547, 
7558, getCurrency(), 0.0, 7547, 
7559, setCurrency(org.jfin.common.Iso4217Currency), 1.0, 7547, 
7560, getDefine1(), 0.0, 7547, 
7561, setDefine1(java.lang.String), 1.0, 7547, 
7562, getDefine2(), 0.0, 7547, 
7563, setDefine2(java.lang.String), 1.0, 7547, 
7564, getIsoCountry(), 0.0, 7547, 
7565, setIsoCountry(org.jfin.common.Iso3166Country), 1.0, 7547, 
7566, getType(), 0.0, 7547, 
7567, setType(java.lang.String), 1.0, 7547, 
7568, toString(), 0.0, 7547, 
7569, initialiseCountryMapping(), 0.0, 7547, 
7570, getCountryMapping(java.lang.String), 1.0, 7547, 
7571, getCurrencyMapping(), 0.0, 7547, 
7573, HolidayFileEntry(), 0.0, 7572, 
7577, getDate(), 0.0, 7572, 
7578, setDate(java.lang.String), 1.0, 7572, 
7579, getDescription(), 0.0, 7572, 
7580, setDescription(java.lang.String), 1.0, 7572, 
7581, getInfo(), 0.0, 7572, 
7582, setInfo(org.jfin.date.holiday.financialcalendarimpl.InfoFileEntry), 1.0, 7572, 
7583, getDateFormat(), 0.0, 7572, 
7584, setDateFormat(java.text.DateFormat), 1.0, 7572, 
7586, getReference(), 0.0, 7572, 
7588, HolidayCalendarFactoryFinancialCalendarImpl(java.io.IOException, java.lang.String, java.lang.String), 0.0, 7587, 
7589, getHolidayCalendar(java.lang.String), 1.0, 7587, 
7591, getHolidayFile(), 0.0, 7587, 
7592, setHolidayFile(org.jfin.date.holiday.financialcalendarimpl.HolidayFile), 1.0, 7587, 
7593, getInfoFile(), 0.0, 7587, 
7594, setInfoFile(org.jfin.date.holiday.financialcalendarimpl.InfoFile), 1.0, 7587, 
7595, getAvailableLocales(), 0.0, 7587, 
7597, HolidayFile(), 0.0, 7596, 
7600, addEntry(org.jfin.date.holiday.financialcalendarimpl.HolidayFileEntry), 1.0, 7596, 
7601, getEntryByReference(java.lang.String), 1.0, 7596, 
7603, InfoFile(), 0.0, 7602, 
7604, InfoFile(java.io.File), 1.0, 7602, 
7605, load(java.lang.String, java.io.File, java.io.BufferedReader, org.jfin.date.holiday.financialcalendarimpl.InfoFileEntry), 1.0, 7602, 
7606, addEntry(org.jfin.date.holiday.financialcalendarimpl.InfoFileEntry), 1.0, 7602, 
7607, getEntryByCode(java.lang.String), 1.0, 7602, 
7608, getAvailableCodes(String[], java.util.List, int), 0.0, 7602, 
7611, isWeekend(java.util.Calendar, java.lang.String, org.jfin.date.holiday.financialcalendarimpl.HolidayFileEntry), 1.0, 7609, 
7612, isHoliday(java.util.Calendar, java.lang.String, org.jfin.date.holiday.financialcalendarimpl.HolidayFileEntry), 1.0, 7609, 
7613, getHolidayFile(), 0.0, 7609, 
7614, setHolidayFile(org.jfin.date.holiday.financialcalendarimpl.HolidayFile), 1.0, 7609, 
7615, getLocale(), 0.0, 7609, 
7616, setLocale(java.lang.String), 1.0, 7609, 
7619, Iso4217Currency(java.lang.String), 1.0, 7618, 
7627, getFullName(), 0.0, 7618, 
7628, getCountries(), 0.0, 7618, 
7629, getReplacement(), 0.0, 7618, 
7630, hasBeenReplaced(), 0.0, 7618, 
7631, getNotes(), 0.0, 7618, 
7634, CSVFileFormatTokenizer(java.lang.String), 1.0, 7633, 
7635, split(java.lang.String, char, String[], java.lang.String, int, java.util.List), 1.0, 7633, 
7636, initialise(boolean, java.lang.String, String[], java.lang.String, java.util.List, java.lang.String, int), 1.0, 7633, 
7637, hasNext(), 0.0, 7633, 
7638, next(), 0.0, 7633, 
7639, getTokens(java.lang.String, org.jfin.common.CSVFileFormatTokenizer), 1.0, 7633, 
7640, getTokens(), 0.0, 7633, 
7641, nextNumber(), 0.0, 7633, 
7642, nextNumber(java.text.NumberFormat), 1.0, 7633, 
7643, nextDouble(), 0.0, 7633, 
7644, nextDouble(java.text.NumberFormat), 1.0, 7633, 
7645, nextInt(), 0.0, 7633, 
7646, nextInt(java.text.NumberFormat), 1.0, 7633, 
7647, nextLong(), 0.0, 7633, 
7648, nextLong(java.text.NumberFormat), 1.0, 7633, 
7649, nextByte(), 0.0, 7633, 
7650, nextByte(java.text.NumberFormat), 1.0, 7633, 
7651, nextShort(), 0.0, 7633, 
7652, nextShort(java.text.NumberFormat), 1.0, 7633, 
7653, nextFloat(), 0.0, 7633, 
7654, nextFloat(java.text.NumberFormat), 1.0, 7633, 
7655, nextDate(), 0.0, 7633, 
7656, nextDate(java.text.DateFormat), 1.0, 7633, 
7658, CSVReader(java.io.Reader), 1.0, 7657, 
7659, nextCSVLine(java.lang.String), 0.0, 7657, 
7662, getFullName(), 0.0, 7660, 
7663, getNumberCode(), 0.0, 7660, 
7664, getThreeLetterCode(), 0.0, 7660, 
7669, FixedAccrualPeriod(), 0.0, 7668, 
7670, FixedAccrualPeriod(org.jfin.date.accrual.impl.FixedAccrualPeriod, org.jfin.date.Period), 1.0, 7668, 
7671, clone(), 0.0, 7668, 
7672, getFixedRate(), 0.0, 7668, 
7673, setFixedRate(double), 1.0, 7668, 
7674, getPaymentAmount(double), 1.0, 7668, 
7675, isPaymentPossible(), 0.0, 7668, 
7677, FloatAccrualPeriod(), 0.0, 7676, 
7678, FloatAccrualPeriod(org.jfin.date.accrual.impl.FloatAccrualPeriod, org.jfin.date.Period), 1.0, 7676, 
7679, clone(), 0.0, 7676, 
7680, initialise(), 0.0, 7676, 
7681, getPaymentAmount(double), 1.0, 7676, 
7682, isPaymentPossible(), 0.0, 7676, 
7683, getAdjustedFixingCalendar(), 0.0, 7676, 
7684, getFixingCalendar(), 0.0, 7676, 
7685, setFixingCalendar(java.util.Calendar), 1.0, 7676, 
7686, getFixingAdjustmentType(), 0.0, 7676, 
7687, setFixingAdjustmentType(org.jfin.date.accrual.impl.FixingAdjustmentType), 1.0, 7676, 
7688, getFixingBusinessDayConvention(), 0.0, 7676, 
7689, setFixingBusinessDayConvention(org.jfin.date.BusinessDayConvention), 1.0, 7676, 
7690, getFixingHolidayCalendar(), 0.0, 7676, 
7691, setFixingHolidayCalendar(org.jfin.date.holiday.HolidayCalendar), 1.0, 7676, 
7692, getFixingCalendarOffsetAmount(), 0.0, 7676, 
7693, setFixingCalendarOffsetAmount(int), 1.0, 7676, 
7694, getFixingRate(), 0.0, 7676, 
7695, setFixingRate(double), 1.0, 7676, 
7697, FlatNotionalSchedule(), 0.0, 7696, 
7698, FlatNotionalSchedule(org.jfin.date.accrual.Notional), 1.0, 7696, 
7700, getAmount(), 0.0, 7696, 
7701, setAmount(double), 1.0, 7696, 
7702, getCurrency(), 0.0, 7696, 
7703, setCurrency(org.jfin.common.Iso4217Currency), 1.0, 7696, 
7707, isWeekend(java.util.Calendar), 1.0, 7706, 
7708, isHoliday(java.util.Calendar), 1.0, 7706, 
7711, getHolidayCalendar(java.lang.String), 1.0, 7710, 
7713, getAvailableLocales(), 0.0, 7710, 
