7717, Constant_Utf8(java.lang.String), 1.0, 7716, 
7718, toString(), 0.0, 7716, 
7721, toString(), 0.0, 7719, 
7723, ConstantPoolItem(byte), 1.0, 7722, 
7735, Constant_String(int), 1.0, 7734, 
7736, toString(), 0.0, 7734, 
7739, toString(), 0.0, 7737, 
7741, Constant_Double(double), 1.0, 7740, 
7742, toString(), 0.0, 7740, 
7746, Constant_Class(int), 1.0, 7745, 
7747, toString(), 0.0, 7745, 
7749, Constant_Long(long), 1.0, 7748, 
7750, getValue(), 0.0, 7748, 
7751, toString(), 0.0, 7748, 
7755, Attribute_Synthetic(), 0.0, 7754, 
7757, Attribute_Deprecated(), 0.0, 7756, 
7759, Constant_Integer(int), 1.0, 7758, 
7760, toString(), 0.0, 7758, 
7766, toString(), 0.0, 7764, 
7768, Constant_Float(float), 1.0, 7767, 
7769, toString(), 0.0, 7767, 
7772, toString(), 0.0, 7770, 
7780, ConstantPool(ConstantPoolItem[]), 1.0, 7779, 
7781, getConstant(int), 1.0, 7779, 
7782, getConstantPoolCount(), 0.0, 7779, 
7783, toString(com.jasml.classes.ConstantPoolItem, int, java.lang.StringBuffer), 0.0, 7779, 
7785, Attribute_Code(), 0.0, 7784, 
7791, Opcode(), 0.0, 7789, 
7799, loadOpcodes(org.w3c.dom.Node, org.w3c.dom.NodeList, javax.xml.parsers.DocumentBuilderFactory, org.w3c.dom.Document, int, int), 0.0, 7798, 
7800, processOpcode(org.w3c.dom.Node, int, int, org.w3c.dom.NamedNodeMap, org.w3c.dom.NodeList, int, com.jasml.helper.OpcodeInfo, short[], java.lang.String, org.w3c.dom.NodeList, int), 1.0, 7798, 
7801, main(com.jasml.helper.OpcodeInfo, OpcodeInfo[], String[], int, com.jasml.helper.OpcodeLoader), 1.0, 7798, 
7802, prt(java.lang.String), 1.0, 7798, 
7803, pr(java.lang.String), 1.0, 7798, 
7806, getOpcodeInfo(byte), 1.0, 7805, 
7807, getOpcodeInfo(java.lang.String, java.lang.Object), 1.0, 7805, 
7809, accessFlagToString_Class(short, java.lang.StringBuffer), 1.0, 7808, 
7810, getAccessFlag_Class(short, java.lang.String), 1.0, 7808, 
7811, accessFlagToString_Field(short, java.lang.StringBuffer), 1.0, 7808, 
7812, accessFlagToString_Method(short, java.lang.StringBuffer), 1.0, 7808, 
7813, getAccessFlag_Method(short, java.lang.String), 1.0, 7808, 
7814, getAccessFlag_Field(short, java.lang.String), 1.0, 7808, 
7815, hasMethodBody(short), 1.0, 7808, 
7816, methodParameterToString(int, java.lang.String, int, java.lang.String, java.lang.StringBuffer), 1.0, 7808, 
7817, descriptorToString(java.lang.String, java.lang.String, int), 1.0, 7808, 
7818, toInnerType(java.lang.String, int, java.lang.String), 1.0, 7808, 
7819, toInnerClassName(int, java.lang.String, int), 1.0, 7808, 
7820, toInnerParameterTypes(java.lang.String, java.lang.StringBuffer, java.util.StringTokenizer), 1.0, 7808, 
7822, isDigit(char, java.lang.String, int), 1.0, 7808, 
7824, constantClassToString(java.lang.String, int), 1.0, 7808, 
7825, getPrimitiveTypeCode(int, java.lang.String), 1.0, 7808, 
7826, toViewableString(char, java.lang.String, int, int, java.lang.StringBuffer), 1.0, 7808, 
7827, getUnicodeChar(char), 1.0, 7808, 
7828, parseViewableString(int, int, java.lang.String, char, int, java.lang.StringBuffer), 1.0, 7808, 
7830, getNum(byte[]), 1.0, 7808, 
7831, getSignedNum(byte[]), 1.0, 7808, 
7832, main(int, String[]), 1.0, 7808, 
7836, IntegerArray(int), 1.0, 7835, 
7837, add(int, int[]), 1.0, 7835, 
7838, getAll(int[]), 0.0, 7835, 
7845, ParsingException(java.lang.String), 1.0, 7840, 
7846, getMessage(java.lang.StringBuffer), 0.0, 7840, 
7849, SourceCodeParser(java.io.File), 1.0, 7848, 
7850, SourceCodeParser(java.lang.String), 1.0, 7848, 
7851, parse(), 0.0, 7848, 
7852, preprocessConstantValues(java.lang.String), 0.0, 7848, 
7853, parseClass(), 0.0, 7848, 
7854, parseClassSignature(int, com.jasml.helper.IntegerArray), 0.0, 7848, 
7855, parseFields(java.lang.Object, java.util.ArrayList), 0.0, 7848, 
7856, parseField(java.lang.String, int, int, com.jasml.classes.Attribute_ConstantValue, java.lang.String, java.lang.String, java.lang.String, java.util.ArrayList, com.jasml.classes.Field), 0.0, 7848, 
7857, parseMethods(java.lang.Object, java.util.ArrayList), 0.0, 7848, 
7858, parseMethod(com.jasml.classes.Attribute_Code, java.util.ArrayList, com.jasml.compiler.SourceCodeParser.LabeledInstructions, com.jasml.classes.Method, int, java.util.ArrayList), 0.0, 7848, 
7860, parseLineNumbers(java.lang.String), 1.0, 7848, 
7861, parseMethodInstructions(com.jasml.helper.OpcodeInfo, java.util.ArrayList, byte[][], java.util.Hashtable, int, com.jasml.classes.Method, int, boolean, java.lang.String, boolean, int, java.lang.String, int, int, int, int, com.jasml.classes.Attribute_Code.Opcode, int, java.util.ArrayList, java.util.ArrayList, java.lang.String, java.lang.StringBuffer, java.lang.String, int, int), 1.0, 7848, 
7867, parseAttribute(com.jasml.classes.Attribute, java.lang.String), 0.0, 7848, 
7868, parseInnerClasses(com.jasml.classes.Attribute_InnerClasses, int, com.jasml.compiler.Scanner, int, int, int, java.util.ArrayList), 0.0, 7848, 
7869, parseClassAttributes(java.lang.String, int, int, java.util.ArrayList), 0.0, 7848, 
7870, parseMaxStackOrLocals(com.jasml.classes.Attribute_Code, com.jasml.compiler.Scanner), 1.0, 7848, 
7871, parseMajorOrMinor(java.lang.String, java.lang.NumberFormatException), 0.0, 7848, 
7872, parseInteger(java.lang.String), 1.0, 7848, 
7873, parseLong(java.lang.String), 1.0, 7848, 
7874, parseFloat(java.lang.String), 1.0, 7848, 
7875, parseDouble(java.lang.String), 1.0, 7848, 
7877, main(String[], com.jasml.compiler.SourceCodeParser), 1.0, 7848, 
7879, ConstantPoolGenerator(), 0.0, 7878, 
7880, getConstantPool(ConstantPoolItem[], com.jasml.classes.ConstantPool), 0.0, 7878, 
7881, addClass(java.lang.String, int, int), 1.0, 7878, 
7882, addDouble(int, double), 1.0, 7878, 
7884, addFloat(int, float), 1.0, 7878, 
7885, addInteger(int, int), 1.0, 7878, 
7887, addLong(int, long), 1.0, 7878, 
7889, lookupMIFref(java.lang.String, java.lang.Object), 1.0, 7878, 
7892, addString(com.jasml.classes.ConstantPoolItem, int, java.lang.String), 1.0, 7878, 
7893, lookupString(java.lang.String, java.lang.Object), 1.0, 7878, 
7894, addUtf8(com.jasml.classes.ConstantPoolItem, int, java.lang.String), 1.0, 7878, 
7895, lookupUtf8(com.jasml.classes.ConstantPoolItem, java.lang.String, int), 1.0, 7878, 
7896, lookupClass(java.lang.String, java.lang.Object), 1.0, 7878, 
7897, lookupNameAndType(java.lang.String, java.lang.Object), 1.0, 7878, 
7898, lookupDouble(com.jasml.classes.ConstantPoolItem, double, int), 1.0, 7878, 
7899, lookupInt(com.jasml.classes.ConstantPoolItem, int, int), 1.0, 7878, 
7900, lookupFloat(com.jasml.classes.ConstantPoolItem, float, int), 1.0, 7878, 
7901, lookupLong(com.jasml.classes.ConstantPoolItem, long, int), 1.0, 7878, 
7902, ensureCapacity(ConstantPoolItem[]), 0.0, 7878, 
7903, main(String[], com.jasml.compiler.ConstantPoolGenerator), 1.0, 7878, 
7910, OpcodeWrapper(com.jasml.classes.Attribute_Code.Opcode), 1.0, 7909, 
7916, dump(), 0.0, 7914, 
7917, dumpClassHeader(), 0.0, 7914, 
7918, dumpConstantPool(com.jasml.classes.ConstantPoolItem, com.jasml.classes.ConstantPool, int, int, int), 0.0, 7914, 
7919, dumpClassInfo(), 0.0, 7914, 
7920, dumpInterfaces(int), 0.0, 7914, 
7921, dumpFields(com.jasml.classes.Field, int, int), 0.0, 7914, 
7922, dumpMethods(com.jasml.classes.Method, int, int), 0.0, 7914, 
7923, dumpClassAttributes(int), 0.0, 7914, 
7924, dumpAttribute(com.jasml.classes.Attribute_InnerClasses.InnerClass, com.jasml.classes.Attribute_LocalVariableTable.LocalVariable, com.jasml.classes.Attribute_Code.ExceptionTableItem, com.jasml.classes.Attribute_Code.Opcode, byte[][], com.jasml.classes.Attribute, com.jasml.classes.Attribute_Code, com.jasml.classes.Attribute_LocalVariableTable, com.jasml.classes.Attribute_InnerClasses, com.jasml.classes.Attribute_Exceptions, int, int), 1.0, 7914, 
7927, Scanner(), 0.0, 7925, 
7928, Scanner(java.lang.String), 1.0, 7925, 
7930, Scanner(java.io.FileReader, java.io.IOException, java.io.File, char[]), 1.0, 7925, 
7931, getContent(), 0.0, 7925, 
7932, mark(), 0.0, 7925, 
7933, restore(), 0.0, 7925, 
7934, setLineNumberOn(boolean), 1.0, 7925, 
7935, setColumnNumberOn(boolean), 1.0, 7925, 
7936, nextToken(char, int), 0.0, 7925, 
7937, specialNumberType(java.lang.String), 1.0, 7925, 
7938, isValidName(char, java.lang.String, int), 1.0, 7925, 
7939, getOffset(), 0.0, 7925, 
7940, getLength(), 0.0, 7925, 
7941, tokenType(), 0.0, 7925, 
7942, token(), 0.0, 7925, 
7943, getLineNumberStart(), 0.0, 7925, 
7944, getLineNumberEnd(), 0.0, 7925, 
7945, getColumnNumberStart(), 0.0, 7925, 
7946, getColumnNumberEnd(), 0.0, 7925, 
7947, skipSpaces(char), 0.0, 7925, 
7948, read(char), 0.0, 7925, 
7949, consumeDigits(char), 0.0, 7925, 
7950, unread(char), 0.0, 7925, 
7951, delComment(int, char, boolean, int, boolean, boolean, char[], int), 1.0, 7925, 
7952, isSeparatingChar(char), 1.0, 7925, 
7953, isInstruction(java.lang.String), 1.0, 7925, 
7954, isAccessFlag(java.lang.String), 1.0, 7925, 
7957, main(String[], com.jasml.compiler.Scanner, com.jasml.compiler.ParsingException), 1.0, 7925, 
7961, SourceCodeBuilderConfiguration(), 0.0, 7959, 
7963, parseClass(com.jasml.classes.JavaClass, java.io.File, java.io.FileInputStream, java.lang.Exception), 1.0, 7962, 
7964, readMagic(), 0.0, 7962, 
7965, readVersion(), 0.0, 7962, 
7966, readConstant_Pool_Count(), 0.0, 7962, 
7967, readConstantPool(byte, ConstantPoolItem[], int), 0.0, 7962, 
7968, readAccess_flags(), 0.0, 7962, 
7969, readThis_class(), 0.0, 7962, 
7970, readSuper_class(), 0.0, 7962, 
7971, readInterfaces(int), 0.0, 7962, 
7972, readFields(int), 0.0, 7962, 
7973, readMethods(int), 0.0, 7962, 
7974, readAttributes(int), 0.0, 7962, 
7975, readField(int, int, Attribute[], int, int, java.io.DataInputStream, int), 1.0, 7962, 
7976, readMethod(int, int, int, Attribute[], int, java.io.DataInputStream, int), 1.0, 7962, 
7977, readAttribute(Opcode[], int, int, Attribute[], int, int, int, int, LocalVariable[], int, InnerClass[], int, int, ExceptionTableItem[], int, byte[], int, LineNumber[], int[], java.io.DataInputStream, int, com.jasml.classes.Attribute, byte[], int, java.lang.String), 1.0, 7962, 
7978, readExceptionTableItem(java.io.DataInputStream), 1.0, 7962, 
7979, readInnerClass(java.io.DataInputStream), 1.0, 7962, 
7980, readLineNumber(java.io.DataInputStream), 1.0, 7962, 
7981, readLocalVariable(java.io.DataInputStream), 1.0, 7962, 
7982, parseOpcodes(byte[], com.jasml.helper.OpcodeInfo, int, byte[][], int, int, byte[], int, java.util.ArrayList, byte[], int, int, boolean, com.jasml.classes.Attribute_Code.Opcode, byte[], int, int, int, byte[], int), 1.0, 7962, 
7983, prt(java.lang.Object), 1.0, 7962, 
7986, SourceCodeBuilder(), 0.0, 7985, 
7987, SourceCodeBuilder(com.jasml.decompiler.SourceCodeBuilderConfiguration), 1.0, 7985, 
7988, toString(com.jasml.classes.Attribute_ConstantValue), 1.0, 7985, 
7989, toString(com.jasml.classes.Attribute_Deprecated), 1.0, 7985, 
7990, toString(com.jasml.classes.Attribute_Synthetic), 1.0, 7985, 
7991, toString(com.jasml.classes.Attribute_SourceFile), 1.0, 7985, 
7993, toString(com.jasml.classes.Attribute_LineNumberTable, int, java.lang.StringBuffer), 1.0, 7985, 
7994, toString(com.jasml.classes.Attribute_InnerClasses.InnerClass, com.jasml.classes.Attribute_InnerClasses, java.lang.StringBuffer, int), 1.0, 7985, 
7995, toString(com.jasml.classes.Attribute_Exceptions, int, java.lang.StringBuffer), 1.0, 7985, 
7998, toString(com.jasml.classes.Attribute, java.lang.StringBuffer), 1.0, 7985, 
7999, toString(com.jasml.classes.Constant_Float), 1.0, 7985, 
8000, toString(com.jasml.classes.Constant_Long), 1.0, 7985, 
8001, toString(com.jasml.classes.Constant_Double), 1.0, 7985, 
8002, toString(com.jasml.classes.Constant_Utf8), 1.0, 7985, 
8003, toString(com.jasml.classes.ConstantPoolItem), 1.0, 7985, 
8004, toString(com.jasml.classes.Constant_Integer), 1.0, 7985, 
8005, toString(com.jasml.classes.Constant_Class), 1.0, 7985, 
8006, toString(java.lang.String, java.lang.String, com.jasml.classes.Constant_Fieldref, java.lang.String, int), 1.0, 7985, 
8007, toString(java.lang.String, int, java.lang.String, java.lang.String, com.jasml.classes.Constant_InterfaceMethodref, java.lang.String), 1.0, 7985, 
8008, toString(java.lang.String, java.lang.String, java.lang.String, int, com.jasml.classes.Constant_Methodref, java.lang.String), 1.0, 7985, 
8009, toString(com.jasml.classes.Constant_NameAndType), 1.0, 7985, 
8010, toString(com.jasml.classes.Constant_String), 1.0, 7985, 
8011, toString(com.jasml.classes.JavaClass, int, java.lang.String, java.lang.StringBuffer), 1.0, 7985, 
8012, toString(com.jasml.classes.Field, int, java.lang.StringBuffer), 1.0, 7985, 
8013, toString(java.lang.String, java.lang.String, com.jasml.classes.Method, java.lang.String, int, java.lang.StringBuffer, int), 1.0, 7985, 
8014, calculateReferences(com.jasml.classes.Method, int, int, ExceptionTableItem[], com.jasml.classes.Attribute_LocalVariableTable, com.jasml.classes.Attribute_LocalVariableTable.LocalVariable, Opcode[], com.jasml.classes.Attribute_Code.Opcode, com.jasml.classes.Attribute_Code, LocalVariable[], int, com.jasml.classes.Attribute, int, com.jasml.classes.Attribute_Code.ExceptionTableItem, com.jasml.classes.Attribute_LineNumberTable, java.util.HashSet, LineNumber[]), 1.0, 7985, 
8016, toString_Static(com.jasml.classes.JavaClass, com.jasml.decompiler.SourceCodeBuilder), 1.0, 7985, 
8019, main(String[]), 1.0, 8018, 
8020, process(java.io.File), 1.0, 8018, 
8021, processDir(java.io.File, File[], java.io.File, int), 1.0, 8018, 
8022, processFile(java.io.File, java.lang.String, java.io.File, int), 1.0, 8018, 
8025, error(java.lang.String), 1.0, 8018, 
8026, processArgs(java.lang.String, String[], java.io.File, int), 1.0, 8018, 
