216, ErrorWindows, NOMNAMM, 3.0, 215, 
216, ErrorWindows, NOM, 3.0, 215, 
216, ErrorWindows, LOC, 74.0, 215, 
216, ErrorWindows, WMC, 3.0, 215, 
216, ErrorWindows, NOA, 3.0, 215, 
216, ErrorWindows, WMCNAMM, 3.0, 215, 
216, ErrorWindows, AMW, 1.0, 215, 
216, ErrorWindows, LOCNAMM, 74.0, 215, 
216, ErrorWindows, NOAM, 0.0, 215, 
216, ErrorWindows, ATFD, 0.0, 215, 
216, ErrorWindows, DIT, 1.0, 215, 
216, ErrorWindows, NOC, 0.0, 215, 
216, ErrorWindows, CBO, 0.0, 215, 
216, ErrorWindows, FANOUT, 2.0, 215, 
216, ErrorWindows, NMO, 0.0, 215, 
216, ErrorWindows, WOC, 1.0, 215, 
216, ErrorWindows, NOII, 0.0, 215, 
216, ErrorWindows, RFC, 5.0, 215, 
216, ErrorWindows, CFNAMM, 12.0, 215, 
216, ErrorWindows, LCOM5, 1.0, 215, 
216, ErrorWindows, NOPA, 0.0, 215, 
216, ErrorWindows, TCC, 1.0, 215, 
216, ErrorWindows, AMWNAMM, 1.0, 215, 
216, ErrorWindows, NIM, 0.0, 215, 
216, ErrorWindows, NOCS, 2.0, 215, 
220, it.unimib.disco.essere.WekaNose.gui.ErrorWindows$1, NOMNAMM, 1.0, 215, 
220, it.unimib.disco.essere.WekaNose.gui.ErrorWindows$1, NOM, 1.0, 215, 
220, it.unimib.disco.essere.WekaNose.gui.ErrorWindows$1, LOC, 10.0, 215, 
220, it.unimib.disco.essere.WekaNose.gui.ErrorWindows$1, WMC, 2.0, 215, 
220, it.unimib.disco.essere.WekaNose.gui.ErrorWindows$1, NOA, 0.0, 215, 
220, it.unimib.disco.essere.WekaNose.gui.ErrorWindows$1, WMCNAMM, 2.0, 215, 
220, it.unimib.disco.essere.WekaNose.gui.ErrorWindows$1, AMW, 2.0, 215, 
220, it.unimib.disco.essere.WekaNose.gui.ErrorWindows$1, LOCNAMM, 10.0, 215, 
220, it.unimib.disco.essere.WekaNose.gui.ErrorWindows$1, NOAM, 0.0, 215, 
220, it.unimib.disco.essere.WekaNose.gui.ErrorWindows$1, ATFD, 1.0, 215, 
220, it.unimib.disco.essere.WekaNose.gui.ErrorWindows$1, DIT, 1.0, 215, 
220, it.unimib.disco.essere.WekaNose.gui.ErrorWindows$1, CBO, 1.0, 215, 
220, it.unimib.disco.essere.WekaNose.gui.ErrorWindows$1, FANOUT, 1.0, 215, 
220, it.unimib.disco.essere.WekaNose.gui.ErrorWindows$1, NMO, 0.0, 215, 
220, it.unimib.disco.essere.WekaNose.gui.ErrorWindows$1, NOII, 1.0, 215, 
220, it.unimib.disco.essere.WekaNose.gui.ErrorWindows$1, RFC, 2.0, 215, 
220, it.unimib.disco.essere.WekaNose.gui.ErrorWindows$1, CFNAMM, 4.0, 215, 
220, it.unimib.disco.essere.WekaNose.gui.ErrorWindows$1, LCOM5, 0.0, 215, 
220, it.unimib.disco.essere.WekaNose.gui.ErrorWindows$1, NOPA, 0.0, 215, 
220, it.unimib.disco.essere.WekaNose.gui.ErrorWindows$1, TCC, 1.0, 215, 
220, it.unimib.disco.essere.WekaNose.gui.ErrorWindows$1, AMWNAMM, 2.0, 215, 
220, it.unimib.disco.essere.WekaNose.gui.ErrorWindows$1, NIM, 0.0, 215, 
220, it.unimib.disco.essere.WekaNose.gui.ErrorWindows$1, NOCS, 0.0, 215, 
223, it.unimib.disco.essere.WekaNose.gui.ErrorWindows$2, NOMNAMM, 1.0, 215, 
223, it.unimib.disco.essere.WekaNose.gui.ErrorWindows$2, NOM, 1.0, 215, 
223, it.unimib.disco.essere.WekaNose.gui.ErrorWindows$2, LOC, 5.0, 215, 
223, it.unimib.disco.essere.WekaNose.gui.ErrorWindows$2, WMC, 1.0, 215, 
223, it.unimib.disco.essere.WekaNose.gui.ErrorWindows$2, NOA, 0.0, 215, 
223, it.unimib.disco.essere.WekaNose.gui.ErrorWindows$2, WMCNAMM, 1.0, 215, 
223, it.unimib.disco.essere.WekaNose.gui.ErrorWindows$2, AMW, 1.0, 215, 
223, it.unimib.disco.essere.WekaNose.gui.ErrorWindows$2, LOCNAMM, 5.0, 215, 
223, it.unimib.disco.essere.WekaNose.gui.ErrorWindows$2, NOAM, 0.0, 215, 
223, it.unimib.disco.essere.WekaNose.gui.ErrorWindows$2, ATFD, 1.0, 215, 
223, it.unimib.disco.essere.WekaNose.gui.ErrorWindows$2, DIT, 1.0, 215, 
223, it.unimib.disco.essere.WekaNose.gui.ErrorWindows$2, CBO, 1.0, 215, 
223, it.unimib.disco.essere.WekaNose.gui.ErrorWindows$2, FANOUT, 0.0, 215, 
223, it.unimib.disco.essere.WekaNose.gui.ErrorWindows$2, NMO, 0.0, 215, 
223, it.unimib.disco.essere.WekaNose.gui.ErrorWindows$2, NOII, 1.0, 215, 
223, it.unimib.disco.essere.WekaNose.gui.ErrorWindows$2, RFC, 1.0, 215, 
223, it.unimib.disco.essere.WekaNose.gui.ErrorWindows$2, CFNAMM, 0.0, 215, 
223, it.unimib.disco.essere.WekaNose.gui.ErrorWindows$2, LCOM5, 0.0, 215, 
223, it.unimib.disco.essere.WekaNose.gui.ErrorWindows$2, NOPA, 0.0, 215, 
223, it.unimib.disco.essere.WekaNose.gui.ErrorWindows$2, TCC, 1.0, 215, 
223, it.unimib.disco.essere.WekaNose.gui.ErrorWindows$2, AMWNAMM, 1.0, 215, 
223, it.unimib.disco.essere.WekaNose.gui.ErrorWindows$2, NIM, 0.0, 215, 
223, it.unimib.disco.essere.WekaNose.gui.ErrorWindows$2, NOCS, 0.0, 215, 
226, HomePage, NOMNAMM, 4.0, 215, 
226, HomePage, NOM, 4.0, 215, 
226, HomePage, LOC, 89.0, 215, 
226, HomePage, WMC, 5.0, 215, 
226, HomePage, NOA, 1.0, 215, 
226, HomePage, WMCNAMM, 5.0, 215, 
226, HomePage, AMW, 1.25, 215, 
226, HomePage, LOCNAMM, 89.0, 215, 
226, HomePage, NOAM, 0.0, 215, 
226, HomePage, ATFD, 0.0, 215, 
226, HomePage, DIT, 1.0, 215, 
226, HomePage, NOC, 0.0, 215, 
226, HomePage, CBO, 0.0, 215, 
226, HomePage, FANOUT, 4.0, 215, 
226, HomePage, NMO, 0.0, 215, 
226, HomePage, WOC, 1.0, 215, 
226, HomePage, NOII, 0.0, 215, 
226, HomePage, RFC, 8.0, 215, 
226, HomePage, CFNAMM, 26.0, 215, 
226, HomePage, LCOM5, 1.0, 215, 
226, HomePage, NOPA, 0.0, 215, 
226, HomePage, TCC, 0.0, 215, 
226, HomePage, AMWNAMM, 1.25, 215, 
226, HomePage, NIM, 0.0, 215, 
226, HomePage, NOCS, 4.0, 215, 
231, it.unimib.disco.essere.WekaNose.gui.HomePage$1, NOMNAMM, 1.0, 215, 
231, it.unimib.disco.essere.WekaNose.gui.HomePage$1, NOM, 1.0, 215, 
231, it.unimib.disco.essere.WekaNose.gui.HomePage$1, LOC, 5.0, 215, 
231, it.unimib.disco.essere.WekaNose.gui.HomePage$1, WMC, 1.0, 215, 
231, it.unimib.disco.essere.WekaNose.gui.HomePage$1, NOA, 0.0, 215, 
231, it.unimib.disco.essere.WekaNose.gui.HomePage$1, WMCNAMM, 1.0, 215, 
231, it.unimib.disco.essere.WekaNose.gui.HomePage$1, AMW, 1.0, 215, 
231, it.unimib.disco.essere.WekaNose.gui.HomePage$1, LOCNAMM, 5.0, 215, 
231, it.unimib.disco.essere.WekaNose.gui.HomePage$1, NOAM, 0.0, 215, 
231, it.unimib.disco.essere.WekaNose.gui.HomePage$1, ATFD, 0.0, 215, 
231, it.unimib.disco.essere.WekaNose.gui.HomePage$1, DIT, 1.0, 215, 
231, it.unimib.disco.essere.WekaNose.gui.HomePage$1, CBO, 1.0, 215, 
231, it.unimib.disco.essere.WekaNose.gui.HomePage$1, FANOUT, 1.0, 215, 
231, it.unimib.disco.essere.WekaNose.gui.HomePage$1, NMO, 0.0, 215, 
231, it.unimib.disco.essere.WekaNose.gui.HomePage$1, NOII, 1.0, 215, 
231, it.unimib.disco.essere.WekaNose.gui.HomePage$1, RFC, 2.0, 215, 
231, it.unimib.disco.essere.WekaNose.gui.HomePage$1, CFNAMM, 4.0, 215, 
231, it.unimib.disco.essere.WekaNose.gui.HomePage$1, LCOM5, 0.0, 215, 
231, it.unimib.disco.essere.WekaNose.gui.HomePage$1, NOPA, 0.0, 215, 
231, it.unimib.disco.essere.WekaNose.gui.HomePage$1, TCC, 1.0, 215, 
231, it.unimib.disco.essere.WekaNose.gui.HomePage$1, AMWNAMM, 1.0, 215, 
231, it.unimib.disco.essere.WekaNose.gui.HomePage$1, NIM, 0.0, 215, 
231, it.unimib.disco.essere.WekaNose.gui.HomePage$1, NOCS, 0.0, 215, 
234, it.unimib.disco.essere.WekaNose.gui.HomePage$2, NOMNAMM, 1.0, 215, 
234, it.unimib.disco.essere.WekaNose.gui.HomePage$2, NOM, 1.0, 215, 
234, it.unimib.disco.essere.WekaNose.gui.HomePage$2, LOC, 5.0, 215, 
234, it.unimib.disco.essere.WekaNose.gui.HomePage$2, WMC, 1.0, 215, 
234, it.unimib.disco.essere.WekaNose.gui.HomePage$2, NOA, 0.0, 215, 
234, it.unimib.disco.essere.WekaNose.gui.HomePage$2, WMCNAMM, 1.0, 215, 
234, it.unimib.disco.essere.WekaNose.gui.HomePage$2, AMW, 1.0, 215, 
234, it.unimib.disco.essere.WekaNose.gui.HomePage$2, LOCNAMM, 5.0, 215, 
234, it.unimib.disco.essere.WekaNose.gui.HomePage$2, NOAM, 0.0, 215, 
234, it.unimib.disco.essere.WekaNose.gui.HomePage$2, ATFD, 0.0, 215, 
234, it.unimib.disco.essere.WekaNose.gui.HomePage$2, DIT, 1.0, 215, 
234, it.unimib.disco.essere.WekaNose.gui.HomePage$2, CBO, 1.0, 215, 
234, it.unimib.disco.essere.WekaNose.gui.HomePage$2, FANOUT, 1.0, 215, 
234, it.unimib.disco.essere.WekaNose.gui.HomePage$2, NMO, 0.0, 215, 
234, it.unimib.disco.essere.WekaNose.gui.HomePage$2, NOII, 1.0, 215, 
234, it.unimib.disco.essere.WekaNose.gui.HomePage$2, RFC, 2.0, 215, 
234, it.unimib.disco.essere.WekaNose.gui.HomePage$2, CFNAMM, 4.0, 215, 
234, it.unimib.disco.essere.WekaNose.gui.HomePage$2, LCOM5, 0.0, 215, 
234, it.unimib.disco.essere.WekaNose.gui.HomePage$2, NOPA, 0.0, 215, 
234, it.unimib.disco.essere.WekaNose.gui.HomePage$2, TCC, 1.0, 215, 
234, it.unimib.disco.essere.WekaNose.gui.HomePage$2, AMWNAMM, 1.0, 215, 
234, it.unimib.disco.essere.WekaNose.gui.HomePage$2, NIM, 0.0, 215, 
234, it.unimib.disco.essere.WekaNose.gui.HomePage$2, NOCS, 0.0, 215, 
237, it.unimib.disco.essere.WekaNose.gui.HomePage$3, NOMNAMM, 1.0, 215, 
237, it.unimib.disco.essere.WekaNose.gui.HomePage$3, NOM, 1.0, 215, 
237, it.unimib.disco.essere.WekaNose.gui.HomePage$3, LOC, 10.0, 215, 
237, it.unimib.disco.essere.WekaNose.gui.HomePage$3, WMC, 2.0, 215, 
237, it.unimib.disco.essere.WekaNose.gui.HomePage$3, NOA, 0.0, 215, 
237, it.unimib.disco.essere.WekaNose.gui.HomePage$3, WMCNAMM, 2.0, 215, 
237, it.unimib.disco.essere.WekaNose.gui.HomePage$3, AMW, 2.0, 215, 
237, it.unimib.disco.essere.WekaNose.gui.HomePage$3, LOCNAMM, 10.0, 215, 
237, it.unimib.disco.essere.WekaNose.gui.HomePage$3, NOAM, 0.0, 215, 
237, it.unimib.disco.essere.WekaNose.gui.HomePage$3, ATFD, 1.0, 215, 
237, it.unimib.disco.essere.WekaNose.gui.HomePage$3, DIT, 1.0, 215, 
237, it.unimib.disco.essere.WekaNose.gui.HomePage$3, CBO, 1.0, 215, 
237, it.unimib.disco.essere.WekaNose.gui.HomePage$3, FANOUT, 1.0, 215, 
237, it.unimib.disco.essere.WekaNose.gui.HomePage$3, NMO, 0.0, 215, 
237, it.unimib.disco.essere.WekaNose.gui.HomePage$3, NOII, 1.0, 215, 
237, it.unimib.disco.essere.WekaNose.gui.HomePage$3, RFC, 2.0, 215, 
237, it.unimib.disco.essere.WekaNose.gui.HomePage$3, CFNAMM, 4.0, 215, 
237, it.unimib.disco.essere.WekaNose.gui.HomePage$3, LCOM5, 0.0, 215, 
237, it.unimib.disco.essere.WekaNose.gui.HomePage$3, NOPA, 0.0, 215, 
237, it.unimib.disco.essere.WekaNose.gui.HomePage$3, TCC, 1.0, 215, 
237, it.unimib.disco.essere.WekaNose.gui.HomePage$3, AMWNAMM, 2.0, 215, 
237, it.unimib.disco.essere.WekaNose.gui.HomePage$3, NIM, 0.0, 215, 
237, it.unimib.disco.essere.WekaNose.gui.HomePage$3, NOCS, 0.0, 215, 
240, it.unimib.disco.essere.WekaNose.gui.HomePage$4, NOMNAMM, 1.0, 215, 
240, it.unimib.disco.essere.WekaNose.gui.HomePage$4, NOM, 1.0, 215, 
240, it.unimib.disco.essere.WekaNose.gui.HomePage$4, LOC, 10.0, 215, 
240, it.unimib.disco.essere.WekaNose.gui.HomePage$4, WMC, 2.0, 215, 
240, it.unimib.disco.essere.WekaNose.gui.HomePage$4, NOA, 0.0, 215, 
240, it.unimib.disco.essere.WekaNose.gui.HomePage$4, WMCNAMM, 2.0, 215, 
240, it.unimib.disco.essere.WekaNose.gui.HomePage$4, AMW, 2.0, 215, 
240, it.unimib.disco.essere.WekaNose.gui.HomePage$4, LOCNAMM, 10.0, 215, 
240, it.unimib.disco.essere.WekaNose.gui.HomePage$4, NOAM, 0.0, 215, 
240, it.unimib.disco.essere.WekaNose.gui.HomePage$4, ATFD, 1.0, 215, 
240, it.unimib.disco.essere.WekaNose.gui.HomePage$4, DIT, 1.0, 215, 
240, it.unimib.disco.essere.WekaNose.gui.HomePage$4, CBO, 1.0, 215, 
240, it.unimib.disco.essere.WekaNose.gui.HomePage$4, FANOUT, 1.0, 215, 
240, it.unimib.disco.essere.WekaNose.gui.HomePage$4, NMO, 0.0, 215, 
240, it.unimib.disco.essere.WekaNose.gui.HomePage$4, NOII, 1.0, 215, 
240, it.unimib.disco.essere.WekaNose.gui.HomePage$4, RFC, 2.0, 215, 
240, it.unimib.disco.essere.WekaNose.gui.HomePage$4, CFNAMM, 4.0, 215, 
240, it.unimib.disco.essere.WekaNose.gui.HomePage$4, LCOM5, 0.0, 215, 
240, it.unimib.disco.essere.WekaNose.gui.HomePage$4, NOPA, 0.0, 215, 
240, it.unimib.disco.essere.WekaNose.gui.HomePage$4, TCC, 1.0, 215, 
240, it.unimib.disco.essere.WekaNose.gui.HomePage$4, AMWNAMM, 2.0, 215, 
240, it.unimib.disco.essere.WekaNose.gui.HomePage$4, NIM, 0.0, 215, 
240, it.unimib.disco.essere.WekaNose.gui.HomePage$4, NOCS, 0.0, 215, 
243, FinalWindows, NOMNAMM, 3.0, 215, 
243, FinalWindows, NOM, 3.0, 215, 
243, FinalWindows, LOC, 91.0, 215, 
243, FinalWindows, WMC, 3.0, 215, 
243, FinalWindows, NOA, 4.0, 215, 
243, FinalWindows, WMCNAMM, 3.0, 215, 
243, FinalWindows, AMW, 1.0, 215, 
243, FinalWindows, LOCNAMM, 91.0, 215, 
243, FinalWindows, NOAM, 0.0, 215, 
243, FinalWindows, ATFD, 2.0, 215, 
243, FinalWindows, DIT, 1.0, 215, 
243, FinalWindows, NOC, 0.0, 215, 
243, FinalWindows, CBO, 1.0, 215, 
243, FinalWindows, FANOUT, 4.0, 215, 
243, FinalWindows, NMO, 0.0, 215, 
243, FinalWindows, WOC, 1.0, 215, 
243, FinalWindows, NOII, 0.0, 215, 
243, FinalWindows, RFC, 8.0, 215, 
243, FinalWindows, CFNAMM, 20.0, 215, 
243, FinalWindows, LCOM5, 1.125, 215, 
243, FinalWindows, NOPA, 0.0, 215, 
243, FinalWindows, TCC, 1.0, 215, 
243, FinalWindows, AMWNAMM, 1.0, 215, 
243, FinalWindows, NIM, 0.0, 215, 
243, FinalWindows, NOCS, 3.0, 215, 
247, it.unimib.disco.essere.WekaNose.gui.FinalWindows$1, NOMNAMM, 1.0, 215, 
247, it.unimib.disco.essere.WekaNose.gui.FinalWindows$1, NOM, 1.0, 215, 
247, it.unimib.disco.essere.WekaNose.gui.FinalWindows$1, LOC, 10.0, 215, 
247, it.unimib.disco.essere.WekaNose.gui.FinalWindows$1, WMC, 2.0, 215, 
247, it.unimib.disco.essere.WekaNose.gui.FinalWindows$1, NOA, 0.0, 215, 
247, it.unimib.disco.essere.WekaNose.gui.FinalWindows$1, WMCNAMM, 2.0, 215, 
247, it.unimib.disco.essere.WekaNose.gui.FinalWindows$1, AMW, 2.0, 215, 
247, it.unimib.disco.essere.WekaNose.gui.FinalWindows$1, LOCNAMM, 10.0, 215, 
247, it.unimib.disco.essere.WekaNose.gui.FinalWindows$1, NOAM, 0.0, 215, 
247, it.unimib.disco.essere.WekaNose.gui.FinalWindows$1, ATFD, 1.0, 215, 
247, it.unimib.disco.essere.WekaNose.gui.FinalWindows$1, DIT, 1.0, 215, 
247, it.unimib.disco.essere.WekaNose.gui.FinalWindows$1, CBO, 1.0, 215, 
247, it.unimib.disco.essere.WekaNose.gui.FinalWindows$1, FANOUT, 1.0, 215, 
247, it.unimib.disco.essere.WekaNose.gui.FinalWindows$1, NMO, 0.0, 215, 
247, it.unimib.disco.essere.WekaNose.gui.FinalWindows$1, NOII, 1.0, 215, 
247, it.unimib.disco.essere.WekaNose.gui.FinalWindows$1, RFC, 2.0, 215, 
247, it.unimib.disco.essere.WekaNose.gui.FinalWindows$1, CFNAMM, 4.0, 215, 
247, it.unimib.disco.essere.WekaNose.gui.FinalWindows$1, LCOM5, 0.0, 215, 
247, it.unimib.disco.essere.WekaNose.gui.FinalWindows$1, NOPA, 0.0, 215, 
247, it.unimib.disco.essere.WekaNose.gui.FinalWindows$1, TCC, 1.0, 215, 
247, it.unimib.disco.essere.WekaNose.gui.FinalWindows$1, AMWNAMM, 2.0, 215, 
247, it.unimib.disco.essere.WekaNose.gui.FinalWindows$1, NIM, 0.0, 215, 
247, it.unimib.disco.essere.WekaNose.gui.FinalWindows$1, NOCS, 0.0, 215, 
250, it.unimib.disco.essere.WekaNose.gui.FinalWindows$2, NOMNAMM, 1.0, 215, 
250, it.unimib.disco.essere.WekaNose.gui.FinalWindows$2, NOM, 1.0, 215, 
250, it.unimib.disco.essere.WekaNose.gui.FinalWindows$2, LOC, 5.0, 215, 
250, it.unimib.disco.essere.WekaNose.gui.FinalWindows$2, WMC, 1.0, 215, 
250, it.unimib.disco.essere.WekaNose.gui.FinalWindows$2, NOA, 0.0, 215, 
250, it.unimib.disco.essere.WekaNose.gui.FinalWindows$2, WMCNAMM, 1.0, 215, 
250, it.unimib.disco.essere.WekaNose.gui.FinalWindows$2, AMW, 1.0, 215, 
250, it.unimib.disco.essere.WekaNose.gui.FinalWindows$2, LOCNAMM, 5.0, 215, 
250, it.unimib.disco.essere.WekaNose.gui.FinalWindows$2, NOAM, 0.0, 215, 
250, it.unimib.disco.essere.WekaNose.gui.FinalWindows$2, ATFD, 1.0, 215, 
250, it.unimib.disco.essere.WekaNose.gui.FinalWindows$2, DIT, 1.0, 215, 
250, it.unimib.disco.essere.WekaNose.gui.FinalWindows$2, CBO, 1.0, 215, 
250, it.unimib.disco.essere.WekaNose.gui.FinalWindows$2, FANOUT, 0.0, 215, 
250, it.unimib.disco.essere.WekaNose.gui.FinalWindows$2, NMO, 0.0, 215, 
250, it.unimib.disco.essere.WekaNose.gui.FinalWindows$2, NOII, 1.0, 215, 
250, it.unimib.disco.essere.WekaNose.gui.FinalWindows$2, RFC, 1.0, 215, 
250, it.unimib.disco.essere.WekaNose.gui.FinalWindows$2, CFNAMM, 0.0, 215, 
250, it.unimib.disco.essere.WekaNose.gui.FinalWindows$2, LCOM5, 0.0, 215, 
250, it.unimib.disco.essere.WekaNose.gui.FinalWindows$2, NOPA, 0.0, 215, 
250, it.unimib.disco.essere.WekaNose.gui.FinalWindows$2, TCC, 1.0, 215, 
250, it.unimib.disco.essere.WekaNose.gui.FinalWindows$2, AMWNAMM, 1.0, 215, 
250, it.unimib.disco.essere.WekaNose.gui.FinalWindows$2, NIM, 0.0, 215, 
250, it.unimib.disco.essere.WekaNose.gui.FinalWindows$2, NOCS, 0.0, 215, 
253, it.unimib.disco.essere.WekaNose.gui.FinalWindows$3, NOMNAMM, 1.0, 215, 
253, it.unimib.disco.essere.WekaNose.gui.FinalWindows$3, NOM, 1.0, 215, 
253, it.unimib.disco.essere.WekaNose.gui.FinalWindows$3, LOC, 12.0, 215, 
253, it.unimib.disco.essere.WekaNose.gui.FinalWindows$3, WMC, 2.0, 215, 
253, it.unimib.disco.essere.WekaNose.gui.FinalWindows$3, NOA, 0.0, 215, 
253, it.unimib.disco.essere.WekaNose.gui.FinalWindows$3, WMCNAMM, 2.0, 215, 
253, it.unimib.disco.essere.WekaNose.gui.FinalWindows$3, AMW, 2.0, 215, 
253, it.unimib.disco.essere.WekaNose.gui.FinalWindows$3, LOCNAMM, 12.0, 215, 
253, it.unimib.disco.essere.WekaNose.gui.FinalWindows$3, NOAM, 0.0, 215, 
253, it.unimib.disco.essere.WekaNose.gui.FinalWindows$3, ATFD, 2.0, 215, 
253, it.unimib.disco.essere.WekaNose.gui.FinalWindows$3, DIT, 1.0, 215, 
253, it.unimib.disco.essere.WekaNose.gui.FinalWindows$3, CBO, 2.0, 215, 
253, it.unimib.disco.essere.WekaNose.gui.FinalWindows$3, FANOUT, 1.0, 215, 
253, it.unimib.disco.essere.WekaNose.gui.FinalWindows$3, NMO, 0.0, 215, 
253, it.unimib.disco.essere.WekaNose.gui.FinalWindows$3, NOII, 1.0, 215, 
253, it.unimib.disco.essere.WekaNose.gui.FinalWindows$3, RFC, 2.0, 215, 
253, it.unimib.disco.essere.WekaNose.gui.FinalWindows$3, CFNAMM, 4.0, 215, 
253, it.unimib.disco.essere.WekaNose.gui.FinalWindows$3, LCOM5, 0.0, 215, 
253, it.unimib.disco.essere.WekaNose.gui.FinalWindows$3, NOPA, 0.0, 215, 
253, it.unimib.disco.essere.WekaNose.gui.FinalWindows$3, TCC, 1.0, 215, 
253, it.unimib.disco.essere.WekaNose.gui.FinalWindows$3, AMWNAMM, 2.0, 215, 
253, it.unimib.disco.essere.WekaNose.gui.FinalWindows$3, NIM, 0.0, 215, 
253, it.unimib.disco.essere.WekaNose.gui.FinalWindows$3, NOCS, 0.0, 215, 
257, DatasetLogger, NOMNAMM, 6.0, 256, 
257, DatasetLogger, NOM, 7.0, 256, 
257, DatasetLogger, LOC, 44.0, 256, 
257, DatasetLogger, WMC, 8.0, 256, 
257, DatasetLogger, NOA, 3.0, 256, 
257, DatasetLogger, WMCNAMM, 7.0, 256, 
257, DatasetLogger, AMW, 1.14285714285714, 256, 
257, DatasetLogger, LOCNAMM, 39.0, 256, 
257, DatasetLogger, NOAM, 1.0, 256, 
257, DatasetLogger, ATFD, 0.0, 256, 
257, DatasetLogger, DIT, 1.0, 256, 
257, DatasetLogger, NOC, 0.0, 256, 
257, DatasetLogger, CBO, 0.0, 256, 
257, DatasetLogger, FANOUT, 0.0, 256, 
257, DatasetLogger, NMO, 0.0, 256, 
257, DatasetLogger, WOC, 0.8, 256, 
257, DatasetLogger, NOII, 0.0, 256, 
257, DatasetLogger, RFC, 7.0, 256, 
257, DatasetLogger, CFNAMM, 0.0, 256, 
257, DatasetLogger, LCOM5, 0.833333333333333, 256, 
257, DatasetLogger, NOPA, 0.0, 256, 
257, DatasetLogger, TCC, 0.3, 256, 
257, DatasetLogger, AMWNAMM, 1.16666666666667, 256, 
257, DatasetLogger, NIM, 0.0, 256, 
257, DatasetLogger, NOCS, 0.0, 256, 
265, Condition, NOMNAMM, 3.0, 256, 
265, Condition, NOM, 13.0, 256, 
265, Condition, LOC, 117.0, 256, 
265, Condition, WMC, 18.0, 256, 
265, Condition, NOA, 7.0, 256, 
265, Condition, WMCNAMM, 6.0, 256, 
265, Condition, AMW, 1.38461538461538, 256, 
265, Condition, LOCNAMM, 61.0, 256, 
265, Condition, NOAM, 10.0, 256, 
265, Condition, ATFD, 0.0, 256, 
265, Condition, DIT, 1.0, 256, 
265, Condition, NOC, 0.0, 256, 
265, Condition, CBO, 1.0, 256, 
265, Condition, FANOUT, 1.0, 256, 
265, Condition, NMO, 1.0, 256, 
265, Condition, WOC, 0.2, 256, 
265, Condition, NOII, 0.0, 256, 
265, Condition, RFC, 14.0, 256, 
265, Condition, CFNAMM, 70.0, 256, 
265, Condition, LCOM5, 0.880952380952381, 256, 
265, Condition, NOPA, 2.0, 256, 
265, Condition, TCC, 0.272727272727273, 256, 
265, Condition, AMWNAMM, 2.0, 256, 
265, Condition, NIM, 0.0, 256, 
265, Condition, NOCS, 0.0, 256, 
279, DatabaseHandler, NOMNAMM, 7.0, 256, 
279, DatabaseHandler, NOM, 7.0, 256, 
279, DatabaseHandler, LOC, 133.0, 256, 
279, DatabaseHandler, WMC, 18.0, 256, 
279, DatabaseHandler, NOA, 2.0, 256, 
279, DatabaseHandler, WMCNAMM, 18.0, 256, 
279, DatabaseHandler, AMW, 2.57142857142857, 256, 
279, DatabaseHandler, LOCNAMM, 133.0, 256, 
279, DatabaseHandler, NOAM, 0.0, 256, 
279, DatabaseHandler, ATFD, 5.0, 256, 
279, DatabaseHandler, DIT, 1.0, 256, 
279, DatabaseHandler, NOC, 0.0, 256, 
279, DatabaseHandler, CBO, 3.0, 256, 
279, DatabaseHandler, FANOUT, 3.0, 256, 
279, DatabaseHandler, NMO, 0.0, 256, 
279, DatabaseHandler, WOC, 1.0, 256, 
279, DatabaseHandler, NOII, 0.0, 256, 
279, DatabaseHandler, RFC, 18.0, 256, 
279, DatabaseHandler, CFNAMM, 66.0, 256, 
279, DatabaseHandler, LCOM5, 1.0, 256, 
279, DatabaseHandler, NOPA, 0.0, 256, 
279, DatabaseHandler, TCC, 0.0, 256, 
279, DatabaseHandler, AMWNAMM, 2.57142857142857, 256, 
279, DatabaseHandler, NIM, 0.0, 256, 
279, DatabaseHandler, NOCS, 0.0, 256, 
287, GenerateRows, NOMNAMM, 7.0, 256, 
287, GenerateRows, NOM, 7.0, 256, 
287, GenerateRows, LOC, 169.0, 256, 
287, GenerateRows, WMC, 34.0, 256, 
287, GenerateRows, NOA, 4.0, 256, 
287, GenerateRows, WMCNAMM, 34.0, 256, 
287, GenerateRows, AMW, 4.85714285714286, 256, 
287, GenerateRows, LOCNAMM, 169.0, 256, 
287, GenerateRows, NOAM, 0.0, 256, 
287, GenerateRows, ATFD, 5.0, 256, 
287, GenerateRows, DIT, 1.0, 256, 
287, GenerateRows, NOC, 0.0, 256, 
287, GenerateRows, CBO, 4.0, 256, 
287, GenerateRows, FANOUT, 4.0, 256, 
287, GenerateRows, NMO, 0.0, 256, 
287, GenerateRows, WOC, 1.0, 256, 
287, GenerateRows, NOII, 0.0, 256, 
287, GenerateRows, RFC, 16.0, 256, 
287, GenerateRows, CFNAMM, 168.0, 256, 
287, GenerateRows, LCOM5, 0.791666666666667, 256, 
287, GenerateRows, NOPA, 0.0, 256, 
287, GenerateRows, TCC, 0.4, 256, 
287, GenerateRows, AMWNAMM, 4.85714285714286, 256, 
287, GenerateRows, NIM, 0.0, 256, 
287, GenerateRows, NOCS, 0.0, 256, 
295, WorkspaceHandler, NOMNAMM, 8.0, 256, 
295, WorkspaceHandler, NOM, 9.0, 256, 
295, WorkspaceHandler, LOC, 74.0, 256, 
295, WorkspaceHandler, WMC, 13.0, 256, 
295, WorkspaceHandler, NOA, 3.0, 256, 
295, WorkspaceHandler, WMCNAMM, 12.0, 256, 
295, WorkspaceHandler, AMW, 1.44444444444444, 256, 
295, WorkspaceHandler, LOCNAMM, 69.0, 256, 
295, WorkspaceHandler, NOAM, 1.0, 256, 
295, WorkspaceHandler, ATFD, 0.0, 256, 
295, WorkspaceHandler, DIT, 1.0, 256, 
295, WorkspaceHandler, NOC, 0.0, 256, 
295, WorkspaceHandler, CBO, 0.0, 256, 
295, WorkspaceHandler, FANOUT, 0.0, 256, 
295, WorkspaceHandler, NMO, 0.0, 256, 
295, WorkspaceHandler, WOC, 0.875, 256, 
295, WorkspaceHandler, NOII, 0.0, 256, 
295, WorkspaceHandler, RFC, 9.0, 256, 
295, WorkspaceHandler, CFNAMM, 0.0, 256, 
295, WorkspaceHandler, LCOM5, 0.666666666666667, 256, 
295, WorkspaceHandler, NOPA, 0.0, 256, 
295, WorkspaceHandler, TCC, 0.476190476190476, 256, 
295, WorkspaceHandler, AMWNAMM, 1.5, 256, 
295, WorkspaceHandler, NIM, 0.0, 256, 
295, WorkspaceHandler, NOCS, 0.0, 256, 
305, DatasetCreator, NOMNAMM, 8.0, 256, 
305, DatasetCreator, NOM, 8.0, 256, 
305, DatasetCreator, LOC, 135.0, 256, 
305, DatasetCreator, WMC, 15.0, 256, 
305, DatasetCreator, NOA, 4.0, 256, 
305, DatasetCreator, WMCNAMM, 15.0, 256, 
305, DatasetCreator, AMW, 1.875, 256, 
305, DatasetCreator, LOCNAMM, 135.0, 256, 
305, DatasetCreator, NOAM, 0.0, 256, 
305, DatasetCreator, ATFD, 1.0, 256, 
305, DatasetCreator, DIT, 1.0, 256, 
305, DatasetCreator, NOC, 0.0, 256, 
305, DatasetCreator, CBO, 7.0, 256, 
305, DatasetCreator, FANOUT, 7.0, 256, 
305, DatasetCreator, NMO, 0.0, 256, 
305, DatasetCreator, WOC, 1.0, 256, 
305, DatasetCreator, NOII, 0.0, 256, 
305, DatasetCreator, RFC, 23.0, 256, 
305, DatasetCreator, CFNAMM, 218.0, 256, 
305, DatasetCreator, LCOM5, 0.821428571428571, 256, 
305, DatasetCreator, NOPA, 0.0, 256, 
305, DatasetCreator, TCC, 0.380952380952381, 256, 
305, DatasetCreator, AMWNAMM, 1.875, 256, 
305, DatasetCreator, NIM, 0.0, 256, 
305, DatasetCreator, NOCS, 0.0, 256, 
314, DatasetRow, NOMNAMM, 4.0, 256, 
314, DatasetRow, NOM, 4.0, 256, 
314, DatasetRow, LOC, 127.0, 256, 
314, DatasetRow, WMC, 15.0, 256, 
314, DatasetRow, NOA, 11.0, 256, 
314, DatasetRow, WMCNAMM, 15.0, 256, 
314, DatasetRow, AMW, 3.75, 256, 
314, DatasetRow, LOCNAMM, 127.0, 256, 
314, DatasetRow, NOAM, 0.0, 256, 
314, DatasetRow, ATFD, 0.0, 256, 
314, DatasetRow, DIT, 1.0, 256, 
314, DatasetRow, NOC, 0.0, 256, 
314, DatasetRow, CBO, 0.0, 256, 
314, DatasetRow, FANOUT, 0.0, 256, 
314, DatasetRow, NMO, 1.0, 256, 
314, DatasetRow, WOC, 0.571428571428571, 256, 
314, DatasetRow, NOII, 0.0, 256, 
314, DatasetRow, RFC, 4.0, 256, 
314, DatasetRow, CFNAMM, 0.0, 256, 
314, DatasetRow, LCOM5, 0.909090909090909, 256, 
314, DatasetRow, NOPA, 3.0, 256, 
314, DatasetRow, TCC, 1.0, 256, 
314, DatasetRow, AMWNAMM, 3.75, 256, 
314, DatasetRow, NIM, 0.0, 256, 
314, DatasetRow, NOCS, 0.0, 256, 
320, DFCM4JForm, NOMNAMM, 4.0, 319, 
320, DFCM4JForm, NOM, 4.0, 319, 
320, DFCM4JForm, LOC, 382.0, 319, 
320, DFCM4JForm, WMC, 6.0, 319, 
320, DFCM4JForm, NOA, 8.0, 319, 
320, DFCM4JForm, WMCNAMM, 6.0, 319, 
320, DFCM4JForm, AMW, 1.5, 319, 
320, DFCM4JForm, LOCNAMM, 382.0, 319, 
320, DFCM4JForm, NOAM, 0.0, 319, 
320, DFCM4JForm, ATFD, 0.0, 319, 
320, DFCM4JForm, DIT, 1.0, 319, 
320, DFCM4JForm, NOC, 0.0, 319, 
320, DFCM4JForm, CBO, 1.0, 319, 
320, DFCM4JForm, FANOUT, 5.0, 319, 
320, DFCM4JForm, NMO, 0.0, 319, 
320, DFCM4JForm, WOC, 1.0, 319, 
320, DFCM4JForm, NOII, 0.0, 319, 
320, DFCM4JForm, RFC, 9.0, 319, 
320, DFCM4JForm, CFNAMM, 34.0, 319, 
320, DFCM4JForm, LCOM5, 1.16666666666667, 319, 
320, DFCM4JForm, NOPA, 0.0, 319, 
320, DFCM4JForm, TCC, 0.0, 319, 
320, DFCM4JForm, AMWNAMM, 1.5, 319, 
320, DFCM4JForm, NIM, 0.0, 319, 
320, DFCM4JForm, NOCS, 9.0, 319, 
325, ConditionForm, NOMNAMM, 4.0, 319, 
325, ConditionForm, NOM, 4.0, 319, 
325, ConditionForm, LOC, 264.0, 319, 
325, ConditionForm, WMC, 5.0, 319, 
325, ConditionForm, NOA, 4.0, 319, 
325, ConditionForm, WMCNAMM, 5.0, 319, 
325, ConditionForm, AMW, 1.25, 319, 
325, ConditionForm, LOCNAMM, 264.0, 319, 
325, ConditionForm, NOAM, 0.0, 319, 
325, ConditionForm, ATFD, 0.0, 319, 
325, ConditionForm, DIT, 1.0, 319, 
325, ConditionForm, NOC, 0.0, 319, 
325, ConditionForm, CBO, 4.0, 319, 
325, ConditionForm, FANOUT, 6.0, 319, 
325, ConditionForm, NMO, 0.0, 319, 
325, ConditionForm, WOC, 1.0, 319, 
325, ConditionForm, NOII, 0.0, 319, 
325, ConditionForm, RFC, 10.0, 319, 
325, ConditionForm, CFNAMM, 34.0, 319, 
325, ConditionForm, LCOM5, 1.08333333333333, 319, 
325, ConditionForm, NOPA, 0.0, 319, 
325, ConditionForm, TCC, 0.0, 319, 
325, ConditionForm, AMWNAMM, 1.25, 319, 
325, ConditionForm, NIM, 0.0, 319, 
325, ConditionForm, NOCS, 6.0, 319, 
330, DatasetInfo, NOMNAMM, 3.0, 319, 
330, DatasetInfo, NOM, 3.0, 319, 
330, DatasetInfo, LOC, 151.0, 319, 
330, DatasetInfo, WMC, 3.0, 319, 
330, DatasetInfo, NOA, 2.0, 319, 
330, DatasetInfo, WMCNAMM, 3.0, 319, 
330, DatasetInfo, AMW, 1.0, 319, 
330, DatasetInfo, LOCNAMM, 151.0, 319, 
330, DatasetInfo, NOAM, 0.0, 319, 
330, DatasetInfo, ATFD, 1.0, 319, 
330, DatasetInfo, DIT, 1.0, 319, 
330, DatasetInfo, NOC, 0.0, 319, 
330, DatasetInfo, CBO, 1.0, 319, 
330, DatasetInfo, FANOUT, 2.0, 319, 
330, DatasetInfo, NMO, 0.0, 319, 
330, DatasetInfo, WOC, 1.0, 319, 
330, DatasetInfo, NOII, 0.0, 319, 
330, DatasetInfo, RFC, 5.0, 319, 
330, DatasetInfo, CFNAMM, 12.0, 319, 
330, DatasetInfo, LCOM5, 1.25, 319, 
330, DatasetInfo, NOPA, 0.0, 319, 
330, DatasetInfo, TCC, 1.0, 319, 
330, DatasetInfo, AMWNAMM, 1.0, 319, 
330, DatasetInfo, NIM, 0.0, 319, 
330, DatasetInfo, NOCS, 3.0, 319, 
334, it.unimib.disco.essere.WekaNose.gui.dataset.creation.DFCM4JForm$1, NOMNAMM, 1.0, 319, 
334, it.unimib.disco.essere.WekaNose.gui.dataset.creation.DFCM4JForm$1, NOM, 1.0, 319, 
334, it.unimib.disco.essere.WekaNose.gui.dataset.creation.DFCM4JForm$1, LOC, 11.0, 319, 
334, it.unimib.disco.essere.WekaNose.gui.dataset.creation.DFCM4JForm$1, WMC, 2.0, 319, 
334, it.unimib.disco.essere.WekaNose.gui.dataset.creation.DFCM4JForm$1, NOA, 0.0, 319, 
334, it.unimib.disco.essere.WekaNose.gui.dataset.creation.DFCM4JForm$1, WMCNAMM, 2.0, 319, 
334, it.unimib.disco.essere.WekaNose.gui.dataset.creation.DFCM4JForm$1, AMW, 2.0, 319, 
334, it.unimib.disco.essere.WekaNose.gui.dataset.creation.DFCM4JForm$1, LOCNAMM, 11.0, 319, 
334, it.unimib.disco.essere.WekaNose.gui.dataset.creation.DFCM4JForm$1, NOAM, 0.0, 319, 
334, it.unimib.disco.essere.WekaNose.gui.dataset.creation.DFCM4JForm$1, ATFD, 1.0, 319, 
334, it.unimib.disco.essere.WekaNose.gui.dataset.creation.DFCM4JForm$1, DIT, 1.0, 319, 
334, it.unimib.disco.essere.WekaNose.gui.dataset.creation.DFCM4JForm$1, CBO, 2.0, 319, 
334, it.unimib.disco.essere.WekaNose.gui.dataset.creation.DFCM4JForm$1, FANOUT, 2.0, 319, 
334, it.unimib.disco.essere.WekaNose.gui.dataset.creation.DFCM4JForm$1, NMO, 0.0, 319, 
334, it.unimib.disco.essere.WekaNose.gui.dataset.creation.DFCM4JForm$1, NOII, 1.0, 319, 
334, it.unimib.disco.essere.WekaNose.gui.dataset.creation.DFCM4JForm$1, RFC, 3.0, 319, 
334, it.unimib.disco.essere.WekaNose.gui.dataset.creation.DFCM4JForm$1, CFNAMM, 8.0, 319, 
334, it.unimib.disco.essere.WekaNose.gui.dataset.creation.DFCM4JForm$1, LCOM5, 0.0, 319, 
334, it.unimib.disco.essere.WekaNose.gui.dataset.creation.DFCM4JForm$1, NOPA, 0.0, 319, 
334, it.unimib.disco.essere.WekaNose.gui.dataset.creation.DFCM4JForm$1, TCC, 1.0, 319, 
334, it.unimib.disco.essere.WekaNose.gui.dataset.creation.DFCM4JForm$1, AMWNAMM, 2.0, 319, 
334, it.unimib.disco.essere.WekaNose.gui.dataset.creation.DFCM4JForm$1, NIM, 0.0, 319, 
334, it.unimib.disco.essere.WekaNose.gui.dataset.creation.DFCM4JForm$1, NOCS, 0.0, 319, 
337, it.unimib.disco.essere.WekaNose.gui.dataset.creation.DFCM4JForm$2, NOMNAMM, 1.0, 319, 
337, it.unimib.disco.essere.WekaNose.gui.dataset.creation.DFCM4JForm$2, NOM, 1.0, 319, 
337, it.unimib.disco.essere.WekaNose.gui.dataset.creation.DFCM4JForm$2, LOC, 6.0, 319, 
337, it.unimib.disco.essere.WekaNose.gui.dataset.creation.DFCM4JForm$2, WMC, 1.0, 319, 
337, it.unimib.disco.essere.WekaNose.gui.dataset.creation.DFCM4JForm$2, NOA, 0.0, 319, 
337, it.unimib.disco.essere.WekaNose.gui.dataset.creation.DFCM4JForm$2, WMCNAMM, 1.0, 319, 
337, it.unimib.disco.essere.WekaNose.gui.dataset.creation.DFCM4JForm$2, AMW, 1.0, 319, 
337, it.unimib.disco.essere.WekaNose.gui.dataset.creation.DFCM4JForm$2, LOCNAMM, 6.0, 319, 
337, it.unimib.disco.essere.WekaNose.gui.dataset.creation.DFCM4JForm$2, NOAM, 0.0, 319, 
337, it.unimib.disco.essere.WekaNose.gui.dataset.creation.DFCM4JForm$2, ATFD, 3.0, 319, 
337, it.unimib.disco.essere.WekaNose.gui.dataset.creation.DFCM4JForm$2, DIT, 1.0, 319, 
337, it.unimib.disco.essere.WekaNose.gui.dataset.creation.DFCM4JForm$2, CBO, 2.0, 319, 
337, it.unimib.disco.essere.WekaNose.gui.dataset.creation.DFCM4JForm$2, FANOUT, 1.0, 319, 
337, it.unimib.disco.essere.WekaNose.gui.dataset.creation.DFCM4JForm$2, NMO, 0.0, 319, 
337, it.unimib.disco.essere.WekaNose.gui.dataset.creation.DFCM4JForm$2, NOII, 1.0, 319, 
337, it.unimib.disco.essere.WekaNose.gui.dataset.creation.DFCM4JForm$2, RFC, 2.0, 319, 
337, it.unimib.disco.essere.WekaNose.gui.dataset.creation.DFCM4JForm$2, CFNAMM, 4.0, 319, 
337, it.unimib.disco.essere.WekaNose.gui.dataset.creation.DFCM4JForm$2, LCOM5, 0.0, 319, 
337, it.unimib.disco.essere.WekaNose.gui.dataset.creation.DFCM4JForm$2, NOPA, 0.0, 319, 
337, it.unimib.disco.essere.WekaNose.gui.dataset.creation.DFCM4JForm$2, TCC, 1.0, 319, 
337, it.unimib.disco.essere.WekaNose.gui.dataset.creation.DFCM4JForm$2, AMWNAMM, 1.0, 319, 
337, it.unimib.disco.essere.WekaNose.gui.dataset.creation.DFCM4JForm$2, NIM, 0.0, 319, 
337, it.unimib.disco.essere.WekaNose.gui.dataset.creation.DFCM4JForm$2, NOCS, 0.0, 319, 
340, it.unimib.disco.essere.WekaNose.gui.dataset.creation.DFCM4JForm$3, NOMNAMM, 1.0, 319, 
340, it.unimib.disco.essere.WekaNose.gui.dataset.creation.DFCM4JForm$3, NOM, 1.0, 319, 
340, it.unimib.disco.essere.WekaNose.gui.dataset.creation.DFCM4JForm$3, LOC, 6.0, 319, 
340, it.unimib.disco.essere.WekaNose.gui.dataset.creation.DFCM4JForm$3, WMC, 1.0, 319, 
340, it.unimib.disco.essere.WekaNose.gui.dataset.creation.DFCM4JForm$3, NOA, 0.0, 319, 
340, it.unimib.disco.essere.WekaNose.gui.dataset.creation.DFCM4JForm$3, WMCNAMM, 1.0, 319, 
340, it.unimib.disco.essere.WekaNose.gui.dataset.creation.DFCM4JForm$3, AMW, 1.0, 319, 
340, it.unimib.disco.essere.WekaNose.gui.dataset.creation.DFCM4JForm$3, LOCNAMM, 6.0, 319, 
340, it.unimib.disco.essere.WekaNose.gui.dataset.creation.DFCM4JForm$3, NOAM, 0.0, 319, 
340, it.unimib.disco.essere.WekaNose.gui.dataset.creation.DFCM4JForm$3, ATFD, 2.0, 319, 
340, it.unimib.disco.essere.WekaNose.gui.dataset.creation.DFCM4JForm$3, DIT, 1.0, 319, 
340, it.unimib.disco.essere.WekaNose.gui.dataset.creation.DFCM4JForm$3, CBO, 3.0, 319, 
340, it.unimib.disco.essere.WekaNose.gui.dataset.creation.DFCM4JForm$3, FANOUT, 1.0, 319, 
340, it.unimib.disco.essere.WekaNose.gui.dataset.creation.DFCM4JForm$3, NMO, 0.0, 319, 
340, it.unimib.disco.essere.WekaNose.gui.dataset.creation.DFCM4JForm$3, NOII, 1.0, 319, 
340, it.unimib.disco.essere.WekaNose.gui.dataset.creation.DFCM4JForm$3, RFC, 2.0, 319, 
340, it.unimib.disco.essere.WekaNose.gui.dataset.creation.DFCM4JForm$3, CFNAMM, 4.0, 319, 
340, it.unimib.disco.essere.WekaNose.gui.dataset.creation.DFCM4JForm$3, LCOM5, 0.0, 319, 
340, it.unimib.disco.essere.WekaNose.gui.dataset.creation.DFCM4JForm$3, NOPA, 0.0, 319, 
340, it.unimib.disco.essere.WekaNose.gui.dataset.creation.DFCM4JForm$3, TCC, 1.0, 319, 
340, it.unimib.disco.essere.WekaNose.gui.dataset.creation.DFCM4JForm$3, AMWNAMM, 1.0, 319, 
340, it.unimib.disco.essere.WekaNose.gui.dataset.creation.DFCM4JForm$3, NIM, 0.0, 319, 
340, it.unimib.disco.essere.WekaNose.gui.dataset.creation.DFCM4JForm$3, NOCS, 0.0, 319, 
343, it.unimib.disco.essere.WekaNose.gui.dataset.creation.DFCM4JForm$4, NOMNAMM, 1.0, 319, 
343, it.unimib.disco.essere.WekaNose.gui.dataset.creation.DFCM4JForm$4, NOM, 1.0, 319, 
343, it.unimib.disco.essere.WekaNose.gui.dataset.creation.DFCM4JForm$4, LOC, 13.0, 319, 
343, it.unimib.disco.essere.WekaNose.gui.dataset.creation.DFCM4JForm$4, WMC, 1.0, 319, 
343, it.unimib.disco.essere.WekaNose.gui.dataset.creation.DFCM4JForm$4, NOA, 0.0, 319, 
343, it.unimib.disco.essere.WekaNose.gui.dataset.creation.DFCM4JForm$4, WMCNAMM, 1.0, 319, 
343, it.unimib.disco.essere.WekaNose.gui.dataset.creation.DFCM4JForm$4, AMW, 1.0, 319, 
343, it.unimib.disco.essere.WekaNose.gui.dataset.creation.DFCM4JForm$4, LOCNAMM, 13.0, 319, 
343, it.unimib.disco.essere.WekaNose.gui.dataset.creation.DFCM4JForm$4, NOAM, 0.0, 319, 
343, it.unimib.disco.essere.WekaNose.gui.dataset.creation.DFCM4JForm$4, ATFD, 1.0, 319, 
343, it.unimib.disco.essere.WekaNose.gui.dataset.creation.DFCM4JForm$4, DIT, 2.0, 319, 
343, it.unimib.disco.essere.WekaNose.gui.dataset.creation.DFCM4JForm$4, CBO, 1.0, 319, 
343, it.unimib.disco.essere.WekaNose.gui.dataset.creation.DFCM4JForm$4, FANOUT, 0.0, 319, 
343, it.unimib.disco.essere.WekaNose.gui.dataset.creation.DFCM4JForm$4, NMO, 0.0, 319, 
343, it.unimib.disco.essere.WekaNose.gui.dataset.creation.DFCM4JForm$4, NOII, 0.0, 319, 
343, it.unimib.disco.essere.WekaNose.gui.dataset.creation.DFCM4JForm$4, RFC, 1.0, 319, 
343, it.unimib.disco.essere.WekaNose.gui.dataset.creation.DFCM4JForm$4, CFNAMM, 0.0, 319, 
343, it.unimib.disco.essere.WekaNose.gui.dataset.creation.DFCM4JForm$4, LCOM5, 0.0, 319, 
343, it.unimib.disco.essere.WekaNose.gui.dataset.creation.DFCM4JForm$4, NOPA, 0.0, 319, 
343, it.unimib.disco.essere.WekaNose.gui.dataset.creation.DFCM4JForm$4, TCC, 1.0, 319, 
343, it.unimib.disco.essere.WekaNose.gui.dataset.creation.DFCM4JForm$4, AMWNAMM, 1.0, 319, 
343, it.unimib.disco.essere.WekaNose.gui.dataset.creation.DFCM4JForm$4, NIM, 8.0, 319, 
343, it.unimib.disco.essere.WekaNose.gui.dataset.creation.DFCM4JForm$4, NOCS, 0.0, 319, 
345, it.unimib.disco.essere.WekaNose.gui.dataset.creation.DFCM4JForm$5, NOMNAMM, 1.0, 319, 
345, it.unimib.disco.essere.WekaNose.gui.dataset.creation.DFCM4JForm$5, NOM, 1.0, 319, 
345, it.unimib.disco.essere.WekaNose.gui.dataset.creation.DFCM4JForm$5, LOC, 36.0, 319, 
345, it.unimib.disco.essere.WekaNose.gui.dataset.creation.DFCM4JForm$5, WMC, 3.0, 319, 
345, it.unimib.disco.essere.WekaNose.gui.dataset.creation.DFCM4JForm$5, NOA, 0.0, 319, 
345, it.unimib.disco.essere.WekaNose.gui.dataset.creation.DFCM4JForm$5, WMCNAMM, 3.0, 319, 
345, it.unimib.disco.essere.WekaNose.gui.dataset.creation.DFCM4JForm$5, AMW, 3.0, 319, 
345, it.unimib.disco.essere.WekaNose.gui.dataset.creation.DFCM4JForm$5, LOCNAMM, 36.0, 319, 
345, it.unimib.disco.essere.WekaNose.gui.dataset.creation.DFCM4JForm$5, NOAM, 0.0, 319, 
345, it.unimib.disco.essere.WekaNose.gui.dataset.creation.DFCM4JForm$5, ATFD, 5.0, 319, 
345, it.unimib.disco.essere.WekaNose.gui.dataset.creation.DFCM4JForm$5, DIT, 1.0, 319, 
345, it.unimib.disco.essere.WekaNose.gui.dataset.creation.DFCM4JForm$5, CBO, 5.0, 319, 
345, it.unimib.disco.essere.WekaNose.gui.dataset.creation.DFCM4JForm$5, FANOUT, 5.0, 319, 
345, it.unimib.disco.essere.WekaNose.gui.dataset.creation.DFCM4JForm$5, NMO, 0.0, 319, 
345, it.unimib.disco.essere.WekaNose.gui.dataset.creation.DFCM4JForm$5, NOII, 1.0, 319, 
345, it.unimib.disco.essere.WekaNose.gui.dataset.creation.DFCM4JForm$5, RFC, 7.0, 319, 
345, it.unimib.disco.essere.WekaNose.gui.dataset.creation.DFCM4JForm$5, CFNAMM, 20.0, 319, 
345, it.unimib.disco.essere.WekaNose.gui.dataset.creation.DFCM4JForm$5, LCOM5, 0.0, 319, 
345, it.unimib.disco.essere.WekaNose.gui.dataset.creation.DFCM4JForm$5, NOPA, 0.0, 319, 
345, it.unimib.disco.essere.WekaNose.gui.dataset.creation.DFCM4JForm$5, TCC, 1.0, 319, 
345, it.unimib.disco.essere.WekaNose.gui.dataset.creation.DFCM4JForm$5, AMWNAMM, 3.0, 319, 
345, it.unimib.disco.essere.WekaNose.gui.dataset.creation.DFCM4JForm$5, NIM, 0.0, 319, 
345, it.unimib.disco.essere.WekaNose.gui.dataset.creation.DFCM4JForm$5, NOCS, 0.0, 319, 
348, it.unimib.disco.essere.WekaNose.gui.dataset.creation.DFCM4JForm$6, NOMNAMM, 1.0, 319, 
348, it.unimib.disco.essere.WekaNose.gui.dataset.creation.DFCM4JForm$6, NOM, 1.0, 319, 
348, it.unimib.disco.essere.WekaNose.gui.dataset.creation.DFCM4JForm$6, LOC, 24.0, 319, 
348, it.unimib.disco.essere.WekaNose.gui.dataset.creation.DFCM4JForm$6, WMC, 6.0, 319, 
348, it.unimib.disco.essere.WekaNose.gui.dataset.creation.DFCM4JForm$6, NOA, 0.0, 319, 
348, it.unimib.disco.essere.WekaNose.gui.dataset.creation.DFCM4JForm$6, WMCNAMM, 6.0, 319, 
348, it.unimib.disco.essere.WekaNose.gui.dataset.creation.DFCM4JForm$6, AMW, 6.0, 319, 
348, it.unimib.disco.essere.WekaNose.gui.dataset.creation.DFCM4JForm$6, LOCNAMM, 24.0, 319, 
348, it.unimib.disco.essere.WekaNose.gui.dataset.creation.DFCM4JForm$6, NOAM, 0.0, 319, 
348, it.unimib.disco.essere.WekaNose.gui.dataset.creation.DFCM4JForm$6, ATFD, 2.0, 319, 
348, it.unimib.disco.essere.WekaNose.gui.dataset.creation.DFCM4JForm$6, DIT, 2.0, 319, 
348, it.unimib.disco.essere.WekaNose.gui.dataset.creation.DFCM4JForm$6, CBO, 1.0, 319, 
348, it.unimib.disco.essere.WekaNose.gui.dataset.creation.DFCM4JForm$6, FANOUT, 0.0, 319, 
348, it.unimib.disco.essere.WekaNose.gui.dataset.creation.DFCM4JForm$6, NMO, 0.0, 319, 
348, it.unimib.disco.essere.WekaNose.gui.dataset.creation.DFCM4JForm$6, NOII, 0.0, 319, 
348, it.unimib.disco.essere.WekaNose.gui.dataset.creation.DFCM4JForm$6, RFC, 1.0, 319, 
348, it.unimib.disco.essere.WekaNose.gui.dataset.creation.DFCM4JForm$6, CFNAMM, 0.0, 319, 
348, it.unimib.disco.essere.WekaNose.gui.dataset.creation.DFCM4JForm$6, LCOM5, 0.0, 319, 
348, it.unimib.disco.essere.WekaNose.gui.dataset.creation.DFCM4JForm$6, NOPA, 0.0, 319, 
348, it.unimib.disco.essere.WekaNose.gui.dataset.creation.DFCM4JForm$6, TCC, 1.0, 319, 
348, it.unimib.disco.essere.WekaNose.gui.dataset.creation.DFCM4JForm$6, AMWNAMM, 6.0, 319, 
348, it.unimib.disco.essere.WekaNose.gui.dataset.creation.DFCM4JForm$6, NIM, 3.0, 319, 
348, it.unimib.disco.essere.WekaNose.gui.dataset.creation.DFCM4JForm$6, NOCS, 0.0, 319, 
350, it.unimib.disco.essere.WekaNose.gui.dataset.creation.DFCM4JForm$7, NOMNAMM, 1.0, 319, 
350, it.unimib.disco.essere.WekaNose.gui.dataset.creation.DFCM4JForm$7, NOM, 1.0, 319, 
350, it.unimib.disco.essere.WekaNose.gui.dataset.creation.DFCM4JForm$7, LOC, 15.0, 319, 
350, it.unimib.disco.essere.WekaNose.gui.dataset.creation.DFCM4JForm$7, WMC, 3.0, 319, 
350, it.unimib.disco.essere.WekaNose.gui.dataset.creation.DFCM4JForm$7, NOA, 0.0, 319, 
350, it.unimib.disco.essere.WekaNose.gui.dataset.creation.DFCM4JForm$7, WMCNAMM, 3.0, 319, 
350, it.unimib.disco.essere.WekaNose.gui.dataset.creation.DFCM4JForm$7, AMW, 3.0, 319, 
350, it.unimib.disco.essere.WekaNose.gui.dataset.creation.DFCM4JForm$7, LOCNAMM, 15.0, 319, 
350, it.unimib.disco.essere.WekaNose.gui.dataset.creation.DFCM4JForm$7, NOAM, 0.0, 319, 
350, it.unimib.disco.essere.WekaNose.gui.dataset.creation.DFCM4JForm$7, ATFD, 2.0, 319, 
350, it.unimib.disco.essere.WekaNose.gui.dataset.creation.DFCM4JForm$7, DIT, 2.0, 319, 
350, it.unimib.disco.essere.WekaNose.gui.dataset.creation.DFCM4JForm$7, CBO, 1.0, 319, 
350, it.unimib.disco.essere.WekaNose.gui.dataset.creation.DFCM4JForm$7, FANOUT, 0.0, 319, 
350, it.unimib.disco.essere.WekaNose.gui.dataset.creation.DFCM4JForm$7, NMO, 0.0, 319, 
350, it.unimib.disco.essere.WekaNose.gui.dataset.creation.DFCM4JForm$7, NOII, 0.0, 319, 
350, it.unimib.disco.essere.WekaNose.gui.dataset.creation.DFCM4JForm$7, RFC, 1.0, 319, 
350, it.unimib.disco.essere.WekaNose.gui.dataset.creation.DFCM4JForm$7, CFNAMM, 0.0, 319, 
350, it.unimib.disco.essere.WekaNose.gui.dataset.creation.DFCM4JForm$7, LCOM5, 0.0, 319, 
350, it.unimib.disco.essere.WekaNose.gui.dataset.creation.DFCM4JForm$7, NOPA, 0.0, 319, 
350, it.unimib.disco.essere.WekaNose.gui.dataset.creation.DFCM4JForm$7, TCC, 1.0, 319, 
350, it.unimib.disco.essere.WekaNose.gui.dataset.creation.DFCM4JForm$7, AMWNAMM, 3.0, 319, 
350, it.unimib.disco.essere.WekaNose.gui.dataset.creation.DFCM4JForm$7, NIM, 3.0, 319, 
350, it.unimib.disco.essere.WekaNose.gui.dataset.creation.DFCM4JForm$7, NOCS, 0.0, 319, 
352, it.unimib.disco.essere.WekaNose.gui.dataset.creation.DFCM4JForm$8, NOMNAMM, 1.0, 319, 
352, it.unimib.disco.essere.WekaNose.gui.dataset.creation.DFCM4JForm$8, NOM, 1.0, 319, 
352, it.unimib.disco.essere.WekaNose.gui.dataset.creation.DFCM4JForm$8, LOC, 15.0, 319, 
352, it.unimib.disco.essere.WekaNose.gui.dataset.creation.DFCM4JForm$8, WMC, 3.0, 319, 
352, it.unimib.disco.essere.WekaNose.gui.dataset.creation.DFCM4JForm$8, NOA, 0.0, 319, 
352, it.unimib.disco.essere.WekaNose.gui.dataset.creation.DFCM4JForm$8, WMCNAMM, 3.0, 319, 
352, it.unimib.disco.essere.WekaNose.gui.dataset.creation.DFCM4JForm$8, AMW, 3.0, 319, 
352, it.unimib.disco.essere.WekaNose.gui.dataset.creation.DFCM4JForm$8, LOCNAMM, 15.0, 319, 
352, it.unimib.disco.essere.WekaNose.gui.dataset.creation.DFCM4JForm$8, NOAM, 0.0, 319, 
352, it.unimib.disco.essere.WekaNose.gui.dataset.creation.DFCM4JForm$8, ATFD, 2.0, 319, 
352, it.unimib.disco.essere.WekaNose.gui.dataset.creation.DFCM4JForm$8, DIT, 2.0, 319, 
352, it.unimib.disco.essere.WekaNose.gui.dataset.creation.DFCM4JForm$8, CBO, 1.0, 319, 
352, it.unimib.disco.essere.WekaNose.gui.dataset.creation.DFCM4JForm$8, FANOUT, 0.0, 319, 
352, it.unimib.disco.essere.WekaNose.gui.dataset.creation.DFCM4JForm$8, NMO, 0.0, 319, 
352, it.unimib.disco.essere.WekaNose.gui.dataset.creation.DFCM4JForm$8, NOII, 0.0, 319, 
352, it.unimib.disco.essere.WekaNose.gui.dataset.creation.DFCM4JForm$8, RFC, 1.0, 319, 
352, it.unimib.disco.essere.WekaNose.gui.dataset.creation.DFCM4JForm$8, CFNAMM, 0.0, 319, 
352, it.unimib.disco.essere.WekaNose.gui.dataset.creation.DFCM4JForm$8, LCOM5, 0.0, 319, 
352, it.unimib.disco.essere.WekaNose.gui.dataset.creation.DFCM4JForm$8, NOPA, 0.0, 319, 
352, it.unimib.disco.essere.WekaNose.gui.dataset.creation.DFCM4JForm$8, TCC, 1.0, 319, 
352, it.unimib.disco.essere.WekaNose.gui.dataset.creation.DFCM4JForm$8, AMWNAMM, 3.0, 319, 
352, it.unimib.disco.essere.WekaNose.gui.dataset.creation.DFCM4JForm$8, NIM, 8.0, 319, 
352, it.unimib.disco.essere.WekaNose.gui.dataset.creation.DFCM4JForm$8, NOCS, 0.0, 319, 
354, it.unimib.disco.essere.WekaNose.gui.dataset.creation.DFCM4JForm$9, NOMNAMM, 1.0, 319, 
354, it.unimib.disco.essere.WekaNose.gui.dataset.creation.DFCM4JForm$9, NOM, 1.0, 319, 
354, it.unimib.disco.essere.WekaNose.gui.dataset.creation.DFCM4JForm$9, LOC, 11.0, 319, 
354, it.unimib.disco.essere.WekaNose.gui.dataset.creation.DFCM4JForm$9, WMC, 2.0, 319, 
354, it.unimib.disco.essere.WekaNose.gui.dataset.creation.DFCM4JForm$9, NOA, 0.0, 319, 
354, it.unimib.disco.essere.WekaNose.gui.dataset.creation.DFCM4JForm$9, WMCNAMM, 2.0, 319, 
354, it.unimib.disco.essere.WekaNose.gui.dataset.creation.DFCM4JForm$9, AMW, 2.0, 319, 
354, it.unimib.disco.essere.WekaNose.gui.dataset.creation.DFCM4JForm$9, LOCNAMM, 11.0, 319, 
354, it.unimib.disco.essere.WekaNose.gui.dataset.creation.DFCM4JForm$9, NOAM, 0.0, 319, 
354, it.unimib.disco.essere.WekaNose.gui.dataset.creation.DFCM4JForm$9, ATFD, 0.0, 319, 
354, it.unimib.disco.essere.WekaNose.gui.dataset.creation.DFCM4JForm$9, DIT, 2.0, 319, 
354, it.unimib.disco.essere.WekaNose.gui.dataset.creation.DFCM4JForm$9, CBO, 1.0, 319, 
354, it.unimib.disco.essere.WekaNose.gui.dataset.creation.DFCM4JForm$9, FANOUT, 0.0, 319, 
354, it.unimib.disco.essere.WekaNose.gui.dataset.creation.DFCM4JForm$9, NMO, 0.0, 319, 
354, it.unimib.disco.essere.WekaNose.gui.dataset.creation.DFCM4JForm$9, NOII, 0.0, 319, 
354, it.unimib.disco.essere.WekaNose.gui.dataset.creation.DFCM4JForm$9, RFC, 1.0, 319, 
354, it.unimib.disco.essere.WekaNose.gui.dataset.creation.DFCM4JForm$9, CFNAMM, 0.0, 319, 
354, it.unimib.disco.essere.WekaNose.gui.dataset.creation.DFCM4JForm$9, LCOM5, 0.0, 319, 
354, it.unimib.disco.essere.WekaNose.gui.dataset.creation.DFCM4JForm$9, NOPA, 0.0, 319, 
354, it.unimib.disco.essere.WekaNose.gui.dataset.creation.DFCM4JForm$9, TCC, 1.0, 319, 
354, it.unimib.disco.essere.WekaNose.gui.dataset.creation.DFCM4JForm$9, AMWNAMM, 2.0, 319, 
354, it.unimib.disco.essere.WekaNose.gui.dataset.creation.DFCM4JForm$9, NIM, 8.0, 319, 
354, it.unimib.disco.essere.WekaNose.gui.dataset.creation.DFCM4JForm$9, NOCS, 0.0, 319, 
356, it.unimib.disco.essere.WekaNose.gui.dataset.creation.ConditionForm$1, NOMNAMM, 1.0, 319, 
356, it.unimib.disco.essere.WekaNose.gui.dataset.creation.ConditionForm$1, NOM, 1.0, 319, 
356, it.unimib.disco.essere.WekaNose.gui.dataset.creation.ConditionForm$1, LOC, 12.0, 319, 
356, it.unimib.disco.essere.WekaNose.gui.dataset.creation.ConditionForm$1, WMC, 2.0, 319, 
356, it.unimib.disco.essere.WekaNose.gui.dataset.creation.ConditionForm$1, NOA, 0.0, 319, 
356, it.unimib.disco.essere.WekaNose.gui.dataset.creation.ConditionForm$1, WMCNAMM, 2.0, 319, 
356, it.unimib.disco.essere.WekaNose.gui.dataset.creation.ConditionForm$1, AMW, 2.0, 319, 
356, it.unimib.disco.essere.WekaNose.gui.dataset.creation.ConditionForm$1, LOCNAMM, 12.0, 319, 
356, it.unimib.disco.essere.WekaNose.gui.dataset.creation.ConditionForm$1, NOAM, 0.0, 319, 
356, it.unimib.disco.essere.WekaNose.gui.dataset.creation.ConditionForm$1, ATFD, 1.0, 319, 
356, it.unimib.disco.essere.WekaNose.gui.dataset.creation.ConditionForm$1, DIT, 1.0, 319, 
356, it.unimib.disco.essere.WekaNose.gui.dataset.creation.ConditionForm$1, CBO, 2.0, 319, 
356, it.unimib.disco.essere.WekaNose.gui.dataset.creation.ConditionForm$1, FANOUT, 2.0, 319, 
356, it.unimib.disco.essere.WekaNose.gui.dataset.creation.ConditionForm$1, NMO, 0.0, 319, 
356, it.unimib.disco.essere.WekaNose.gui.dataset.creation.ConditionForm$1, NOII, 1.0, 319, 
356, it.unimib.disco.essere.WekaNose.gui.dataset.creation.ConditionForm$1, RFC, 4.0, 319, 
356, it.unimib.disco.essere.WekaNose.gui.dataset.creation.ConditionForm$1, CFNAMM, 12.0, 319, 
356, it.unimib.disco.essere.WekaNose.gui.dataset.creation.ConditionForm$1, LCOM5, 0.0, 319, 
356, it.unimib.disco.essere.WekaNose.gui.dataset.creation.ConditionForm$1, NOPA, 0.0, 319, 
356, it.unimib.disco.essere.WekaNose.gui.dataset.creation.ConditionForm$1, TCC, 1.0, 319, 
356, it.unimib.disco.essere.WekaNose.gui.dataset.creation.ConditionForm$1, AMWNAMM, 2.0, 319, 
356, it.unimib.disco.essere.WekaNose.gui.dataset.creation.ConditionForm$1, NIM, 0.0, 319, 
356, it.unimib.disco.essere.WekaNose.gui.dataset.creation.ConditionForm$1, NOCS, 0.0, 319, 
359, it.unimib.disco.essere.WekaNose.gui.dataset.creation.ConditionForm$2, NOMNAMM, 1.0, 319, 
359, it.unimib.disco.essere.WekaNose.gui.dataset.creation.ConditionForm$2, NOM, 1.0, 319, 
359, it.unimib.disco.essere.WekaNose.gui.dataset.creation.ConditionForm$2, LOC, 11.0, 319, 
359, it.unimib.disco.essere.WekaNose.gui.dataset.creation.ConditionForm$2, WMC, 1.0, 319, 
359, it.unimib.disco.essere.WekaNose.gui.dataset.creation.ConditionForm$2, NOA, 0.0, 319, 
359, it.unimib.disco.essere.WekaNose.gui.dataset.creation.ConditionForm$2, WMCNAMM, 1.0, 319, 
359, it.unimib.disco.essere.WekaNose.gui.dataset.creation.ConditionForm$2, AMW, 1.0, 319, 
359, it.unimib.disco.essere.WekaNose.gui.dataset.creation.ConditionForm$2, LOCNAMM, 11.0, 319, 
359, it.unimib.disco.essere.WekaNose.gui.dataset.creation.ConditionForm$2, NOAM, 0.0, 319, 
359, it.unimib.disco.essere.WekaNose.gui.dataset.creation.ConditionForm$2, ATFD, 1.0, 319, 
359, it.unimib.disco.essere.WekaNose.gui.dataset.creation.ConditionForm$2, DIT, 2.0, 319, 
359, it.unimib.disco.essere.WekaNose.gui.dataset.creation.ConditionForm$2, CBO, 1.0, 319, 
359, it.unimib.disco.essere.WekaNose.gui.dataset.creation.ConditionForm$2, FANOUT, 0.0, 319, 
359, it.unimib.disco.essere.WekaNose.gui.dataset.creation.ConditionForm$2, NMO, 0.0, 319, 
359, it.unimib.disco.essere.WekaNose.gui.dataset.creation.ConditionForm$2, NOII, 0.0, 319, 
359, it.unimib.disco.essere.WekaNose.gui.dataset.creation.ConditionForm$2, RFC, 1.0, 319, 
359, it.unimib.disco.essere.WekaNose.gui.dataset.creation.ConditionForm$2, CFNAMM, 0.0, 319, 
359, it.unimib.disco.essere.WekaNose.gui.dataset.creation.ConditionForm$2, LCOM5, 0.0, 319, 
359, it.unimib.disco.essere.WekaNose.gui.dataset.creation.ConditionForm$2, NOPA, 0.0, 319, 
359, it.unimib.disco.essere.WekaNose.gui.dataset.creation.ConditionForm$2, TCC, 1.0, 319, 
359, it.unimib.disco.essere.WekaNose.gui.dataset.creation.ConditionForm$2, AMWNAMM, 1.0, 319, 
359, it.unimib.disco.essere.WekaNose.gui.dataset.creation.ConditionForm$2, NIM, 8.0, 319, 
359, it.unimib.disco.essere.WekaNose.gui.dataset.creation.ConditionForm$2, NOCS, 0.0, 319, 
361, it.unimib.disco.essere.WekaNose.gui.dataset.creation.ConditionForm$3, NOMNAMM, 1.0, 319, 
361, it.unimib.disco.essere.WekaNose.gui.dataset.creation.ConditionForm$3, NOM, 1.0, 319, 
361, it.unimib.disco.essere.WekaNose.gui.dataset.creation.ConditionForm$3, LOC, 25.0, 319, 
361, it.unimib.disco.essere.WekaNose.gui.dataset.creation.ConditionForm$3, WMC, 3.0, 319, 
361, it.unimib.disco.essere.WekaNose.gui.dataset.creation.ConditionForm$3, NOA, 0.0, 319, 
361, it.unimib.disco.essere.WekaNose.gui.dataset.creation.ConditionForm$3, WMCNAMM, 3.0, 319, 
361, it.unimib.disco.essere.WekaNose.gui.dataset.creation.ConditionForm$3, AMW, 3.0, 319, 
361, it.unimib.disco.essere.WekaNose.gui.dataset.creation.ConditionForm$3, LOCNAMM, 25.0, 319, 
361, it.unimib.disco.essere.WekaNose.gui.dataset.creation.ConditionForm$3, NOAM, 0.0, 319, 
361, it.unimib.disco.essere.WekaNose.gui.dataset.creation.ConditionForm$3, ATFD, 8.0, 319, 
361, it.unimib.disco.essere.WekaNose.gui.dataset.creation.ConditionForm$3, DIT, 1.0, 319, 
361, it.unimib.disco.essere.WekaNose.gui.dataset.creation.ConditionForm$3, CBO, 6.0, 319, 
361, it.unimib.disco.essere.WekaNose.gui.dataset.creation.ConditionForm$3, FANOUT, 5.0, 319, 
361, it.unimib.disco.essere.WekaNose.gui.dataset.creation.ConditionForm$3, NMO, 0.0, 319, 
361, it.unimib.disco.essere.WekaNose.gui.dataset.creation.ConditionForm$3, NOII, 1.0, 319, 
361, it.unimib.disco.essere.WekaNose.gui.dataset.creation.ConditionForm$3, RFC, 10.0, 319, 
361, it.unimib.disco.essere.WekaNose.gui.dataset.creation.ConditionForm$3, CFNAMM, 36.0, 319, 
361, it.unimib.disco.essere.WekaNose.gui.dataset.creation.ConditionForm$3, LCOM5, 0.0, 319, 
361, it.unimib.disco.essere.WekaNose.gui.dataset.creation.ConditionForm$3, NOPA, 0.0, 319, 
361, it.unimib.disco.essere.WekaNose.gui.dataset.creation.ConditionForm$3, TCC, 1.0, 319, 
361, it.unimib.disco.essere.WekaNose.gui.dataset.creation.ConditionForm$3, AMWNAMM, 3.0, 319, 
361, it.unimib.disco.essere.WekaNose.gui.dataset.creation.ConditionForm$3, NIM, 0.0, 319, 
361, it.unimib.disco.essere.WekaNose.gui.dataset.creation.ConditionForm$3, NOCS, 0.0, 319, 
364, it.unimib.disco.essere.WekaNose.gui.dataset.creation.DatasetInfo$1, NOMNAMM, 1.0, 319, 
364, it.unimib.disco.essere.WekaNose.gui.dataset.creation.DatasetInfo$1, NOM, 1.0, 319, 
364, it.unimib.disco.essere.WekaNose.gui.dataset.creation.DatasetInfo$1, LOC, 9.0, 319, 
364, it.unimib.disco.essere.WekaNose.gui.dataset.creation.DatasetInfo$1, WMC, 2.0, 319, 
364, it.unimib.disco.essere.WekaNose.gui.dataset.creation.DatasetInfo$1, NOA, 0.0, 319, 
364, it.unimib.disco.essere.WekaNose.gui.dataset.creation.DatasetInfo$1, WMCNAMM, 2.0, 319, 
364, it.unimib.disco.essere.WekaNose.gui.dataset.creation.DatasetInfo$1, AMW, 2.0, 319, 
364, it.unimib.disco.essere.WekaNose.gui.dataset.creation.DatasetInfo$1, LOCNAMM, 9.0, 319, 
364, it.unimib.disco.essere.WekaNose.gui.dataset.creation.DatasetInfo$1, NOAM, 0.0, 319, 
364, it.unimib.disco.essere.WekaNose.gui.dataset.creation.DatasetInfo$1, ATFD, 0.0, 319, 
364, it.unimib.disco.essere.WekaNose.gui.dataset.creation.DatasetInfo$1, DIT, 1.0, 319, 
364, it.unimib.disco.essere.WekaNose.gui.dataset.creation.DatasetInfo$1, CBO, 1.0, 319, 
364, it.unimib.disco.essere.WekaNose.gui.dataset.creation.DatasetInfo$1, FANOUT, 1.0, 319, 
364, it.unimib.disco.essere.WekaNose.gui.dataset.creation.DatasetInfo$1, NMO, 0.0, 319, 
364, it.unimib.disco.essere.WekaNose.gui.dataset.creation.DatasetInfo$1, NOII, 1.0, 319, 
364, it.unimib.disco.essere.WekaNose.gui.dataset.creation.DatasetInfo$1, RFC, 2.0, 319, 
364, it.unimib.disco.essere.WekaNose.gui.dataset.creation.DatasetInfo$1, CFNAMM, 4.0, 319, 
364, it.unimib.disco.essere.WekaNose.gui.dataset.creation.DatasetInfo$1, LCOM5, 0.0, 319, 
364, it.unimib.disco.essere.WekaNose.gui.dataset.creation.DatasetInfo$1, NOPA, 0.0, 319, 
364, it.unimib.disco.essere.WekaNose.gui.dataset.creation.DatasetInfo$1, TCC, 1.0, 319, 
364, it.unimib.disco.essere.WekaNose.gui.dataset.creation.DatasetInfo$1, AMWNAMM, 2.0, 319, 
364, it.unimib.disco.essere.WekaNose.gui.dataset.creation.DatasetInfo$1, NIM, 0.0, 319, 
364, it.unimib.disco.essere.WekaNose.gui.dataset.creation.DatasetInfo$1, NOCS, 0.0, 319, 
367, it.unimib.disco.essere.WekaNose.gui.dataset.creation.ConditionForm$4, NOMNAMM, 1.0, 319, 
367, it.unimib.disco.essere.WekaNose.gui.dataset.creation.ConditionForm$4, NOM, 1.0, 319, 
367, it.unimib.disco.essere.WekaNose.gui.dataset.creation.ConditionForm$4, LOC, 11.0, 319, 
367, it.unimib.disco.essere.WekaNose.gui.dataset.creation.ConditionForm$4, WMC, 1.0, 319, 
367, it.unimib.disco.essere.WekaNose.gui.dataset.creation.ConditionForm$4, NOA, 0.0, 319, 
367, it.unimib.disco.essere.WekaNose.gui.dataset.creation.ConditionForm$4, WMCNAMM, 1.0, 319, 
367, it.unimib.disco.essere.WekaNose.gui.dataset.creation.ConditionForm$4, AMW, 1.0, 319, 
367, it.unimib.disco.essere.WekaNose.gui.dataset.creation.ConditionForm$4, LOCNAMM, 11.0, 319, 
367, it.unimib.disco.essere.WekaNose.gui.dataset.creation.ConditionForm$4, NOAM, 0.0, 319, 
367, it.unimib.disco.essere.WekaNose.gui.dataset.creation.ConditionForm$4, ATFD, 1.0, 319, 
367, it.unimib.disco.essere.WekaNose.gui.dataset.creation.ConditionForm$4, DIT, 2.0, 319, 
367, it.unimib.disco.essere.WekaNose.gui.dataset.creation.ConditionForm$4, CBO, 2.0, 319, 
367, it.unimib.disco.essere.WekaNose.gui.dataset.creation.ConditionForm$4, FANOUT, 1.0, 319, 
367, it.unimib.disco.essere.WekaNose.gui.dataset.creation.ConditionForm$4, NMO, 0.0, 319, 
367, it.unimib.disco.essere.WekaNose.gui.dataset.creation.ConditionForm$4, NOII, 0.0, 319, 
367, it.unimib.disco.essere.WekaNose.gui.dataset.creation.ConditionForm$4, RFC, 2.0, 319, 
367, it.unimib.disco.essere.WekaNose.gui.dataset.creation.ConditionForm$4, CFNAMM, 4.0, 319, 
367, it.unimib.disco.essere.WekaNose.gui.dataset.creation.ConditionForm$4, LCOM5, 0.0, 319, 
367, it.unimib.disco.essere.WekaNose.gui.dataset.creation.ConditionForm$4, NOPA, 0.0, 319, 
367, it.unimib.disco.essere.WekaNose.gui.dataset.creation.ConditionForm$4, TCC, 1.0, 319, 
367, it.unimib.disco.essere.WekaNose.gui.dataset.creation.ConditionForm$4, AMWNAMM, 1.0, 319, 
367, it.unimib.disco.essere.WekaNose.gui.dataset.creation.ConditionForm$4, NIM, 8.0, 319, 
367, it.unimib.disco.essere.WekaNose.gui.dataset.creation.ConditionForm$4, NOCS, 0.0, 319, 
369, it.unimib.disco.essere.WekaNose.gui.dataset.creation.DatasetInfo$2, NOMNAMM, 1.0, 319, 
369, it.unimib.disco.essere.WekaNose.gui.dataset.creation.DatasetInfo$2, NOM, 1.0, 319, 
369, it.unimib.disco.essere.WekaNose.gui.dataset.creation.DatasetInfo$2, LOC, 15.0, 319, 
369, it.unimib.disco.essere.WekaNose.gui.dataset.creation.DatasetInfo$2, WMC, 2.0, 319, 
369, it.unimib.disco.essere.WekaNose.gui.dataset.creation.DatasetInfo$2, NOA, 0.0, 319, 
369, it.unimib.disco.essere.WekaNose.gui.dataset.creation.DatasetInfo$2, WMCNAMM, 2.0, 319, 
369, it.unimib.disco.essere.WekaNose.gui.dataset.creation.DatasetInfo$2, AMW, 2.0, 319, 
369, it.unimib.disco.essere.WekaNose.gui.dataset.creation.DatasetInfo$2, LOCNAMM, 15.0, 319, 
369, it.unimib.disco.essere.WekaNose.gui.dataset.creation.DatasetInfo$2, NOAM, 0.0, 319, 
369, it.unimib.disco.essere.WekaNose.gui.dataset.creation.DatasetInfo$2, ATFD, 2.0, 319, 
369, it.unimib.disco.essere.WekaNose.gui.dataset.creation.DatasetInfo$2, DIT, 1.0, 319, 
369, it.unimib.disco.essere.WekaNose.gui.dataset.creation.DatasetInfo$2, CBO, 5.0, 319, 
369, it.unimib.disco.essere.WekaNose.gui.dataset.creation.DatasetInfo$2, FANOUT, 4.0, 319, 
369, it.unimib.disco.essere.WekaNose.gui.dataset.creation.DatasetInfo$2, NMO, 0.0, 319, 
369, it.unimib.disco.essere.WekaNose.gui.dataset.creation.DatasetInfo$2, NOII, 1.0, 319, 
369, it.unimib.disco.essere.WekaNose.gui.dataset.creation.DatasetInfo$2, RFC, 5.0, 319, 
369, it.unimib.disco.essere.WekaNose.gui.dataset.creation.DatasetInfo$2, CFNAMM, 16.0, 319, 
369, it.unimib.disco.essere.WekaNose.gui.dataset.creation.DatasetInfo$2, LCOM5, 0.0, 319, 
369, it.unimib.disco.essere.WekaNose.gui.dataset.creation.DatasetInfo$2, NOPA, 0.0, 319, 
369, it.unimib.disco.essere.WekaNose.gui.dataset.creation.DatasetInfo$2, TCC, 1.0, 319, 
369, it.unimib.disco.essere.WekaNose.gui.dataset.creation.DatasetInfo$2, AMWNAMM, 2.0, 319, 
369, it.unimib.disco.essere.WekaNose.gui.dataset.creation.DatasetInfo$2, NIM, 0.0, 319, 
369, it.unimib.disco.essere.WekaNose.gui.dataset.creation.DatasetInfo$2, NOCS, 0.0, 319, 
372, it.unimib.disco.essere.WekaNose.gui.dataset.creation.ConditionForm$5, NOMNAMM, 1.0, 319, 
372, it.unimib.disco.essere.WekaNose.gui.dataset.creation.ConditionForm$5, NOM, 1.0, 319, 
372, it.unimib.disco.essere.WekaNose.gui.dataset.creation.ConditionForm$5, LOC, 7.0, 319, 
372, it.unimib.disco.essere.WekaNose.gui.dataset.creation.ConditionForm$5, WMC, 1.0, 319, 
372, it.unimib.disco.essere.WekaNose.gui.dataset.creation.ConditionForm$5, NOA, 0.0, 319, 
372, it.unimib.disco.essere.WekaNose.gui.dataset.creation.ConditionForm$5, WMCNAMM, 1.0, 319, 
372, it.unimib.disco.essere.WekaNose.gui.dataset.creation.ConditionForm$5, AMW, 1.0, 319, 
372, it.unimib.disco.essere.WekaNose.gui.dataset.creation.ConditionForm$5, LOCNAMM, 7.0, 319, 
372, it.unimib.disco.essere.WekaNose.gui.dataset.creation.ConditionForm$5, NOAM, 0.0, 319, 
372, it.unimib.disco.essere.WekaNose.gui.dataset.creation.ConditionForm$5, ATFD, 2.0, 319, 
372, it.unimib.disco.essere.WekaNose.gui.dataset.creation.ConditionForm$5, DIT, 2.0, 319, 
372, it.unimib.disco.essere.WekaNose.gui.dataset.creation.ConditionForm$5, CBO, 4.0, 319, 
372, it.unimib.disco.essere.WekaNose.gui.dataset.creation.ConditionForm$5, FANOUT, 3.0, 319, 
372, it.unimib.disco.essere.WekaNose.gui.dataset.creation.ConditionForm$5, NMO, 0.0, 319, 
372, it.unimib.disco.essere.WekaNose.gui.dataset.creation.ConditionForm$5, NOII, 0.0, 319, 
372, it.unimib.disco.essere.WekaNose.gui.dataset.creation.ConditionForm$5, RFC, 4.0, 319, 
372, it.unimib.disco.essere.WekaNose.gui.dataset.creation.ConditionForm$5, CFNAMM, 12.0, 319, 
372, it.unimib.disco.essere.WekaNose.gui.dataset.creation.ConditionForm$5, LCOM5, 0.0, 319, 
372, it.unimib.disco.essere.WekaNose.gui.dataset.creation.ConditionForm$5, NOPA, 0.0, 319, 
372, it.unimib.disco.essere.WekaNose.gui.dataset.creation.ConditionForm$5, TCC, 1.0, 319, 
372, it.unimib.disco.essere.WekaNose.gui.dataset.creation.ConditionForm$5, AMWNAMM, 1.0, 319, 
372, it.unimib.disco.essere.WekaNose.gui.dataset.creation.ConditionForm$5, NIM, 8.0, 319, 
372, it.unimib.disco.essere.WekaNose.gui.dataset.creation.ConditionForm$5, NOCS, 0.0, 319, 
374, it.unimib.disco.essere.WekaNose.gui.dataset.creation.DatasetInfo$3, NOMNAMM, 1.0, 319, 
374, it.unimib.disco.essere.WekaNose.gui.dataset.creation.DatasetInfo$3, NOM, 1.0, 319, 
374, it.unimib.disco.essere.WekaNose.gui.dataset.creation.DatasetInfo$3, LOC, 24.0, 319, 
374, it.unimib.disco.essere.WekaNose.gui.dataset.creation.DatasetInfo$3, WMC, 5.0, 319, 
374, it.unimib.disco.essere.WekaNose.gui.dataset.creation.DatasetInfo$3, NOA, 0.0, 319, 
374, it.unimib.disco.essere.WekaNose.gui.dataset.creation.DatasetInfo$3, WMCNAMM, 5.0, 319, 
374, it.unimib.disco.essere.WekaNose.gui.dataset.creation.DatasetInfo$3, AMW, 5.0, 319, 
374, it.unimib.disco.essere.WekaNose.gui.dataset.creation.DatasetInfo$3, LOCNAMM, 24.0, 319, 
374, it.unimib.disco.essere.WekaNose.gui.dataset.creation.DatasetInfo$3, NOAM, 0.0, 319, 
374, it.unimib.disco.essere.WekaNose.gui.dataset.creation.DatasetInfo$3, ATFD, 1.0, 319, 
374, it.unimib.disco.essere.WekaNose.gui.dataset.creation.DatasetInfo$3, DIT, 2.0, 319, 
374, it.unimib.disco.essere.WekaNose.gui.dataset.creation.DatasetInfo$3, CBO, 1.0, 319, 
374, it.unimib.disco.essere.WekaNose.gui.dataset.creation.DatasetInfo$3, FANOUT, 0.0, 319, 
374, it.unimib.disco.essere.WekaNose.gui.dataset.creation.DatasetInfo$3, NMO, 0.0, 319, 
374, it.unimib.disco.essere.WekaNose.gui.dataset.creation.DatasetInfo$3, NOII, 0.0, 319, 
374, it.unimib.disco.essere.WekaNose.gui.dataset.creation.DatasetInfo$3, RFC, 1.0, 319, 
374, it.unimib.disco.essere.WekaNose.gui.dataset.creation.DatasetInfo$3, CFNAMM, 0.0, 319, 
374, it.unimib.disco.essere.WekaNose.gui.dataset.creation.DatasetInfo$3, LCOM5, 0.0, 319, 
374, it.unimib.disco.essere.WekaNose.gui.dataset.creation.DatasetInfo$3, NOPA, 0.0, 319, 
374, it.unimib.disco.essere.WekaNose.gui.dataset.creation.DatasetInfo$3, TCC, 1.0, 319, 
374, it.unimib.disco.essere.WekaNose.gui.dataset.creation.DatasetInfo$3, AMWNAMM, 5.0, 319, 
374, it.unimib.disco.essere.WekaNose.gui.dataset.creation.DatasetInfo$3, NIM, 3.0, 319, 
374, it.unimib.disco.essere.WekaNose.gui.dataset.creation.DatasetInfo$3, NOCS, 0.0, 319, 
376, ConditionForm.ConditionJPanel, NOMNAMM, 1.0, 319, 
376, ConditionForm.ConditionJPanel, NOM, 1.0, 319, 
376, ConditionForm.ConditionJPanel, LOC, 67.0, 319, 
376, ConditionForm.ConditionJPanel, WMC, 2.0, 319, 
376, ConditionForm.ConditionJPanel, NOA, 6.0, 319, 
376, ConditionForm.ConditionJPanel, WMCNAMM, 2.0, 319, 
376, ConditionForm.ConditionJPanel, AMW, 2.0, 319, 
376, ConditionForm.ConditionJPanel, LOCNAMM, 67.0, 319, 
376, ConditionForm.ConditionJPanel, NOAM, 0.0, 319, 
376, ConditionForm.ConditionJPanel, ATFD, 0.0, 319, 
376, ConditionForm.ConditionJPanel, DIT, 5.0, 319, 
376, ConditionForm.ConditionJPanel, NOC, 0.0, 319, 
376, ConditionForm.ConditionJPanel, CBO, 4.0, 319, 
376, ConditionForm.ConditionJPanel, FANOUT, 2.0, 319, 
376, ConditionForm.ConditionJPanel, NMO, 0.0, 319, 
376, ConditionForm.ConditionJPanel, WOC, 1.0, 319, 
376, ConditionForm.ConditionJPanel, NOII, 0.0, 319, 
376, ConditionForm.ConditionJPanel, RFC, 3.0, 319, 
376, ConditionForm.ConditionJPanel, CFNAMM, 8.0, 319, 
376, ConditionForm.ConditionJPanel, LCOM5, 0.0, 319, 
376, ConditionForm.ConditionJPanel, NOPA, 0.0, 319, 
376, ConditionForm.ConditionJPanel, TCC, 1.0, 319, 
376, ConditionForm.ConditionJPanel, AMWNAMM, 2.0, 319, 
376, ConditionForm.ConditionJPanel, NIM, 522.0, 319, 
376, ConditionForm.ConditionJPanel, NOCS, 2.0, 319, 
378, it.unimib.disco.essere.WekaNose.gui.dataset.creation.ConditionForm.ConditionJPanel$1, NOMNAMM, 1.0, 319, 
378, it.unimib.disco.essere.WekaNose.gui.dataset.creation.ConditionForm.ConditionJPanel$1, NOM, 1.0, 319, 
378, it.unimib.disco.essere.WekaNose.gui.dataset.creation.ConditionForm.ConditionJPanel$1, LOC, 8.0, 319, 
378, it.unimib.disco.essere.WekaNose.gui.dataset.creation.ConditionForm.ConditionJPanel$1, WMC, 2.0, 319, 
378, it.unimib.disco.essere.WekaNose.gui.dataset.creation.ConditionForm.ConditionJPanel$1, NOA, 0.0, 319, 
378, it.unimib.disco.essere.WekaNose.gui.dataset.creation.ConditionForm.ConditionJPanel$1, WMCNAMM, 2.0, 319, 
378, it.unimib.disco.essere.WekaNose.gui.dataset.creation.ConditionForm.ConditionJPanel$1, AMW, 2.0, 319, 
378, it.unimib.disco.essere.WekaNose.gui.dataset.creation.ConditionForm.ConditionJPanel$1, LOCNAMM, 8.0, 319, 
378, it.unimib.disco.essere.WekaNose.gui.dataset.creation.ConditionForm.ConditionJPanel$1, NOAM, 0.0, 319, 
378, it.unimib.disco.essere.WekaNose.gui.dataset.creation.ConditionForm.ConditionJPanel$1, ATFD, 2.0, 319, 
378, it.unimib.disco.essere.WekaNose.gui.dataset.creation.ConditionForm.ConditionJPanel$1, DIT, 1.0, 319, 
378, it.unimib.disco.essere.WekaNose.gui.dataset.creation.ConditionForm.ConditionJPanel$1, CBO, 1.0, 319, 
378, it.unimib.disco.essere.WekaNose.gui.dataset.creation.ConditionForm.ConditionJPanel$1, FANOUT, 0.0, 319, 
378, it.unimib.disco.essere.WekaNose.gui.dataset.creation.ConditionForm.ConditionJPanel$1, NMO, 0.0, 319, 
378, it.unimib.disco.essere.WekaNose.gui.dataset.creation.ConditionForm.ConditionJPanel$1, NOII, 1.0, 319, 
378, it.unimib.disco.essere.WekaNose.gui.dataset.creation.ConditionForm.ConditionJPanel$1, RFC, 1.0, 319, 
378, it.unimib.disco.essere.WekaNose.gui.dataset.creation.ConditionForm.ConditionJPanel$1, CFNAMM, 0.0, 319, 
378, it.unimib.disco.essere.WekaNose.gui.dataset.creation.ConditionForm.ConditionJPanel$1, LCOM5, 0.0, 319, 
378, it.unimib.disco.essere.WekaNose.gui.dataset.creation.ConditionForm.ConditionJPanel$1, NOPA, 0.0, 319, 
378, it.unimib.disco.essere.WekaNose.gui.dataset.creation.ConditionForm.ConditionJPanel$1, TCC, 1.0, 319, 
378, it.unimib.disco.essere.WekaNose.gui.dataset.creation.ConditionForm.ConditionJPanel$1, AMWNAMM, 2.0, 319, 
378, it.unimib.disco.essere.WekaNose.gui.dataset.creation.ConditionForm.ConditionJPanel$1, NIM, 0.0, 319, 
378, it.unimib.disco.essere.WekaNose.gui.dataset.creation.ConditionForm.ConditionJPanel$1, NOCS, 0.0, 319, 
381, it.unimib.disco.essere.WekaNose.gui.dataset.creation.ConditionForm.ConditionJPanel$2, NOMNAMM, 1.0, 319, 
381, it.unimib.disco.essere.WekaNose.gui.dataset.creation.ConditionForm.ConditionJPanel$2, NOM, 1.0, 319, 
381, it.unimib.disco.essere.WekaNose.gui.dataset.creation.ConditionForm.ConditionJPanel$2, LOC, 7.0, 319, 
381, it.unimib.disco.essere.WekaNose.gui.dataset.creation.ConditionForm.ConditionJPanel$2, WMC, 1.0, 319, 
381, it.unimib.disco.essere.WekaNose.gui.dataset.creation.ConditionForm.ConditionJPanel$2, NOA, 0.0, 319, 
381, it.unimib.disco.essere.WekaNose.gui.dataset.creation.ConditionForm.ConditionJPanel$2, WMCNAMM, 1.0, 319, 
381, it.unimib.disco.essere.WekaNose.gui.dataset.creation.ConditionForm.ConditionJPanel$2, AMW, 1.0, 319, 
381, it.unimib.disco.essere.WekaNose.gui.dataset.creation.ConditionForm.ConditionJPanel$2, LOCNAMM, 7.0, 319, 
381, it.unimib.disco.essere.WekaNose.gui.dataset.creation.ConditionForm.ConditionJPanel$2, NOAM, 0.0, 319, 
381, it.unimib.disco.essere.WekaNose.gui.dataset.creation.ConditionForm.ConditionJPanel$2, ATFD, 2.0, 319, 
381, it.unimib.disco.essere.WekaNose.gui.dataset.creation.ConditionForm.ConditionJPanel$2, DIT, 2.0, 319, 
381, it.unimib.disco.essere.WekaNose.gui.dataset.creation.ConditionForm.ConditionJPanel$2, CBO, 2.0, 319, 
381, it.unimib.disco.essere.WekaNose.gui.dataset.creation.ConditionForm.ConditionJPanel$2, FANOUT, 0.0, 319, 
381, it.unimib.disco.essere.WekaNose.gui.dataset.creation.ConditionForm.ConditionJPanel$2, NMO, 0.0, 319, 
381, it.unimib.disco.essere.WekaNose.gui.dataset.creation.ConditionForm.ConditionJPanel$2, NOII, 0.0, 319, 
381, it.unimib.disco.essere.WekaNose.gui.dataset.creation.ConditionForm.ConditionJPanel$2, RFC, 1.0, 319, 
381, it.unimib.disco.essere.WekaNose.gui.dataset.creation.ConditionForm.ConditionJPanel$2, CFNAMM, 0.0, 319, 
381, it.unimib.disco.essere.WekaNose.gui.dataset.creation.ConditionForm.ConditionJPanel$2, LCOM5, 0.0, 319, 
381, it.unimib.disco.essere.WekaNose.gui.dataset.creation.ConditionForm.ConditionJPanel$2, NOPA, 0.0, 319, 
381, it.unimib.disco.essere.WekaNose.gui.dataset.creation.ConditionForm.ConditionJPanel$2, TCC, 1.0, 319, 
381, it.unimib.disco.essere.WekaNose.gui.dataset.creation.ConditionForm.ConditionJPanel$2, AMWNAMM, 1.0, 319, 
381, it.unimib.disco.essere.WekaNose.gui.dataset.creation.ConditionForm.ConditionJPanel$2, NIM, 8.0, 319, 
381, it.unimib.disco.essere.WekaNose.gui.dataset.creation.ConditionForm.ConditionJPanel$2, NOCS, 0.0, 319, 
384, NotValidConditionException, NOMNAMM, 2.0, 383, 
384, NotValidConditionException, NOM, 2.0, 383, 
384, NotValidConditionException, LOC, 23.0, 383, 
384, NotValidConditionException, WMC, 2.0, 383, 
384, NotValidConditionException, NOA, 3.0, 383, 
384, NotValidConditionException, WMCNAMM, 2.0, 383, 
384, NotValidConditionException, AMW, 1.0, 383, 
384, NotValidConditionException, LOCNAMM, 23.0, 383, 
384, NotValidConditionException, NOAM, 0.0, 383, 
384, NotValidConditionException, ATFD, 0.0, 383, 
384, NotValidConditionException, DIT, 3.0, 383, 
384, NotValidConditionException, NOC, 0.0, 383, 
384, NotValidConditionException, CBO, 0.0, 383, 
384, NotValidConditionException, FANOUT, 0.0, 383, 
384, NotValidConditionException, NMO, 1.0, 383, 
384, NotValidConditionException, WOC, 1.0, 383, 
384, NotValidConditionException, NOII, 0.0, 383, 
384, NotValidConditionException, RFC, 2.0, 383, 
384, NotValidConditionException, CFNAMM, 0.0, 383, 
384, NotValidConditionException, LCOM5, 1.66666666666667, 383, 
384, NotValidConditionException, NOPA, 0.0, 383, 
384, NotValidConditionException, TCC, 1.0, 383, 
384, NotValidConditionException, AMWNAMM, 1.0, 383, 
384, NotValidConditionException, NIM, 14.0, 383, 
384, NotValidConditionException, NOCS, 0.0, 383, 
387, WorkspaceException, NOMNAMM, 2.0, 383, 
387, WorkspaceException, NOM, 2.0, 383, 
387, WorkspaceException, LOC, 24.0, 383, 
387, WorkspaceException, WMC, 2.0, 383, 
387, WorkspaceException, NOA, 3.0, 383, 
387, WorkspaceException, WMCNAMM, 2.0, 383, 
387, WorkspaceException, AMW, 1.0, 383, 
387, WorkspaceException, LOCNAMM, 24.0, 383, 
387, WorkspaceException, NOAM, 0.0, 383, 
387, WorkspaceException, ATFD, 0.0, 383, 
387, WorkspaceException, DIT, 3.0, 383, 
387, WorkspaceException, NOC, 0.0, 383, 
387, WorkspaceException, CBO, 0.0, 383, 
387, WorkspaceException, FANOUT, 0.0, 383, 
387, WorkspaceException, NMO, 1.0, 383, 
387, WorkspaceException, WOC, 1.0, 383, 
387, WorkspaceException, NOII, 0.0, 383, 
387, WorkspaceException, RFC, 2.0, 383, 
387, WorkspaceException, CFNAMM, 0.0, 383, 
387, WorkspaceException, LCOM5, 1.66666666666667, 383, 
387, WorkspaceException, NOPA, 0.0, 383, 
387, WorkspaceException, TCC, 1.0, 383, 
387, WorkspaceException, AMWNAMM, 1.0, 383, 
387, WorkspaceException, NIM, 14.0, 383, 
387, WorkspaceException, NOCS, 0.0, 383, 
390, DFCM4JException, NOMNAMM, 2.0, 383, 
390, DFCM4JException, NOM, 3.0, 383, 
390, DFCM4JException, LOC, 32.0, 383, 
390, DFCM4JException, WMC, 3.0, 383, 
390, DFCM4JException, NOA, 4.0, 383, 
390, DFCM4JException, WMCNAMM, 2.0, 383, 
390, DFCM4JException, AMW, 1.0, 383, 
390, DFCM4JException, LOCNAMM, 27.0, 383, 
390, DFCM4JException, NOAM, 1.0, 383, 
390, DFCM4JException, ATFD, 0.0, 383, 
390, DFCM4JException, DIT, 3.0, 383, 
390, DFCM4JException, NOC, 0.0, 383, 
390, DFCM4JException, CBO, 0.0, 383, 
390, DFCM4JException, FANOUT, 0.0, 383, 
390, DFCM4JException, NMO, 1.0, 383, 
390, DFCM4JException, WOC, 0.666666666666667, 383, 
390, DFCM4JException, NOII, 0.0, 383, 
390, DFCM4JException, RFC, 3.0, 383, 
390, DFCM4JException, CFNAMM, 0.0, 383, 
390, DFCM4JException, LCOM5, 1.25, 383, 
390, DFCM4JException, NOPA, 0.0, 383, 
390, DFCM4JException, TCC, 0.0, 383, 
390, DFCM4JException, AMWNAMM, 1.0, 383, 
390, DFCM4JException, NIM, 14.0, 383, 
390, DFCM4JException, NOCS, 0.0, 383, 
395, PropertiesCreator, NOMNAMM, 4.0, 394, 
395, PropertiesCreator, NOM, 4.0, 394, 
395, PropertiesCreator, LOC, 388.0, 394, 
395, PropertiesCreator, WMC, 8.0, 394, 
395, PropertiesCreator, NOA, 9.0, 394, 
395, PropertiesCreator, WMCNAMM, 8.0, 394, 
395, PropertiesCreator, AMW, 2.0, 394, 
395, PropertiesCreator, LOCNAMM, 388.0, 394, 
395, PropertiesCreator, NOAM, 0.0, 394, 
395, PropertiesCreator, ATFD, 0.0, 394, 
395, PropertiesCreator, DIT, 1.0, 394, 
395, PropertiesCreator, NOC, 0.0, 394, 
395, PropertiesCreator, CBO, 0.0, 394, 
395, PropertiesCreator, FANOUT, 2.0, 394, 
395, PropertiesCreator, NMO, 0.0, 394, 
395, PropertiesCreator, WOC, 1.0, 394, 
395, PropertiesCreator, NOII, 0.0, 394, 
395, PropertiesCreator, RFC, 6.0, 394, 
395, PropertiesCreator, CFNAMM, 16.0, 394, 
395, PropertiesCreator, LCOM5, 1.25925925925926, 394, 
395, PropertiesCreator, NOPA, 0.0, 394, 
395, PropertiesCreator, TCC, 0.0, 394, 
395, PropertiesCreator, AMWNAMM, 2.0, 394, 
395, PropertiesCreator, NIM, 0.0, 394, 
395, PropertiesCreator, NOCS, 8.0, 394, 
400, it.unimib.disco.essere.WekaNose.gui.machine.learning.approach.PropertiesCreator$1, NOMNAMM, 1.0, 394, 
400, it.unimib.disco.essere.WekaNose.gui.machine.learning.approach.PropertiesCreator$1, NOM, 1.0, 394, 
400, it.unimib.disco.essere.WekaNose.gui.machine.learning.approach.PropertiesCreator$1, LOC, 10.0, 394, 
400, it.unimib.disco.essere.WekaNose.gui.machine.learning.approach.PropertiesCreator$1, WMC, 2.0, 394, 
400, it.unimib.disco.essere.WekaNose.gui.machine.learning.approach.PropertiesCreator$1, NOA, 0.0, 394, 
400, it.unimib.disco.essere.WekaNose.gui.machine.learning.approach.PropertiesCreator$1, WMCNAMM, 2.0, 394, 
400, it.unimib.disco.essere.WekaNose.gui.machine.learning.approach.PropertiesCreator$1, AMW, 2.0, 394, 
400, it.unimib.disco.essere.WekaNose.gui.machine.learning.approach.PropertiesCreator$1, LOCNAMM, 10.0, 394, 
400, it.unimib.disco.essere.WekaNose.gui.machine.learning.approach.PropertiesCreator$1, NOAM, 0.0, 394, 
400, it.unimib.disco.essere.WekaNose.gui.machine.learning.approach.PropertiesCreator$1, ATFD, 1.0, 394, 
400, it.unimib.disco.essere.WekaNose.gui.machine.learning.approach.PropertiesCreator$1, DIT, 1.0, 394, 
400, it.unimib.disco.essere.WekaNose.gui.machine.learning.approach.PropertiesCreator$1, CBO, 1.0, 394, 
400, it.unimib.disco.essere.WekaNose.gui.machine.learning.approach.PropertiesCreator$1, FANOUT, 1.0, 394, 
400, it.unimib.disco.essere.WekaNose.gui.machine.learning.approach.PropertiesCreator$1, NMO, 0.0, 394, 
400, it.unimib.disco.essere.WekaNose.gui.machine.learning.approach.PropertiesCreator$1, NOII, 1.0, 394, 
400, it.unimib.disco.essere.WekaNose.gui.machine.learning.approach.PropertiesCreator$1, RFC, 2.0, 394, 
400, it.unimib.disco.essere.WekaNose.gui.machine.learning.approach.PropertiesCreator$1, CFNAMM, 4.0, 394, 
400, it.unimib.disco.essere.WekaNose.gui.machine.learning.approach.PropertiesCreator$1, LCOM5, 0.0, 394, 
400, it.unimib.disco.essere.WekaNose.gui.machine.learning.approach.PropertiesCreator$1, NOPA, 0.0, 394, 
400, it.unimib.disco.essere.WekaNose.gui.machine.learning.approach.PropertiesCreator$1, TCC, 1.0, 394, 
400, it.unimib.disco.essere.WekaNose.gui.machine.learning.approach.PropertiesCreator$1, AMWNAMM, 2.0, 394, 
400, it.unimib.disco.essere.WekaNose.gui.machine.learning.approach.PropertiesCreator$1, NIM, 0.0, 394, 
400, it.unimib.disco.essere.WekaNose.gui.machine.learning.approach.PropertiesCreator$1, NOCS, 0.0, 394, 
403, it.unimib.disco.essere.WekaNose.gui.machine.learning.approach.PropertiesCreator$2, NOMNAMM, 2.0, 394, 
403, it.unimib.disco.essere.WekaNose.gui.machine.learning.approach.PropertiesCreator$2, NOM, 2.0, 394, 
403, it.unimib.disco.essere.WekaNose.gui.machine.learning.approach.PropertiesCreator$2, LOC, 43.0, 394, 
403, it.unimib.disco.essere.WekaNose.gui.machine.learning.approach.PropertiesCreator$2, WMC, 5.0, 394, 
403, it.unimib.disco.essere.WekaNose.gui.machine.learning.approach.PropertiesCreator$2, NOA, 0.0, 394, 
403, it.unimib.disco.essere.WekaNose.gui.machine.learning.approach.PropertiesCreator$2, WMCNAMM, 5.0, 394, 
403, it.unimib.disco.essere.WekaNose.gui.machine.learning.approach.PropertiesCreator$2, AMW, 2.5, 394, 
403, it.unimib.disco.essere.WekaNose.gui.machine.learning.approach.PropertiesCreator$2, LOCNAMM, 43.0, 394, 
403, it.unimib.disco.essere.WekaNose.gui.machine.learning.approach.PropertiesCreator$2, NOAM, 0.0, 394, 
403, it.unimib.disco.essere.WekaNose.gui.machine.learning.approach.PropertiesCreator$2, ATFD, 4.0, 394, 
403, it.unimib.disco.essere.WekaNose.gui.machine.learning.approach.PropertiesCreator$2, DIT, 2.0, 394, 
403, it.unimib.disco.essere.WekaNose.gui.machine.learning.approach.PropertiesCreator$2, CBO, 4.0, 394, 
403, it.unimib.disco.essere.WekaNose.gui.machine.learning.approach.PropertiesCreator$2, FANOUT, 4.0, 394, 
403, it.unimib.disco.essere.WekaNose.gui.machine.learning.approach.PropertiesCreator$2, NMO, 0.0, 394, 
403, it.unimib.disco.essere.WekaNose.gui.machine.learning.approach.PropertiesCreator$2, NOII, 0.0, 394, 
403, it.unimib.disco.essere.WekaNose.gui.machine.learning.approach.PropertiesCreator$2, RFC, 10.0, 394, 
403, it.unimib.disco.essere.WekaNose.gui.machine.learning.approach.PropertiesCreator$2, CFNAMM, 32.0, 394, 
403, it.unimib.disco.essere.WekaNose.gui.machine.learning.approach.PropertiesCreator$2, LCOM5, 0.0, 394, 
403, it.unimib.disco.essere.WekaNose.gui.machine.learning.approach.PropertiesCreator$2, NOPA, 0.0, 394, 
403, it.unimib.disco.essere.WekaNose.gui.machine.learning.approach.PropertiesCreator$2, TCC, 0.0, 394, 
403, it.unimib.disco.essere.WekaNose.gui.machine.learning.approach.PropertiesCreator$2, AMWNAMM, 2.5, 394, 
403, it.unimib.disco.essere.WekaNose.gui.machine.learning.approach.PropertiesCreator$2, NIM, 8.0, 394, 
403, it.unimib.disco.essere.WekaNose.gui.machine.learning.approach.PropertiesCreator$2, NOCS, 0.0, 394, 
406, it.unimib.disco.essere.WekaNose.gui.machine.learning.approach.PropertiesCreator$3, NOMNAMM, 1.0, 394, 
406, it.unimib.disco.essere.WekaNose.gui.machine.learning.approach.PropertiesCreator$3, NOM, 1.0, 394, 
406, it.unimib.disco.essere.WekaNose.gui.machine.learning.approach.PropertiesCreator$3, LOC, 14.0, 394, 
406, it.unimib.disco.essere.WekaNose.gui.machine.learning.approach.PropertiesCreator$3, WMC, 3.0, 394, 
406, it.unimib.disco.essere.WekaNose.gui.machine.learning.approach.PropertiesCreator$3, NOA, 0.0, 394, 
406, it.unimib.disco.essere.WekaNose.gui.machine.learning.approach.PropertiesCreator$3, WMCNAMM, 3.0, 394, 
406, it.unimib.disco.essere.WekaNose.gui.machine.learning.approach.PropertiesCreator$3, AMW, 3.0, 394, 
406, it.unimib.disco.essere.WekaNose.gui.machine.learning.approach.PropertiesCreator$3, LOCNAMM, 14.0, 394, 
406, it.unimib.disco.essere.WekaNose.gui.machine.learning.approach.PropertiesCreator$3, NOAM, 0.0, 394, 
406, it.unimib.disco.essere.WekaNose.gui.machine.learning.approach.PropertiesCreator$3, ATFD, 1.0, 394, 
406, it.unimib.disco.essere.WekaNose.gui.machine.learning.approach.PropertiesCreator$3, DIT, 2.0, 394, 
406, it.unimib.disco.essere.WekaNose.gui.machine.learning.approach.PropertiesCreator$3, CBO, 1.0, 394, 
406, it.unimib.disco.essere.WekaNose.gui.machine.learning.approach.PropertiesCreator$3, FANOUT, 0.0, 394, 
406, it.unimib.disco.essere.WekaNose.gui.machine.learning.approach.PropertiesCreator$3, NMO, 0.0, 394, 
406, it.unimib.disco.essere.WekaNose.gui.machine.learning.approach.PropertiesCreator$3, NOII, 0.0, 394, 
406, it.unimib.disco.essere.WekaNose.gui.machine.learning.approach.PropertiesCreator$3, RFC, 1.0, 394, 
406, it.unimib.disco.essere.WekaNose.gui.machine.learning.approach.PropertiesCreator$3, CFNAMM, 0.0, 394, 
406, it.unimib.disco.essere.WekaNose.gui.machine.learning.approach.PropertiesCreator$3, LCOM5, 0.0, 394, 
406, it.unimib.disco.essere.WekaNose.gui.machine.learning.approach.PropertiesCreator$3, NOPA, 0.0, 394, 
406, it.unimib.disco.essere.WekaNose.gui.machine.learning.approach.PropertiesCreator$3, TCC, 1.0, 394, 
406, it.unimib.disco.essere.WekaNose.gui.machine.learning.approach.PropertiesCreator$3, AMWNAMM, 3.0, 394, 
406, it.unimib.disco.essere.WekaNose.gui.machine.learning.approach.PropertiesCreator$3, NIM, 3.0, 394, 
406, it.unimib.disco.essere.WekaNose.gui.machine.learning.approach.PropertiesCreator$3, NOCS, 0.0, 394, 
408, it.unimib.disco.essere.WekaNose.gui.machine.learning.approach.PropertiesCreator$4, NOMNAMM, 1.0, 394, 
408, it.unimib.disco.essere.WekaNose.gui.machine.learning.approach.PropertiesCreator$4, NOM, 1.0, 394, 
408, it.unimib.disco.essere.WekaNose.gui.machine.learning.approach.PropertiesCreator$4, LOC, 12.0, 394, 
408, it.unimib.disco.essere.WekaNose.gui.machine.learning.approach.PropertiesCreator$4, WMC, 2.0, 394, 
408, it.unimib.disco.essere.WekaNose.gui.machine.learning.approach.PropertiesCreator$4, NOA, 0.0, 394, 
408, it.unimib.disco.essere.WekaNose.gui.machine.learning.approach.PropertiesCreator$4, WMCNAMM, 2.0, 394, 
408, it.unimib.disco.essere.WekaNose.gui.machine.learning.approach.PropertiesCreator$4, AMW, 2.0, 394, 
408, it.unimib.disco.essere.WekaNose.gui.machine.learning.approach.PropertiesCreator$4, LOCNAMM, 12.0, 394, 
408, it.unimib.disco.essere.WekaNose.gui.machine.learning.approach.PropertiesCreator$4, NOAM, 0.0, 394, 
408, it.unimib.disco.essere.WekaNose.gui.machine.learning.approach.PropertiesCreator$4, ATFD, 1.0, 394, 
408, it.unimib.disco.essere.WekaNose.gui.machine.learning.approach.PropertiesCreator$4, DIT, 2.0, 394, 
408, it.unimib.disco.essere.WekaNose.gui.machine.learning.approach.PropertiesCreator$4, CBO, 1.0, 394, 
408, it.unimib.disco.essere.WekaNose.gui.machine.learning.approach.PropertiesCreator$4, FANOUT, 0.0, 394, 
408, it.unimib.disco.essere.WekaNose.gui.machine.learning.approach.PropertiesCreator$4, NMO, 0.0, 394, 
408, it.unimib.disco.essere.WekaNose.gui.machine.learning.approach.PropertiesCreator$4, NOII, 0.0, 394, 
408, it.unimib.disco.essere.WekaNose.gui.machine.learning.approach.PropertiesCreator$4, RFC, 1.0, 394, 
408, it.unimib.disco.essere.WekaNose.gui.machine.learning.approach.PropertiesCreator$4, CFNAMM, 0.0, 394, 
408, it.unimib.disco.essere.WekaNose.gui.machine.learning.approach.PropertiesCreator$4, LCOM5, 0.0, 394, 
408, it.unimib.disco.essere.WekaNose.gui.machine.learning.approach.PropertiesCreator$4, NOPA, 0.0, 394, 
408, it.unimib.disco.essere.WekaNose.gui.machine.learning.approach.PropertiesCreator$4, TCC, 1.0, 394, 
408, it.unimib.disco.essere.WekaNose.gui.machine.learning.approach.PropertiesCreator$4, AMWNAMM, 2.0, 394, 
408, it.unimib.disco.essere.WekaNose.gui.machine.learning.approach.PropertiesCreator$4, NIM, 8.0, 394, 
408, it.unimib.disco.essere.WekaNose.gui.machine.learning.approach.PropertiesCreator$4, NOCS, 0.0, 394, 
410, it.unimib.disco.essere.WekaNose.gui.machine.learning.approach.PropertiesCreator$5, NOMNAMM, 1.0, 394, 
410, it.unimib.disco.essere.WekaNose.gui.machine.learning.approach.PropertiesCreator$5, NOM, 1.0, 394, 
410, it.unimib.disco.essere.WekaNose.gui.machine.learning.approach.PropertiesCreator$5, LOC, 13.0, 394, 
410, it.unimib.disco.essere.WekaNose.gui.machine.learning.approach.PropertiesCreator$5, WMC, 3.0, 394, 
410, it.unimib.disco.essere.WekaNose.gui.machine.learning.approach.PropertiesCreator$5, NOA, 0.0, 394, 
410, it.unimib.disco.essere.WekaNose.gui.machine.learning.approach.PropertiesCreator$5, WMCNAMM, 3.0, 394, 
410, it.unimib.disco.essere.WekaNose.gui.machine.learning.approach.PropertiesCreator$5, AMW, 3.0, 394, 
410, it.unimib.disco.essere.WekaNose.gui.machine.learning.approach.PropertiesCreator$5, LOCNAMM, 13.0, 394, 
410, it.unimib.disco.essere.WekaNose.gui.machine.learning.approach.PropertiesCreator$5, NOAM, 0.0, 394, 
410, it.unimib.disco.essere.WekaNose.gui.machine.learning.approach.PropertiesCreator$5, ATFD, 1.0, 394, 
410, it.unimib.disco.essere.WekaNose.gui.machine.learning.approach.PropertiesCreator$5, DIT, 2.0, 394, 
410, it.unimib.disco.essere.WekaNose.gui.machine.learning.approach.PropertiesCreator$5, CBO, 1.0, 394, 
410, it.unimib.disco.essere.WekaNose.gui.machine.learning.approach.PropertiesCreator$5, FANOUT, 0.0, 394, 
410, it.unimib.disco.essere.WekaNose.gui.machine.learning.approach.PropertiesCreator$5, NMO, 0.0, 394, 
410, it.unimib.disco.essere.WekaNose.gui.machine.learning.approach.PropertiesCreator$5, NOII, 0.0, 394, 
410, it.unimib.disco.essere.WekaNose.gui.machine.learning.approach.PropertiesCreator$5, RFC, 1.0, 394, 
410, it.unimib.disco.essere.WekaNose.gui.machine.learning.approach.PropertiesCreator$5, CFNAMM, 0.0, 394, 
410, it.unimib.disco.essere.WekaNose.gui.machine.learning.approach.PropertiesCreator$5, LCOM5, 0.0, 394, 
410, it.unimib.disco.essere.WekaNose.gui.machine.learning.approach.PropertiesCreator$5, NOPA, 0.0, 394, 
410, it.unimib.disco.essere.WekaNose.gui.machine.learning.approach.PropertiesCreator$5, TCC, 1.0, 394, 
410, it.unimib.disco.essere.WekaNose.gui.machine.learning.approach.PropertiesCreator$5, AMWNAMM, 3.0, 394, 
410, it.unimib.disco.essere.WekaNose.gui.machine.learning.approach.PropertiesCreator$5, NIM, 3.0, 394, 
410, it.unimib.disco.essere.WekaNose.gui.machine.learning.approach.PropertiesCreator$5, NOCS, 0.0, 394, 
412, it.unimib.disco.essere.WekaNose.gui.machine.learning.approach.PropertiesCreator$6, NOMNAMM, 1.0, 394, 
412, it.unimib.disco.essere.WekaNose.gui.machine.learning.approach.PropertiesCreator$6, NOM, 1.0, 394, 
412, it.unimib.disco.essere.WekaNose.gui.machine.learning.approach.PropertiesCreator$6, LOC, 12.0, 394, 
412, it.unimib.disco.essere.WekaNose.gui.machine.learning.approach.PropertiesCreator$6, WMC, 2.0, 394, 
412, it.unimib.disco.essere.WekaNose.gui.machine.learning.approach.PropertiesCreator$6, NOA, 0.0, 394, 
412, it.unimib.disco.essere.WekaNose.gui.machine.learning.approach.PropertiesCreator$6, WMCNAMM, 2.0, 394, 
412, it.unimib.disco.essere.WekaNose.gui.machine.learning.approach.PropertiesCreator$6, AMW, 2.0, 394, 
412, it.unimib.disco.essere.WekaNose.gui.machine.learning.approach.PropertiesCreator$6, LOCNAMM, 12.0, 394, 
412, it.unimib.disco.essere.WekaNose.gui.machine.learning.approach.PropertiesCreator$6, NOAM, 0.0, 394, 
412, it.unimib.disco.essere.WekaNose.gui.machine.learning.approach.PropertiesCreator$6, ATFD, 1.0, 394, 
412, it.unimib.disco.essere.WekaNose.gui.machine.learning.approach.PropertiesCreator$6, DIT, 2.0, 394, 
412, it.unimib.disco.essere.WekaNose.gui.machine.learning.approach.PropertiesCreator$6, CBO, 1.0, 394, 
412, it.unimib.disco.essere.WekaNose.gui.machine.learning.approach.PropertiesCreator$6, FANOUT, 0.0, 394, 
412, it.unimib.disco.essere.WekaNose.gui.machine.learning.approach.PropertiesCreator$6, NMO, 0.0, 394, 
412, it.unimib.disco.essere.WekaNose.gui.machine.learning.approach.PropertiesCreator$6, NOII, 0.0, 394, 
412, it.unimib.disco.essere.WekaNose.gui.machine.learning.approach.PropertiesCreator$6, RFC, 1.0, 394, 
412, it.unimib.disco.essere.WekaNose.gui.machine.learning.approach.PropertiesCreator$6, CFNAMM, 0.0, 394, 
412, it.unimib.disco.essere.WekaNose.gui.machine.learning.approach.PropertiesCreator$6, LCOM5, 0.0, 394, 
412, it.unimib.disco.essere.WekaNose.gui.machine.learning.approach.PropertiesCreator$6, NOPA, 0.0, 394, 
412, it.unimib.disco.essere.WekaNose.gui.machine.learning.approach.PropertiesCreator$6, TCC, 1.0, 394, 
412, it.unimib.disco.essere.WekaNose.gui.machine.learning.approach.PropertiesCreator$6, AMWNAMM, 2.0, 394, 
412, it.unimib.disco.essere.WekaNose.gui.machine.learning.approach.PropertiesCreator$6, NIM, 8.0, 394, 
412, it.unimib.disco.essere.WekaNose.gui.machine.learning.approach.PropertiesCreator$6, NOCS, 0.0, 394, 
414, it.unimib.disco.essere.WekaNose.gui.machine.learning.approach.PropertiesCreator$7, NOMNAMM, 1.0, 394, 
414, it.unimib.disco.essere.WekaNose.gui.machine.learning.approach.PropertiesCreator$7, NOM, 1.0, 394, 
414, it.unimib.disco.essere.WekaNose.gui.machine.learning.approach.PropertiesCreator$7, LOC, 6.0, 394, 
414, it.unimib.disco.essere.WekaNose.gui.machine.learning.approach.PropertiesCreator$7, WMC, 1.0, 394, 
414, it.unimib.disco.essere.WekaNose.gui.machine.learning.approach.PropertiesCreator$7, NOA, 0.0, 394, 
414, it.unimib.disco.essere.WekaNose.gui.machine.learning.approach.PropertiesCreator$7, WMCNAMM, 1.0, 394, 
414, it.unimib.disco.essere.WekaNose.gui.machine.learning.approach.PropertiesCreator$7, AMW, 1.0, 394, 
414, it.unimib.disco.essere.WekaNose.gui.machine.learning.approach.PropertiesCreator$7, LOCNAMM, 6.0, 394, 
414, it.unimib.disco.essere.WekaNose.gui.machine.learning.approach.PropertiesCreator$7, NOAM, 0.0, 394, 
414, it.unimib.disco.essere.WekaNose.gui.machine.learning.approach.PropertiesCreator$7, ATFD, 1.0, 394, 
414, it.unimib.disco.essere.WekaNose.gui.machine.learning.approach.PropertiesCreator$7, DIT, 2.0, 394, 
414, it.unimib.disco.essere.WekaNose.gui.machine.learning.approach.PropertiesCreator$7, CBO, 2.0, 394, 
414, it.unimib.disco.essere.WekaNose.gui.machine.learning.approach.PropertiesCreator$7, FANOUT, 1.0, 394, 
414, it.unimib.disco.essere.WekaNose.gui.machine.learning.approach.PropertiesCreator$7, NMO, 0.0, 394, 
414, it.unimib.disco.essere.WekaNose.gui.machine.learning.approach.PropertiesCreator$7, NOII, 0.0, 394, 
414, it.unimib.disco.essere.WekaNose.gui.machine.learning.approach.PropertiesCreator$7, RFC, 2.0, 394, 
414, it.unimib.disco.essere.WekaNose.gui.machine.learning.approach.PropertiesCreator$7, CFNAMM, 4.0, 394, 
414, it.unimib.disco.essere.WekaNose.gui.machine.learning.approach.PropertiesCreator$7, LCOM5, 0.0, 394, 
414, it.unimib.disco.essere.WekaNose.gui.machine.learning.approach.PropertiesCreator$7, NOPA, 0.0, 394, 
414, it.unimib.disco.essere.WekaNose.gui.machine.learning.approach.PropertiesCreator$7, TCC, 1.0, 394, 
414, it.unimib.disco.essere.WekaNose.gui.machine.learning.approach.PropertiesCreator$7, AMWNAMM, 1.0, 394, 
414, it.unimib.disco.essere.WekaNose.gui.machine.learning.approach.PropertiesCreator$7, NIM, 8.0, 394, 
414, it.unimib.disco.essere.WekaNose.gui.machine.learning.approach.PropertiesCreator$7, NOCS, 0.0, 394, 
416, PropertiesCreator.AlgorithmPanel, NOMNAMM, 1.0, 394, 
416, PropertiesCreator.AlgorithmPanel, NOM, 1.0, 394, 
416, PropertiesCreator.AlgorithmPanel, LOC, 50.0, 394, 
416, PropertiesCreator.AlgorithmPanel, WMC, 2.0, 394, 
416, PropertiesCreator.AlgorithmPanel, NOA, 2.0, 394, 
416, PropertiesCreator.AlgorithmPanel, WMCNAMM, 2.0, 394, 
416, PropertiesCreator.AlgorithmPanel, AMW, 2.0, 394, 
416, PropertiesCreator.AlgorithmPanel, LOCNAMM, 50.0, 394, 
416, PropertiesCreator.AlgorithmPanel, NOAM, 0.0, 394, 
416, PropertiesCreator.AlgorithmPanel, ATFD, 0.0, 394, 
416, PropertiesCreator.AlgorithmPanel, DIT, 5.0, 394, 
416, PropertiesCreator.AlgorithmPanel, NOC, 0.0, 394, 
416, PropertiesCreator.AlgorithmPanel, CBO, 1.0, 394, 
416, PropertiesCreator.AlgorithmPanel, FANOUT, 0.0, 394, 
416, PropertiesCreator.AlgorithmPanel, NMO, 0.0, 394, 
416, PropertiesCreator.AlgorithmPanel, WOC, 1.0, 394, 
416, PropertiesCreator.AlgorithmPanel, NOII, 0.0, 394, 
416, PropertiesCreator.AlgorithmPanel, RFC, 1.0, 394, 
416, PropertiesCreator.AlgorithmPanel, CFNAMM, 0.0, 394, 
416, PropertiesCreator.AlgorithmPanel, LCOM5, 0.0, 394, 
416, PropertiesCreator.AlgorithmPanel, NOPA, 0.0, 394, 
416, PropertiesCreator.AlgorithmPanel, TCC, 1.0, 394, 
416, PropertiesCreator.AlgorithmPanel, AMWNAMM, 2.0, 394, 
416, PropertiesCreator.AlgorithmPanel, NIM, 522.0, 394, 
416, PropertiesCreator.AlgorithmPanel, NOCS, 1.0, 394, 
418, it.unimib.disco.essere.WekaNose.gui.machine.learning.approach.PropertiesCreator.AlgorithmPanel$1, NOMNAMM, 1.0, 394, 
418, it.unimib.disco.essere.WekaNose.gui.machine.learning.approach.PropertiesCreator.AlgorithmPanel$1, NOM, 1.0, 394, 
418, it.unimib.disco.essere.WekaNose.gui.machine.learning.approach.PropertiesCreator.AlgorithmPanel$1, LOC, 8.0, 394, 
418, it.unimib.disco.essere.WekaNose.gui.machine.learning.approach.PropertiesCreator.AlgorithmPanel$1, WMC, 1.0, 394, 
418, it.unimib.disco.essere.WekaNose.gui.machine.learning.approach.PropertiesCreator.AlgorithmPanel$1, NOA, 0.0, 394, 
418, it.unimib.disco.essere.WekaNose.gui.machine.learning.approach.PropertiesCreator.AlgorithmPanel$1, WMCNAMM, 1.0, 394, 
418, it.unimib.disco.essere.WekaNose.gui.machine.learning.approach.PropertiesCreator.AlgorithmPanel$1, AMW, 1.0, 394, 
418, it.unimib.disco.essere.WekaNose.gui.machine.learning.approach.PropertiesCreator.AlgorithmPanel$1, LOCNAMM, 8.0, 394, 
418, it.unimib.disco.essere.WekaNose.gui.machine.learning.approach.PropertiesCreator.AlgorithmPanel$1, NOAM, 0.0, 394, 
418, it.unimib.disco.essere.WekaNose.gui.machine.learning.approach.PropertiesCreator.AlgorithmPanel$1, ATFD, 4.0, 394, 
418, it.unimib.disco.essere.WekaNose.gui.machine.learning.approach.PropertiesCreator.AlgorithmPanel$1, DIT, 2.0, 394, 
418, it.unimib.disco.essere.WekaNose.gui.machine.learning.approach.PropertiesCreator.AlgorithmPanel$1, CBO, 2.0, 394, 
418, it.unimib.disco.essere.WekaNose.gui.machine.learning.approach.PropertiesCreator.AlgorithmPanel$1, FANOUT, 0.0, 394, 
418, it.unimib.disco.essere.WekaNose.gui.machine.learning.approach.PropertiesCreator.AlgorithmPanel$1, NMO, 0.0, 394, 
418, it.unimib.disco.essere.WekaNose.gui.machine.learning.approach.PropertiesCreator.AlgorithmPanel$1, NOII, 0.0, 394, 
418, it.unimib.disco.essere.WekaNose.gui.machine.learning.approach.PropertiesCreator.AlgorithmPanel$1, RFC, 1.0, 394, 
418, it.unimib.disco.essere.WekaNose.gui.machine.learning.approach.PropertiesCreator.AlgorithmPanel$1, CFNAMM, 0.0, 394, 
418, it.unimib.disco.essere.WekaNose.gui.machine.learning.approach.PropertiesCreator.AlgorithmPanel$1, LCOM5, 0.0, 394, 
418, it.unimib.disco.essere.WekaNose.gui.machine.learning.approach.PropertiesCreator.AlgorithmPanel$1, NOPA, 0.0, 394, 
418, it.unimib.disco.essere.WekaNose.gui.machine.learning.approach.PropertiesCreator.AlgorithmPanel$1, TCC, 1.0, 394, 
418, it.unimib.disco.essere.WekaNose.gui.machine.learning.approach.PropertiesCreator.AlgorithmPanel$1, AMWNAMM, 1.0, 394, 
418, it.unimib.disco.essere.WekaNose.gui.machine.learning.approach.PropertiesCreator.AlgorithmPanel$1, NIM, 8.0, 394, 
418, it.unimib.disco.essere.WekaNose.gui.machine.learning.approach.PropertiesCreator.AlgorithmPanel$1, NOCS, 0.0, 394, 
421, MLAHandler, NOMNAMM, 6.0, 420, 
421, MLAHandler, NOM, 6.0, 420, 
421, MLAHandler, LOC, 88.0, 420, 
421, MLAHandler, WMC, 13.0, 420, 
421, MLAHandler, NOA, 3.0, 420, 
421, MLAHandler, WMCNAMM, 13.0, 420, 
421, MLAHandler, AMW, 2.16666666666667, 420, 
421, MLAHandler, LOCNAMM, 88.0, 420, 
421, MLAHandler, NOAM, 0.0, 420, 
421, MLAHandler, ATFD, 1.0, 420, 
421, MLAHandler, DIT, 1.0, 420, 
421, MLAHandler, NOC, 0.0, 420, 
421, MLAHandler, CBO, 1.0, 420, 
421, MLAHandler, FANOUT, 1.0, 420, 
421, MLAHandler, NMO, 0.0, 420, 
421, MLAHandler, WOC, 1.0, 420, 
421, MLAHandler, NOII, 0.0, 420, 
421, MLAHandler, RFC, 8.0, 420, 
421, MLAHandler, CFNAMM, 60.0, 420, 
421, MLAHandler, LCOM5, 0.8, 420, 
421, MLAHandler, NOPA, 0.0, 420, 
421, MLAHandler, TCC, 1.0, 420, 
421, MLAHandler, AMWNAMM, 2.16666666666667, 420, 
421, MLAHandler, NIM, 0.0, 420, 
421, MLAHandler, NOCS, 0.0, 420, 
