7233, InfoFile, LOC, 68.0, 7232, 
7233, InfoFile, NOMNAMM, 5.0, 7232, 
7233, InfoFile, NOM, 6.0, 7232, 
7233, InfoFile, WMCNAMM, 6.0, 7232, 
7233, InfoFile, WMC, 8.0, 7232, 
7233, InfoFile, NOA, 1.0, 7232, 
7233, InfoFile, LOCNAMM, 54.0, 7232, 
7233, InfoFile, AMWNAMM, 1.2, 7232, 
7233, InfoFile, RFC, 8.0, 7232, 
7233, InfoFile, NOII, 0.0, 7232, 
7233, InfoFile, AMW, 1.33333333333333, 7232, 
7233, InfoFile, TCC, 1.0, 7232, 
7233, InfoFile, ATFD, 1.0, 7232, 
7233, InfoFile, FANOUT, 1.0, 7232, 
7233, InfoFile, NOCS, 0.0, 7232, 
7233, InfoFile, NIM, 0.0, 7232, 
7233, InfoFile, LCOM5, 0.4, 7232, 
7233, InfoFile, NOAM, 1.0, 7232, 
7233, InfoFile, CBO, 1.0, 7232, 
7233, InfoFile, WOC, 0.833333333333333, 7232, 
7233, InfoFile, DIT, 1.0, 7232, 
7233, InfoFile, NOPA, 0.0, 7232, 
7233, InfoFile, NOC, 0.0, 7232, 
7233, InfoFile, CFNAMM, 10.0, 7232, 
7233, InfoFile, NMO, 0.0, 7232, 
7240, InfoFileEntry, LOC, 309.0, 7232, 
7240, InfoFileEntry, NOMNAMM, 8.0, 7232, 
7240, InfoFileEntry, NOM, 24.0, 7232, 
7240, InfoFileEntry, WMCNAMM, 30.0, 7232, 
7240, InfoFileEntry, WMC, 46.0, 7232, 
7240, InfoFileEntry, NOA, 10.0, 7232, 
7240, InfoFileEntry, LOCNAMM, 157.0, 7232, 
7240, InfoFileEntry, AMWNAMM, 3.75, 7232, 
7240, InfoFileEntry, RFC, 26.0, 7232, 
7240, InfoFileEntry, NOII, 0.0, 7232, 
7240, InfoFileEntry, AMW, 1.91666666666667, 7232, 
7240, InfoFileEntry, TCC, 0.119047619047619, 7232, 
7240, InfoFileEntry, ATFD, 0.0, 7232, 
7240, InfoFileEntry, FANOUT, 2.0, 7232, 
7240, InfoFileEntry, NOCS, 0.0, 7232, 
7240, InfoFileEntry, NIM, 0.0, 7232, 
7240, InfoFileEntry, LCOM5, 0.926086956521739, 7232, 
7240, InfoFileEntry, NOAM, 16.0, 7232, 
7240, InfoFileEntry, CBO, 2.0, 7232, 
7240, InfoFileEntry, WOC, 0.333333333333333, 7232, 
7240, InfoFileEntry, DIT, 1.0, 7232, 
7240, InfoFileEntry, NOPA, 0.0, 7232, 
7240, InfoFileEntry, NOC, 0.0, 7232, 
7240, InfoFileEntry, CFNAMM, 88.0, 7232, 
7240, InfoFileEntry, NMO, 1.0, 7232, 
7265, HolidayCalendarFactoryFinancialCalendarImpl, LOC, 108.0, 7232, 
7265, HolidayCalendarFactoryFinancialCalendarImpl, NOMNAMM, 4.0, 7232, 
7265, HolidayCalendarFactoryFinancialCalendarImpl, NOM, 8.0, 7232, 
7265, HolidayCalendarFactoryFinancialCalendarImpl, WMCNAMM, 8.0, 7232, 
7265, HolidayCalendarFactoryFinancialCalendarImpl, WMC, 12.0, 7232, 
7265, HolidayCalendarFactoryFinancialCalendarImpl, NOA, 4.0, 7232, 
7265, HolidayCalendarFactoryFinancialCalendarImpl, LOCNAMM, 70.0, 7232, 
7265, HolidayCalendarFactoryFinancialCalendarImpl, AMWNAMM, 2.0, 7232, 
7265, HolidayCalendarFactoryFinancialCalendarImpl, RFC, 25.0, 7232, 
7265, HolidayCalendarFactoryFinancialCalendarImpl, NOII, 0.0, 7232, 
7265, HolidayCalendarFactoryFinancialCalendarImpl, AMW, 1.5, 7232, 
7265, HolidayCalendarFactoryFinancialCalendarImpl, TCC, 0.428571428571429, 7232, 
7265, HolidayCalendarFactoryFinancialCalendarImpl, ATFD, 0.0, 7232, 
7265, HolidayCalendarFactoryFinancialCalendarImpl, FANOUT, 4.0, 7232, 
7265, HolidayCalendarFactoryFinancialCalendarImpl, NOCS, 0.0, 7232, 
7265, HolidayCalendarFactoryFinancialCalendarImpl, NIM, 7.0, 7232, 
7265, HolidayCalendarFactoryFinancialCalendarImpl, LCOM5, 0.892857142857143, 7232, 
7265, HolidayCalendarFactoryFinancialCalendarImpl, NOAM, 4.0, 7232, 
7265, HolidayCalendarFactoryFinancialCalendarImpl, CBO, 7.0, 7232, 
7265, HolidayCalendarFactoryFinancialCalendarImpl, WOC, 0.4, 7232, 
7265, HolidayCalendarFactoryFinancialCalendarImpl, DIT, 2.0, 7232, 
7265, HolidayCalendarFactoryFinancialCalendarImpl, NOPA, 2.0, 7232, 
7265, HolidayCalendarFactoryFinancialCalendarImpl, NOC, 0.0, 7232, 
7265, HolidayCalendarFactoryFinancialCalendarImpl, CFNAMM, 114.0, 7232, 
7265, HolidayCalendarFactoryFinancialCalendarImpl, NMO, 0.0, 7232, 
7274, HolidayFileEntry, LOC, 151.0, 7232, 
7274, HolidayFileEntry, NOMNAMM, 6.0, 7232, 
7274, HolidayFileEntry, NOM, 14.0, 7232, 
7274, HolidayFileEntry, WMCNAMM, 9.0, 7232, 
7274, HolidayFileEntry, WMC, 17.0, 7232, 
7274, HolidayFileEntry, NOA, 4.0, 7232, 
7274, HolidayFileEntry, LOCNAMM, 75.0, 7232, 
7274, HolidayFileEntry, AMWNAMM, 1.5, 7232, 
7274, HolidayFileEntry, RFC, 16.0, 7232, 
7274, HolidayFileEntry, NOII, 0.0, 7232, 
7274, HolidayFileEntry, AMW, 1.21428571428571, 7232, 
7274, HolidayFileEntry, TCC, 0.0727272727272727, 7232, 
7274, HolidayFileEntry, ATFD, 1.0, 7232, 
7274, HolidayFileEntry, FANOUT, 2.0, 7232, 
7274, HolidayFileEntry, NOCS, 0.0, 7232, 
7274, HolidayFileEntry, NIM, 0.0, 7232, 
7274, HolidayFileEntry, LCOM5, 0.923076923076923, 7232, 
7274, HolidayFileEntry, NOAM, 8.0, 7232, 
7274, HolidayFileEntry, CBO, 2.0, 7232, 
7274, HolidayFileEntry, WOC, 0.428571428571429, 7232, 
7274, HolidayFileEntry, DIT, 1.0, 7232, 
7274, HolidayFileEntry, NOPA, 0.0, 7232, 
7274, HolidayFileEntry, NOC, 0.0, 7232, 
7274, HolidayFileEntry, CFNAMM, 24.0, 7232, 
7274, HolidayFileEntry, NMO, 0.0, 7232, 
7289, HolidayFile, LOC, 54.0, 7232, 
7289, HolidayFile, NOMNAMM, 5.0, 7232, 
7289, HolidayFile, NOM, 5.0, 7232, 
7289, HolidayFile, WMCNAMM, 6.0, 7232, 
7289, HolidayFile, WMC, 6.0, 7232, 
7289, HolidayFile, NOA, 1.0, 7232, 
7289, HolidayFile, LOCNAMM, 54.0, 7232, 
7289, HolidayFile, AMWNAMM, 1.2, 7232, 
7289, HolidayFile, RFC, 7.0, 7232, 
7289, HolidayFile, NOII, 0.0, 7232, 
7289, HolidayFile, AMW, 1.2, 7232, 
7289, HolidayFile, TCC, 1.0, 7232, 
7289, HolidayFile, ATFD, 0.0, 7232, 
7289, HolidayFile, FANOUT, 1.0, 7232, 
7289, HolidayFile, NOCS, 0.0, 7232, 
7289, HolidayFile, NIM, 0.0, 7232, 
7289, HolidayFile, LCOM5, 0.5, 7232, 
7289, HolidayFile, NOAM, 0.0, 7232, 
7289, HolidayFile, CBO, 2.0, 7232, 
7289, HolidayFile, WOC, 1.0, 7232, 
7289, HolidayFile, DIT, 1.0, 7232, 
7289, HolidayFile, NOPA, 0.0, 7232, 
7289, HolidayFile, NOC, 0.0, 7232, 
7289, HolidayFile, CFNAMM, 22.0, 7232, 
7289, HolidayFile, NMO, 0.0, 7232, 
7295, FinancialCalendarHolidayCalendar, LOC, 100.0, 7232, 
7295, FinancialCalendarHolidayCalendar, NOMNAMM, 5.0, 7232, 
7295, FinancialCalendarHolidayCalendar, NOM, 7.0, 7232, 
7295, FinancialCalendarHolidayCalendar, WMCNAMM, 8.0, 7232, 
7295, FinancialCalendarHolidayCalendar, WMC, 10.0, 7232, 
7295, FinancialCalendarHolidayCalendar, NOA, 3.0, 7232, 
7295, FinancialCalendarHolidayCalendar, LOCNAMM, 80.0, 7232, 
7295, FinancialCalendarHolidayCalendar, AMWNAMM, 1.6, 7232, 
7295, FinancialCalendarHolidayCalendar, RFC, 30.0, 7232, 
7295, FinancialCalendarHolidayCalendar, NOII, 0.0, 7232, 
7295, FinancialCalendarHolidayCalendar, AMW, 1.42857142857143, 7232, 
7295, FinancialCalendarHolidayCalendar, TCC, 0.0, 7232, 
7295, FinancialCalendarHolidayCalendar, ATFD, 4.0, 7232, 
7295, FinancialCalendarHolidayCalendar, FANOUT, 3.0, 7232, 
7295, FinancialCalendarHolidayCalendar, NOCS, 0.0, 7232, 
7295, FinancialCalendarHolidayCalendar, NIM, 11.0, 7232, 
7295, FinancialCalendarHolidayCalendar, LCOM5, 1.16666666666667, 7232, 
7295, FinancialCalendarHolidayCalendar, NOAM, 2.0, 7232, 
7295, FinancialCalendarHolidayCalendar, CBO, 8.0, 7232, 
7295, FinancialCalendarHolidayCalendar, WOC, 0.714285714285714, 7232, 
7295, FinancialCalendarHolidayCalendar, DIT, 2.0, 7232, 
7295, FinancialCalendarHolidayCalendar, NOPA, 0.0, 7232, 
7295, FinancialCalendarHolidayCalendar, NOC, 0.0, 7232, 
7295, FinancialCalendarHolidayCalendar, CFNAMM, 78.0, 7232, 
7295, FinancialCalendarHolidayCalendar, NMO, 0.0, 7232, 
7304, IT30360, LOC, 48.0, 7303, 
7304, IT30360, NOMNAMM, 2.0, 7303, 
7304, IT30360, NOM, 2.0, 7303, 
7304, IT30360, WMCNAMM, 8.0, 7303, 
7304, IT30360, WMC, 8.0, 7303, 
7304, IT30360, NOA, 1.0, 7303, 
7304, IT30360, LOCNAMM, 48.0, 7303, 
7304, IT30360, AMWNAMM, 4.0, 7303, 
7304, IT30360, RFC, 10.0, 7303, 
7304, IT30360, NOII, 0.0, 7303, 
7304, IT30360, AMW, 4.0, 7303, 
7304, IT30360, TCC, 0.0, 7303, 
7304, IT30360, ATFD, 0.0, 7303, 
7304, IT30360, FANOUT, 0.0, 7303, 
7304, IT30360, NOCS, 0.0, 7303, 
7304, IT30360, NIM, 4.0, 7303, 
7304, IT30360, LCOM5, 1.0, 7303, 
7304, IT30360, NOAM, 0.0, 7303, 
7304, IT30360, CBO, 1.0, 7303, 
7304, IT30360, WOC, 1.0, 7303, 
7304, IT30360, DIT, 2.0, 7303, 
7304, IT30360, NOPA, 0.0, 7303, 
7304, IT30360, NOC, 0.0, 7303, 
7304, IT30360, CFNAMM, 0.0, 7303, 
7304, IT30360, NMO, 0.0, 7303, 
7308, Actual365Fixed, LOC, 33.0, 7303, 
7308, Actual365Fixed, NOMNAMM, 2.0, 7303, 
7308, Actual365Fixed, NOM, 2.0, 7303, 
7308, Actual365Fixed, WMCNAMM, 4.0, 7303, 
7308, Actual365Fixed, WMC, 4.0, 7303, 
7308, Actual365Fixed, NOA, 1.0, 7303, 
7308, Actual365Fixed, LOCNAMM, 33.0, 7303, 
7308, Actual365Fixed, AMWNAMM, 2.0, 7303, 
7308, Actual365Fixed, RFC, 10.0, 7303, 
7308, Actual365Fixed, NOII, 0.0, 7303, 
7308, Actual365Fixed, AMW, 2.0, 7303, 
7308, Actual365Fixed, TCC, 0.0, 7303, 
7308, Actual365Fixed, ATFD, 0.0, 7303, 
7308, Actual365Fixed, FANOUT, 0.0, 7303, 
7308, Actual365Fixed, NOCS, 0.0, 7303, 
7308, Actual365Fixed, NIM, 4.0, 7303, 
7308, Actual365Fixed, LCOM5, 1.0, 7303, 
7308, Actual365Fixed, NOAM, 0.0, 7303, 
7308, Actual365Fixed, CBO, 2.0, 7303, 
7308, Actual365Fixed, WOC, 1.0, 7303, 
7308, Actual365Fixed, DIT, 2.0, 7303, 
7308, Actual365Fixed, NOPA, 0.0, 7303, 
7308, Actual365Fixed, NOC, 0.0, 7303, 
7308, Actual365Fixed, CFNAMM, 5.0, 7303, 
7308, Actual365Fixed, NMO, 0.0, 7303, 
7312, EU30360, LOC, 52.0, 7303, 
7312, EU30360, NOMNAMM, 2.0, 7303, 
7312, EU30360, NOM, 2.0, 7303, 
7312, EU30360, WMCNAMM, 6.0, 7303, 
7312, EU30360, WMC, 6.0, 7303, 
7312, EU30360, NOA, 1.0, 7303, 
7312, EU30360, LOCNAMM, 52.0, 7303, 
7312, EU30360, AMWNAMM, 3.0, 7303, 
7312, EU30360, RFC, 10.0, 7303, 
7312, EU30360, NOII, 0.0, 7303, 
7312, EU30360, AMW, 3.0, 7303, 
7312, EU30360, TCC, 0.0, 7303, 
7312, EU30360, ATFD, 0.0, 7303, 
7312, EU30360, FANOUT, 0.0, 7303, 
7312, EU30360, NOCS, 0.0, 7303, 
7312, EU30360, NIM, 4.0, 7303, 
7312, EU30360, LCOM5, 1.0, 7303, 
7312, EU30360, NOAM, 0.0, 7303, 
7312, EU30360, CBO, 1.0, 7303, 
7312, EU30360, WOC, 1.0, 7303, 
7312, EU30360, DIT, 2.0, 7303, 
7312, EU30360, NOPA, 0.0, 7303, 
7312, EU30360, NOC, 0.0, 7303, 
7312, EU30360, CFNAMM, 0.0, 7303, 
7312, EU30360, NMO, 0.0, 7303, 
7316, AFBActualActual, LOC, 77.0, 7303, 
7316, AFBActualActual, NOMNAMM, 2.0, 7303, 
7316, AFBActualActual, NOM, 2.0, 7303, 
7316, AFBActualActual, WMCNAMM, 18.0, 7303, 
7316, AFBActualActual, WMC, 18.0, 7303, 
7316, AFBActualActual, NOA, 1.0, 7303, 
7316, AFBActualActual, LOCNAMM, 77.0, 7303, 
7316, AFBActualActual, AMWNAMM, 9.0, 7303, 
7316, AFBActualActual, RFC, 10.0, 7303, 
7316, AFBActualActual, NOII, 0.0, 7303, 
7316, AFBActualActual, AMW, 9.0, 7303, 
7316, AFBActualActual, TCC, 0.0, 7303, 
7316, AFBActualActual, ATFD, 0.0, 7303, 
7316, AFBActualActual, FANOUT, 0.0, 7303, 
7316, AFBActualActual, NOCS, 0.0, 7303, 
7316, AFBActualActual, NIM, 4.0, 7303, 
7316, AFBActualActual, LCOM5, 1.0, 7303, 
7316, AFBActualActual, NOAM, 0.0, 7303, 
7316, AFBActualActual, CBO, 2.0, 7303, 
7316, AFBActualActual, WOC, 1.0, 7303, 
7316, AFBActualActual, DIT, 2.0, 7303, 
7316, AFBActualActual, NOPA, 0.0, 7303, 
7316, AFBActualActual, NOC, 0.0, 7303, 
7316, AFBActualActual, CFNAMM, 5.0, 7303, 
7316, AFBActualActual, NMO, 0.0, 7303, 
7320, Actual360, LOC, 34.0, 7303, 
7320, Actual360, NOMNAMM, 2.0, 7303, 
7320, Actual360, NOM, 2.0, 7303, 
7320, Actual360, WMCNAMM, 4.0, 7303, 
7320, Actual360, WMC, 4.0, 7303, 
7320, Actual360, NOA, 1.0, 7303, 
7320, Actual360, LOCNAMM, 34.0, 7303, 
7320, Actual360, AMWNAMM, 2.0, 7303, 
7320, Actual360, RFC, 10.0, 7303, 
7320, Actual360, NOII, 0.0, 7303, 
7320, Actual360, AMW, 2.0, 7303, 
7320, Actual360, TCC, 0.0, 7303, 
7320, Actual360, ATFD, 0.0, 7303, 
7320, Actual360, FANOUT, 0.0, 7303, 
7320, Actual360, NOCS, 0.0, 7303, 
7320, Actual360, NIM, 4.0, 7303, 
7320, Actual360, LCOM5, 1.0, 7303, 
7320, Actual360, NOAM, 0.0, 7303, 
7320, Actual360, CBO, 2.0, 7303, 
7320, Actual360, WOC, 1.0, 7303, 
7320, Actual360, DIT, 2.0, 7303, 
7320, Actual360, NOPA, 0.0, 7303, 
7320, Actual360, NOC, 0.0, 7303, 
7320, Actual360, CFNAMM, 5.0, 7303, 
7320, Actual360, NMO, 0.0, 7303, 
7324, Actual366, LOC, 35.0, 7303, 
7324, Actual366, NOMNAMM, 2.0, 7303, 
7324, Actual366, NOM, 2.0, 7303, 
7324, Actual366, WMCNAMM, 4.0, 7303, 
7324, Actual366, WMC, 4.0, 7303, 
7324, Actual366, NOA, 1.0, 7303, 
7324, Actual366, LOCNAMM, 35.0, 7303, 
7324, Actual366, AMWNAMM, 2.0, 7303, 
7324, Actual366, RFC, 10.0, 7303, 
7324, Actual366, NOII, 0.0, 7303, 
7324, Actual366, AMW, 2.0, 7303, 
7324, Actual366, TCC, 0.0, 7303, 
7324, Actual366, ATFD, 0.0, 7303, 
7324, Actual366, FANOUT, 0.0, 7303, 
7324, Actual366, NOCS, 0.0, 7303, 
7324, Actual366, NIM, 4.0, 7303, 
7324, Actual366, LCOM5, 1.0, 7303, 
7324, Actual366, NOAM, 0.0, 7303, 
7324, Actual366, CBO, 2.0, 7303, 
7324, Actual366, WOC, 1.0, 7303, 
7324, Actual366, DIT, 2.0, 7303, 
7324, Actual366, NOPA, 0.0, 7303, 
7324, Actual366, NOC, 0.0, 7303, 
7324, Actual366, CFNAMM, 5.0, 7303, 
7324, Actual366, NMO, 0.0, 7303, 
7328, ISMAActualActual, LOC, 185.0, 7303, 
7328, ISMAActualActual, NOMNAMM, 2.0, 7303, 
7328, ISMAActualActual, NOM, 2.0, 7303, 
7328, ISMAActualActual, WMCNAMM, 20.0, 7303, 
7328, ISMAActualActual, WMC, 20.0, 7303, 
7328, ISMAActualActual, NOA, 1.0, 7303, 
7328, ISMAActualActual, LOCNAMM, 185.0, 7303, 
7328, ISMAActualActual, AMWNAMM, 10.0, 7303, 
7328, ISMAActualActual, RFC, 12.0, 7303, 
7328, ISMAActualActual, NOII, 0.0, 7303, 
7328, ISMAActualActual, AMW, 10.0, 7303, 
7328, ISMAActualActual, TCC, 0.0, 7303, 
7328, ISMAActualActual, ATFD, 0.0, 7303, 
7328, ISMAActualActual, FANOUT, 2.0, 7303, 
7328, ISMAActualActual, NOCS, 0.0, 7303, 
7328, ISMAActualActual, NIM, 4.0, 7303, 
7328, ISMAActualActual, LCOM5, 1.0, 7303, 
7328, ISMAActualActual, NOAM, 0.0, 7303, 
7328, ISMAActualActual, CBO, 4.0, 7303, 
7328, ISMAActualActual, WOC, 1.0, 7303, 
7328, ISMAActualActual, DIT, 2.0, 7303, 
7328, ISMAActualActual, NOPA, 0.0, 7303, 
7328, ISMAActualActual, NOC, 0.0, 7303, 
7328, ISMAActualActual, CFNAMM, 11.0, 7303, 
7328, ISMAActualActual, NMO, 0.0, 7303, 
7332, DaycountCalculatorFactoryImpl, LOC, 85.0, 7303, 
7332, DaycountCalculatorFactoryImpl, NOMNAMM, 11.0, 7303, 
7332, DaycountCalculatorFactoryImpl, NOM, 11.0, 7303, 
7332, DaycountCalculatorFactoryImpl, WMCNAMM, 11.0, 7303, 
7332, DaycountCalculatorFactoryImpl, WMC, 11.0, 7303, 
7332, DaycountCalculatorFactoryImpl, NOA, 0.0, 7303, 
7332, DaycountCalculatorFactoryImpl, LOCNAMM, 85.0, 7303, 
7332, DaycountCalculatorFactoryImpl, AMWNAMM, 1.0, 7303, 
7332, DaycountCalculatorFactoryImpl, RFC, 37.0, 7303, 
7332, DaycountCalculatorFactoryImpl, NOII, 0.0, 7303, 
7332, DaycountCalculatorFactoryImpl, AMW, 1.0, 7303, 
7332, DaycountCalculatorFactoryImpl, TCC, 0.0, 7303, 
7332, DaycountCalculatorFactoryImpl, ATFD, 0.0, 7303, 
7332, DaycountCalculatorFactoryImpl, FANOUT, 10.0, 7303, 
7332, DaycountCalculatorFactoryImpl, NOCS, 0.0, 7303, 
7332, DaycountCalculatorFactoryImpl, NIM, 14.0, 7303, 
7332, DaycountCalculatorFactoryImpl, LCOM5, 0.0, 7303, 
7332, DaycountCalculatorFactoryImpl, NOAM, 0.0, 7303, 
7332, DaycountCalculatorFactoryImpl, CBO, 13.0, 7303, 
7332, DaycountCalculatorFactoryImpl, WOC, 1.0, 7303, 
7332, DaycountCalculatorFactoryImpl, DIT, 2.0, 7303, 
7332, DaycountCalculatorFactoryImpl, NOPA, 0.0, 7303, 
7332, DaycountCalculatorFactoryImpl, NOC, 0.0, 7303, 
7332, DaycountCalculatorFactoryImpl, CFNAMM, 150.0, 7303, 
7332, DaycountCalculatorFactoryImpl, NMO, 0.0, 7303, 
7344, Business252, LOC, 71.0, 7303, 
7344, Business252, NOMNAMM, 3.0, 7303, 
7344, Business252, NOM, 5.0, 7303, 
7344, Business252, WMCNAMM, 6.0, 7303, 
7344, Business252, WMC, 8.0, 7303, 
7344, Business252, NOA, 2.0, 7303, 
7344, Business252, LOCNAMM, 52.0, 7303, 
7344, Business252, AMWNAMM, 2.0, 7303, 
7344, Business252, RFC, 15.0, 7303, 
7344, Business252, NOII, 0.0, 7303, 
7344, Business252, AMW, 1.6, 7303, 
7344, Business252, TCC, 0.5, 7303, 
7344, Business252, ATFD, 0.0, 7303, 
7344, Business252, FANOUT, 2.0, 7303, 
7344, Business252, NOCS, 0.0, 7303, 
7344, Business252, NIM, 4.0, 7303, 
7344, Business252, LCOM5, 0.75, 7303, 
7344, Business252, NOAM, 2.0, 7303, 
7344, Business252, CBO, 4.0, 7303, 
7344, Business252, WOC, 0.6, 7303, 
7344, Business252, DIT, 2.0, 7303, 
7344, Business252, NOPA, 0.0, 7303, 
7344, Business252, NOC, 0.0, 7303, 
7344, Business252, CFNAMM, 20.0, 7303, 
7344, Business252, NMO, 0.0, 7303, 
7350, ISDAActualActual, LOC, 125.0, 7303, 
7350, ISDAActualActual, NOMNAMM, 5.0, 7303, 
7350, ISDAActualActual, NOM, 5.0, 7303, 
7350, ISDAActualActual, WMCNAMM, 11.0, 7303, 
7350, ISDAActualActual, WMC, 11.0, 7303, 
7350, ISDAActualActual, NOA, 1.0, 7303, 
7350, ISDAActualActual, LOCNAMM, 125.0, 7303, 
7350, ISDAActualActual, AMWNAMM, 2.2, 7303, 
7350, ISDAActualActual, RFC, 16.0, 7303, 
7350, ISDAActualActual, NOII, 0.0, 7303, 
7350, ISDAActualActual, AMW, 2.2, 7303, 
7350, ISDAActualActual, TCC, 0.0, 7303, 
7350, ISDAActualActual, ATFD, 2.0, 7303, 
7350, ISDAActualActual, FANOUT, 3.0, 7303, 
7350, ISDAActualActual, NOCS, 0.0, 7303, 
7350, ISDAActualActual, NIM, 4.0, 7303, 
7350, ISDAActualActual, LCOM5, 1.0, 7303, 
7350, ISDAActualActual, NOAM, 0.0, 7303, 
7350, ISDAActualActual, CBO, 4.0, 7303, 
7350, ISDAActualActual, WOC, 1.0, 7303, 
7350, ISDAActualActual, DIT, 2.0, 7303, 
7350, ISDAActualActual, NOPA, 0.0, 7303, 
7350, ISDAActualActual, NOC, 0.0, 7303, 
7350, ISDAActualActual, CFNAMM, 33.0, 7303, 
7350, ISDAActualActual, NMO, 0.0, 7303, 
7357, US30360, LOC, 64.0, 7303, 
7357, US30360, NOMNAMM, 2.0, 7303, 
7357, US30360, NOM, 2.0, 7303, 
7357, US30360, WMCNAMM, 12.0, 7303, 
7357, US30360, WMC, 12.0, 7303, 
7357, US30360, NOA, 1.0, 7303, 
7357, US30360, LOCNAMM, 64.0, 7303, 
7357, US30360, AMWNAMM, 6.0, 7303, 
7357, US30360, RFC, 10.0, 7303, 
7357, US30360, NOII, 0.0, 7303, 
7357, US30360, AMW, 6.0, 7303, 
7357, US30360, TCC, 0.0, 7303, 
7357, US30360, ATFD, 0.0, 7303, 
7357, US30360, FANOUT, 0.0, 7303, 
7357, US30360, NOCS, 0.0, 7303, 
7357, US30360, NIM, 4.0, 7303, 
7357, US30360, LCOM5, 1.0, 7303, 
7357, US30360, NOAM, 0.0, 7303, 
7357, US30360, CBO, 1.0, 7303, 
7357, US30360, WOC, 1.0, 7303, 
7357, US30360, DIT, 2.0, 7303, 
7357, US30360, NOPA, 0.0, 7303, 
7357, US30360, NOC, 0.0, 7303, 
7357, US30360, CFNAMM, 0.0, 7303, 
7357, US30360, NMO, 0.0, 7303, 
7362, Period, LOC, 213.0, 7361, 
7362, Period, NOMNAMM, 9.0, 7361, 
7362, Period, NOM, 17.0, 7361, 
7362, Period, WMCNAMM, 15.0, 7361, 
7362, Period, WMC, 23.0, 7361, 
7362, Period, NOA, 4.0, 7361, 
7362, Period, LOCNAMM, 137.0, 7361, 
7362, Period, AMWNAMM, 1.66666666666667, 7361, 
7362, Period, RFC, 18.0, 7361, 
7362, Period, NOII, 1.0, 7361, 
7362, Period, AMW, 1.35294117647059, 7361, 
7362, Period, TCC, 0.218181818181818, 7361, 
7362, Period, ATFD, 0.0, 7361, 
7362, Period, FANOUT, 1.0, 7361, 
7362, Period, NOCS, 0.0, 7361, 
7362, Period, NIM, 0.0, 7361, 
7362, Period, LCOM5, 0.84375, 7361, 
7362, Period, NOAM, 8.0, 7361, 
7362, Period, CBO, 1.0, 7361, 
7362, Period, WOC, 0.466666666666667, 7361, 
7362, Period, DIT, 1.0, 7361, 
7362, Period, NOPA, 0.0, 7361, 
7362, Period, NOC, 2.0, 7361, 
7362, Period, CFNAMM, 10.0, 7361, 
7362, Period, NMO, 2.0, 7361, 
7380, TypedScheduleGenerator, LOC, 203.0, 7361, 
7380, TypedScheduleGenerator, NOMNAMM, 15.0, 7361, 
7380, TypedScheduleGenerator, NOM, 17.0, 7361, 
7380, TypedScheduleGenerator, WMCNAMM, 34.0, 7361, 
7380, TypedScheduleGenerator, WMC, 36.0, 7361, 
7380, TypedScheduleGenerator, NOA, 2.0, 7361, 
7380, TypedScheduleGenerator, LOCNAMM, 193.0, 7361, 
7380, TypedScheduleGenerator, AMWNAMM, 2.26666666666667, 7361, 
7380, TypedScheduleGenerator, RFC, 31.0, 7361, 
7380, TypedScheduleGenerator, NOII, 0.0, 7361, 
7380, TypedScheduleGenerator, AMW, 2.11764705882353, 7361, 
7380, TypedScheduleGenerator, TCC, 0.0, 7361, 
7380, TypedScheduleGenerator, ATFD, 14.0, 7361, 
7380, TypedScheduleGenerator, FANOUT, 7.0, 7361, 
7380, TypedScheduleGenerator, NOCS, 0.0, 7361, 
7380, TypedScheduleGenerator, NIM, 0.0, 7361, 
7380, TypedScheduleGenerator, LCOM5, 1.0625, 7361, 
7380, TypedScheduleGenerator, NOAM, 2.0, 7361, 
7380, TypedScheduleGenerator, CBO, 7.0, 7361, 
7380, TypedScheduleGenerator, WOC, 0.818181818181818, 7361, 
7380, TypedScheduleGenerator, DIT, 1.0, 7361, 
7380, TypedScheduleGenerator, NOPA, 0.0, 7361, 
7380, TypedScheduleGenerator, NOC, 0.0, 7361, 
7380, TypedScheduleGenerator, CFNAMM, 306.0, 7361, 
7380, TypedScheduleGenerator, NMO, 0.0, 7361, 
7398, ScheduleGenerator, LOC, 538.0, 7361, 
7398, ScheduleGenerator, NOMNAMM, 18.0, 7361, 
7398, ScheduleGenerator, NOM, 18.0, 7361, 
7398, ScheduleGenerator, WMCNAMM, 45.0, 7361, 
7398, ScheduleGenerator, WMC, 45.0, 7361, 
7398, ScheduleGenerator, NOA, 1.0, 7361, 
7398, ScheduleGenerator, LOCNAMM, 538.0, 7361, 
7398, ScheduleGenerator, AMWNAMM, 2.5, 7361, 
7398, ScheduleGenerator, RFC, 31.0, 7361, 
7398, ScheduleGenerator, NOII, 0.0, 7361, 
7398, ScheduleGenerator, AMW, 2.5, 7361, 
7398, ScheduleGenerator, TCC, 0.0, 7361, 
7398, ScheduleGenerator, ATFD, 13.0, 7361, 
7398, ScheduleGenerator, FANOUT, 5.0, 7361, 
7398, ScheduleGenerator, NOCS, 0.0, 7361, 
7398, ScheduleGenerator, NIM, 0.0, 7361, 
7398, ScheduleGenerator, LCOM5, 1.0, 7361, 
7398, ScheduleGenerator, NOAM, 0.0, 7361, 
7398, ScheduleGenerator, CBO, 6.0, 7361, 
7398, ScheduleGenerator, WOC, 1.0, 7361, 
7398, ScheduleGenerator, DIT, 1.0, 7361, 
7398, ScheduleGenerator, NOPA, 0.0, 7361, 
7398, ScheduleGenerator, NOC, 0.0, 7361, 
7398, ScheduleGenerator, CFNAMM, 104.0, 7361, 
7398, ScheduleGenerator, NMO, 0.0, 7361, 
7417, Frequency, LOC, 88.0, 7361, 
7417, Frequency, NOMNAMM, 1.0, 7361, 
7417, Frequency, NOM, 4.0, 7361, 
7417, Frequency, WMCNAMM, 1.0, 7361, 
7417, Frequency, WMC, 4.0, 7361, 
7417, Frequency, NOA, 3.0, 7361, 
7417, Frequency, LOCNAMM, 53.0, 7361, 
7417, Frequency, AMWNAMM, 1.0, 7361, 
7417, Frequency, RFC, 4.0, 7361, 
7417, Frequency, NOII, 0.0, 7361, 
7417, Frequency, AMW, 1.0, 7361, 
7417, Frequency, TCC, 0.0, 7361, 
7417, Frequency, ATFD, 0.0, 7361, 
7417, Frequency, FANOUT, 0.0, 7361, 
7417, Frequency, NOCS, 0.0, 7361, 
7417, Frequency, NIM, 10.0, 7361, 
7417, Frequency, LCOM5, 1.0, 7361, 
7417, Frequency, NOAM, 3.0, 7361, 
7417, Frequency, CBO, 0.0, 7361, 
7417, Frequency, WOC, 0.0, 7361, 
7417, Frequency, NOPA, 0.0, 7361, 
7417, Frequency, NOC, 0.0, 7361, 
7417, Frequency, CFNAMM, 0.0, 7361, 
7417, Frequency, NMO, 0.0, 7361, 
7422, Tenor, LOC, 151.0, 7361, 
7422, Tenor, NOMNAMM, 4.0, 7361, 
7422, Tenor, NOM, 8.0, 7361, 
7422, Tenor, WMCNAMM, 12.0, 7361, 
7422, Tenor, WMC, 16.0, 7361, 
7422, Tenor, NOA, 8.0, 7361, 
7422, Tenor, LOCNAMM, 113.0, 7361, 
7422, Tenor, AMWNAMM, 3.0, 7361, 
7422, Tenor, RFC, 8.0, 7361, 
7422, Tenor, NOII, 0.0, 7361, 
7422, Tenor, AMW, 2.0, 7361, 
7422, Tenor, TCC, 0.6, 7361, 
7422, Tenor, ATFD, 0.0, 7361, 
7422, Tenor, FANOUT, 0.0, 7361, 
7422, Tenor, NOCS, 0.0, 7361, 
7422, Tenor, NIM, 0.0, 7361, 
7422, Tenor, LCOM5, 0.928571428571429, 7361, 
7422, Tenor, NOAM, 4.0, 7361, 
7422, Tenor, CBO, 0.0, 7361, 
7422, Tenor, WOC, 0.428571428571429, 7361, 
7422, Tenor, DIT, 1.0, 7361, 
7422, Tenor, NOPA, 0.0, 7361, 
7422, Tenor, NOC, 0.0, 7361, 
7422, Tenor, CFNAMM, 0.0, 7361, 
7422, Tenor, NMO, 0.0, 7361, 
7431, ScheduleCutter, LOC, 107.0, 7361, 
7431, ScheduleCutter, NOMNAMM, 4.0, 7361, 
7431, ScheduleCutter, NOM, 4.0, 7361, 
7431, ScheduleCutter, WMCNAMM, 12.0, 7361, 
7431, ScheduleCutter, WMC, 12.0, 7361, 
7431, ScheduleCutter, NOA, 2.0, 7361, 
7431, ScheduleCutter, LOCNAMM, 107.0, 7361, 
7431, ScheduleCutter, AMWNAMM, 3.0, 7361, 
7431, ScheduleCutter, RFC, 12.0, 7361, 
7431, ScheduleCutter, NOII, 0.0, 7361, 
7431, ScheduleCutter, AMW, 3.0, 7361, 
7431, ScheduleCutter, TCC, 0.0, 7361, 
7431, ScheduleCutter, ATFD, 4.0, 7361, 
7431, ScheduleCutter, FANOUT, 5.0, 7361, 
7431, ScheduleCutter, NOCS, 0.0, 7361, 
7431, ScheduleCutter, NIM, 0.0, 7361, 
7431, ScheduleCutter, LCOM5, 1.33333333333333, 7361, 
7431, ScheduleCutter, NOAM, 0.0, 7361, 
7431, ScheduleCutter, CBO, 5.0, 7361, 
7431, ScheduleCutter, WOC, 1.0, 7361, 
7431, ScheduleCutter, DIT, 1.0, 7361, 
7431, ScheduleCutter, NOPA, 0.0, 7361, 
7431, ScheduleCutter, NOC, 0.0, 7361, 
7431, ScheduleCutter, CFNAMM, 52.0, 7361, 
7431, ScheduleCutter, NMO, 0.0, 7361, 
7437, ScheduleCutterPeriodComparator, LOC, 6.0, 7361, 
7437, ScheduleCutterPeriodComparator, NOMNAMM, 1.0, 7361, 
7437, ScheduleCutterPeriodComparator, NOM, 1.0, 7361, 
7437, ScheduleCutterPeriodComparator, WMCNAMM, 1.0, 7361, 
7437, ScheduleCutterPeriodComparator, WMC, 1.0, 7361, 
7437, ScheduleCutterPeriodComparator, NOA, 0.0, 7361, 
7437, ScheduleCutterPeriodComparator, LOCNAMM, 6.0, 7361, 
7437, ScheduleCutterPeriodComparator, AMWNAMM, 1.0, 7361, 
7437, ScheduleCutterPeriodComparator, RFC, 3.0, 7361, 
7437, ScheduleCutterPeriodComparator, NOII, 1.0, 7361, 
7437, ScheduleCutterPeriodComparator, AMW, 1.0, 7361, 
7437, ScheduleCutterPeriodComparator, TCC, 1.0, 7361, 
7437, ScheduleCutterPeriodComparator, ATFD, 1.0, 7361, 
7437, ScheduleCutterPeriodComparator, FANOUT, 2.0, 7361, 
7437, ScheduleCutterPeriodComparator, NOCS, 0.0, 7361, 
7437, ScheduleCutterPeriodComparator, NIM, 0.0, 7361, 
7437, ScheduleCutterPeriodComparator, LCOM5, 0.0, 7361, 
7437, ScheduleCutterPeriodComparator, NOAM, 0.0, 7361, 
7437, ScheduleCutterPeriodComparator, CBO, 2.0, 7361, 
7437, ScheduleCutterPeriodComparator, WOC, 1.0, 7361, 
7437, ScheduleCutterPeriodComparator, DIT, 1.0, 7361, 
7437, ScheduleCutterPeriodComparator, NOPA, 0.0, 7361, 
7437, ScheduleCutterPeriodComparator, NOC, 0.0, 7361, 
7437, ScheduleCutterPeriodComparator, CFNAMM, 4.0, 7361, 
7437, ScheduleCutterPeriodComparator, NMO, 0.0, 7361, 
7440, Initialisable, LOC, 4.0, 7361, 
7440, Initialisable, NOMNAMM, 1.0, 7361, 
7440, Initialisable, NOM, 1.0, 7361, 
7440, Initialisable, WMCNAMM, 1.0, 7361, 
7440, Initialisable, WMC, 1.0, 7361, 
7440, Initialisable, NOA, 0.0, 7361, 
7440, Initialisable, LOCNAMM, 4.0, 7361, 
7440, Initialisable, AMWNAMM, 1.0, 7361, 
7440, Initialisable, RFC, 1.0, 7361, 
7440, Initialisable, NOII, 0.0, 7361, 
7440, Initialisable, AMW, 1.0, 7361, 
7440, Initialisable, TCC, 1.0, 7361, 
7440, Initialisable, ATFD, 0.0, 7361, 
7440, Initialisable, FANOUT, 0.0, 7361, 
7440, Initialisable, NOCS, 0.0, 7361, 
7440, Initialisable, LCOM5, 0.0, 7361, 
7440, Initialisable, NOAM, 0.0, 7361, 
7440, Initialisable, CBO, 0.0, 7361, 
7440, Initialisable, WOC, 0.0, 7361, 
7440, Initialisable, NOPA, 0.0, 7361, 
7440, Initialisable, NOC, 0.0, 7361, 
7440, Initialisable, CFNAMM, 0.0, 7361, 
7442, StubType, LOC, 62.0, 7361, 
7442, StubType, NOMNAMM, 3.0, 7361, 
7442, StubType, NOM, 3.0, 7361, 
7442, StubType, WMCNAMM, 3.0, 7361, 
7442, StubType, WMC, 3.0, 7361, 
7442, StubType, NOA, 2.0, 7361, 
7442, StubType, LOCNAMM, 62.0, 7361, 
7442, StubType, AMWNAMM, 1.0, 7361, 
7442, StubType, RFC, 3.0, 7361, 
7442, StubType, NOII, 0.0, 7361, 
7442, StubType, AMW, 1.0, 7361, 
7442, StubType, TCC, 0.0, 7361, 
7442, StubType, ATFD, 0.0, 7361, 
7442, StubType, FANOUT, 0.0, 7361, 
7442, StubType, NOCS, 0.0, 7361, 
7442, StubType, NIM, 10.0, 7361, 
7442, StubType, LCOM5, 1.0, 7361, 
7442, StubType, NOAM, 0.0, 7361, 
7442, StubType, CBO, 0.0, 7361, 
7442, StubType, WOC, 1.0, 7361, 
7442, StubType, NOPA, 0.0, 7361, 
7442, StubType, NOC, 0.0, 7361, 
7442, StubType, CFNAMM, 0.0, 7361, 
7442, StubType, NMO, 0.0, 7361, 
7446, BusinessDayConvention, LOC, 34.0, 7361, 
7446, BusinessDayConvention, NOMNAMM, 0.0, 7361, 
7446, BusinessDayConvention, NOM, 0.0, 7361, 
7446, BusinessDayConvention, WMCNAMM, 0.0, 7361, 
7446, BusinessDayConvention, WMC, 0.0, 7361, 
7446, BusinessDayConvention, NOA, 0.0, 7361, 
7446, BusinessDayConvention, LOCNAMM, 34.0, 7361, 
7446, BusinessDayConvention, AMWNAMM, 0.0, 7361, 
7446, BusinessDayConvention, RFC, 0.0, 7361, 
7446, BusinessDayConvention, NOII, 0.0, 7361, 
7446, BusinessDayConvention, AMW, 0.0, 7361, 
7446, BusinessDayConvention, TCC, 1.0, 7361, 
7446, BusinessDayConvention, ATFD, 0.0, 7361, 
7446, BusinessDayConvention, FANOUT, 0.0, 7361, 
7446, BusinessDayConvention, NOCS, 0.0, 7361, 
7446, BusinessDayConvention, NIM, 10.0, 7361, 
7446, BusinessDayConvention, LCOM5, 0.0, 7361, 
7446, BusinessDayConvention, NOAM, 0.0, 7361, 
7446, BusinessDayConvention, CBO, 0.0, 7361, 
7446, BusinessDayConvention, WOC, 0.0, 7361, 
7446, BusinessDayConvention, NOPA, 0.0, 7361, 
7446, BusinessDayConvention, NOC, 0.0, 7361, 
7446, BusinessDayConvention, CFNAMM, 0.0, 7361, 
7446, BusinessDayConvention, NMO, 0.0, 7361, 
7447, ScheduleException, LOC, 41.0, 7361, 
7447, ScheduleException, NOMNAMM, 4.0, 7361, 
7447, ScheduleException, NOM, 4.0, 7361, 
7447, ScheduleException, WMCNAMM, 4.0, 7361, 
7447, ScheduleException, WMC, 4.0, 7361, 
7447, ScheduleException, NOA, 0.0, 7361, 
7447, ScheduleException, LOCNAMM, 41.0, 7361, 
7447, ScheduleException, AMWNAMM, 1.0, 7361, 
7447, ScheduleException, RFC, 4.0, 7361, 
7447, ScheduleException, NOII, 0.0, 7361, 
7447, ScheduleException, AMW, 1.0, 7361, 
7447, ScheduleException, TCC, 1.0, 7361, 
7447, ScheduleException, ATFD, 0.0, 7361, 
7447, ScheduleException, FANOUT, 0.0, 7361, 
7447, ScheduleException, NOCS, 0.0, 7361, 
7447, ScheduleException, NIM, 15.0, 7361, 
7447, ScheduleException, LCOM5, 0.0, 7361, 
7447, ScheduleException, NOAM, 0.0, 7361, 
7447, ScheduleException, CBO, 0.0, 7361, 
7447, ScheduleException, WOC, 1.0, 7361, 
7447, ScheduleException, DIT, 3.0, 7361, 
7447, ScheduleException, NOPA, 0.0, 7361, 
7447, ScheduleException, NOC, 0.0, 7361, 
7447, ScheduleException, CFNAMM, 0.0, 7361, 
7447, ScheduleException, NMO, 0.0, 7361, 
7453, HolidayCalendarFactory, LOC, 172.0, 7452, 
7453, HolidayCalendarFactory, NOMNAMM, 7.0, 7452, 
7453, HolidayCalendarFactory, NOM, 7.0, 7452, 
7453, HolidayCalendarFactory, WMCNAMM, 14.0, 7452, 
7453, HolidayCalendarFactory, WMC, 14.0, 7452, 
7453, HolidayCalendarFactory, NOA, 3.0, 7452, 
7453, HolidayCalendarFactory, LOCNAMM, 172.0, 7452, 
7453, HolidayCalendarFactory, AMWNAMM, 2.0, 7452, 
7453, HolidayCalendarFactory, RFC, 10.0, 7452, 
7453, HolidayCalendarFactory, NOII, 0.0, 7452, 
7453, HolidayCalendarFactory, AMW, 2.0, 7452, 
7453, HolidayCalendarFactory, TCC, 0.0476190476190476, 7452, 
7453, HolidayCalendarFactory, ATFD, 0.0, 7452, 
7453, HolidayCalendarFactory, FANOUT, 2.0, 7452, 
7453, HolidayCalendarFactory, NOCS, 0.0, 7452, 
7453, HolidayCalendarFactory, LCOM5, 0.944444444444445, 7452, 
7453, HolidayCalendarFactory, NOAM, 0.0, 7452, 
7453, HolidayCalendarFactory, CBO, 4.0, 7452, 
7453, HolidayCalendarFactory, DIT, 1.0, 7452, 
7453, HolidayCalendarFactory, NOPA, 2.0, 7452, 
7453, HolidayCalendarFactory, NOC, 2.0, 7452, 
7453, HolidayCalendarFactory, CFNAMM, 30.0, 7452, 
7461, HolidayCalendar, LOC, 321.0, 7452, 
7461, HolidayCalendar, NOMNAMM, 12.0, 7452, 
7461, HolidayCalendar, NOM, 12.0, 7452, 
7461, HolidayCalendar, WMCNAMM, 42.0, 7452, 
7461, HolidayCalendar, WMC, 42.0, 7452, 
7461, HolidayCalendar, NOA, 1.0, 7452, 
7461, HolidayCalendar, LOCNAMM, 321.0, 7452, 
7461, HolidayCalendar, AMWNAMM, 3.5, 7452, 
7461, HolidayCalendar, RFC, 19.0, 7452, 
7461, HolidayCalendar, NOII, 0.0, 7452, 
7461, HolidayCalendar, AMW, 3.5, 7452, 
7461, HolidayCalendar, TCC, 0.0, 7452, 
7461, HolidayCalendar, ATFD, 9.0, 7452, 
7461, HolidayCalendar, FANOUT, 3.0, 7452, 
7461, HolidayCalendar, NOCS, 0.0, 7452, 
7461, HolidayCalendar, LCOM5, 1.09090909090909, 7452, 
7461, HolidayCalendar, NOAM, 0.0, 7452, 
7461, HolidayCalendar, CBO, 4.0, 7452, 
7461, HolidayCalendar, DIT, 1.0, 7452, 
7461, HolidayCalendar, NOPA, 0.0, 7452, 
7461, HolidayCalendar, NOC, 3.0, 7452, 
7461, HolidayCalendar, CFNAMM, 262.0, 7452, 
7474, HolidayCalendarException, LOC, 25.0, 7452, 
7474, HolidayCalendarException, NOMNAMM, 4.0, 7452, 
7474, HolidayCalendarException, NOM, 4.0, 7452, 
7474, HolidayCalendarException, WMCNAMM, 4.0, 7452, 
7474, HolidayCalendarException, WMC, 4.0, 7452, 
7474, HolidayCalendarException, NOA, 0.0, 7452, 
7474, HolidayCalendarException, LOCNAMM, 25.0, 7452, 
7474, HolidayCalendarException, AMWNAMM, 1.0, 7452, 
7474, HolidayCalendarException, RFC, 4.0, 7452, 
7474, HolidayCalendarException, NOII, 0.0, 7452, 
7474, HolidayCalendarException, AMW, 1.0, 7452, 
7474, HolidayCalendarException, TCC, 1.0, 7452, 
7474, HolidayCalendarException, ATFD, 0.0, 7452, 
7474, HolidayCalendarException, FANOUT, 0.0, 7452, 
7474, HolidayCalendarException, NOCS, 0.0, 7452, 
7474, HolidayCalendarException, NIM, 15.0, 7452, 
7474, HolidayCalendarException, LCOM5, 0.0, 7452, 
7474, HolidayCalendarException, NOAM, 0.0, 7452, 
7474, HolidayCalendarException, CBO, 0.0, 7452, 
7474, HolidayCalendarException, WOC, 1.0, 7452, 
7474, HolidayCalendarException, DIT, 4.0, 7452, 
7474, HolidayCalendarException, NOPA, 0.0, 7452, 
7474, HolidayCalendarException, NOC, 0.0, 7452, 
7474, HolidayCalendarException, CFNAMM, 0.0, 7452, 
7474, HolidayCalendarException, NMO, 0.0, 7452, 
7479, HolidayCalendarSet, LOC, 95.0, 7452, 
7479, HolidayCalendarSet, NOMNAMM, 6.0, 7452, 
7479, HolidayCalendarSet, NOM, 7.0, 7452, 
7479, HolidayCalendarSet, WMCNAMM, 10.0, 7452, 
7479, HolidayCalendarSet, WMC, 11.0, 7452, 
7479, HolidayCalendarSet, NOA, 1.0, 7452, 
7479, HolidayCalendarSet, LOCNAMM, 84.0, 7452, 
7479, HolidayCalendarSet, AMWNAMM, 1.66666666666667, 7452, 
7479, HolidayCalendarSet, RFC, 26.0, 7452, 
7479, HolidayCalendarSet, NOII, 0.0, 7452, 
7479, HolidayCalendarSet, AMW, 1.57142857142857, 7452, 
7479, HolidayCalendarSet, TCC, 0.4, 7452, 
7479, HolidayCalendarSet, ATFD, 0.0, 7452, 
7479, HolidayCalendarSet, FANOUT, 0.0, 7452, 
7479, HolidayCalendarSet, NOCS, 0.0, 7452, 
7479, HolidayCalendarSet, NIM, 11.0, 7452, 
7479, HolidayCalendarSet, LCOM5, 0.5, 7452, 
7479, HolidayCalendarSet, NOAM, 1.0, 7452, 
7479, HolidayCalendarSet, CBO, 4.0, 7452, 
7479, HolidayCalendarSet, WOC, 0.857142857142857, 7452, 
7479, HolidayCalendarSet, DIT, 2.0, 7452, 
7479, HolidayCalendarSet, NOPA, 0.0, 7452, 
7479, HolidayCalendarSet, NOC, 0.0, 7452, 
7479, HolidayCalendarSet, CFNAMM, 8.0, 7452, 
7479, HolidayCalendarSet, NMO, 0.0, 7452, 
7488, NotionalSchedule, LOC, 3.0, 7487, 
7488, NotionalSchedule, NOMNAMM, 1.0, 7487, 
7488, NotionalSchedule, NOM, 1.0, 7487, 
7488, NotionalSchedule, WMCNAMM, 1.0, 7487, 
7488, NotionalSchedule, WMC, 1.0, 7487, 
7488, NotionalSchedule, NOA, 0.0, 7487, 
7488, NotionalSchedule, LOCNAMM, 3.0, 7487, 
7488, NotionalSchedule, AMWNAMM, 1.0, 7487, 
7488, NotionalSchedule, RFC, 1.0, 7487, 
7488, NotionalSchedule, NOII, 0.0, 7487, 
7488, NotionalSchedule, AMW, 1.0, 7487, 
7488, NotionalSchedule, TCC, 1.0, 7487, 
7488, NotionalSchedule, ATFD, 0.0, 7487, 
7488, NotionalSchedule, FANOUT, 0.0, 7487, 
7488, NotionalSchedule, NOCS, 0.0, 7487, 
7488, NotionalSchedule, LCOM5, 0.0, 7487, 
7488, NotionalSchedule, NOAM, 0.0, 7487, 
7488, NotionalSchedule, CBO, 1.0, 7487, 
7488, NotionalSchedule, WOC, 0.0, 7487, 
7488, NotionalSchedule, NOPA, 0.0, 7487, 
7488, NotionalSchedule, NOC, 0.0, 7487, 
7488, NotionalSchedule, CFNAMM, 0.0, 7487, 
7490, AccrualException, LOC, 17.0, 7487, 
7490, AccrualException, NOMNAMM, 4.0, 7487, 
7490, AccrualException, NOM, 4.0, 7487, 
7490, AccrualException, WMCNAMM, 4.0, 7487, 
7490, AccrualException, WMC, 4.0, 7487, 
7490, AccrualException, NOA, 0.0, 7487, 
7490, AccrualException, LOCNAMM, 17.0, 7487, 
7490, AccrualException, AMWNAMM, 1.0, 7487, 
7490, AccrualException, RFC, 4.0, 7487, 
7490, AccrualException, NOII, 0.0, 7487, 
7490, AccrualException, AMW, 1.0, 7487, 
7490, AccrualException, TCC, 1.0, 7487, 
7490, AccrualException, ATFD, 0.0, 7487, 
7490, AccrualException, FANOUT, 0.0, 7487, 
7490, AccrualException, NOCS, 0.0, 7487, 
7490, AccrualException, NIM, 15.0, 7487, 
7490, AccrualException, LCOM5, 0.0, 7487, 
7490, AccrualException, NOAM, 0.0, 7487, 
7490, AccrualException, CBO, 0.0, 7487, 
7490, AccrualException, WOC, 1.0, 7487, 
7490, AccrualException, DIT, 3.0, 7487, 
7490, AccrualException, NOPA, 0.0, 7487, 
7490, AccrualException, NOC, 0.0, 7487, 
7490, AccrualException, CFNAMM, 0.0, 7487, 
7490, AccrualException, NMO, 0.0, 7487, 
7495, AccrualPeriod, LOC, 272.0, 7487, 
7495, AccrualPeriod, NOMNAMM, 9.0, 7487, 
7495, AccrualPeriod, NOM, 23.0, 7487, 
7495, AccrualPeriod, WMCNAMM, 26.0, 7487, 
7495, AccrualPeriod, WMC, 40.0, 7487, 
7495, AccrualPeriod, NOA, 7.0, 7487, 
7495, AccrualPeriod, LOCNAMM, 136.0, 7487, 
7495, AccrualPeriod, AMWNAMM, 2.88888888888889, 7487, 
7495, AccrualPeriod, RFC, 29.0, 7487, 
7495, AccrualPeriod, NOII, 1.0, 7487, 
7495, AccrualPeriod, AMW, 1.73913043478261, 7487, 
7495, AccrualPeriod, TCC, 0.114285714285714, 7487, 
7495, AccrualPeriod, ATFD, 3.0, 7487, 
7495, AccrualPeriod, FANOUT, 3.0, 7487, 
7495, AccrualPeriod, NOCS, 0.0, 7487, 
7495, AccrualPeriod, LCOM5, 0.902597402597403, 7487, 
7495, AccrualPeriod, NOAM, 14.0, 7487, 
7495, AccrualPeriod, CBO, 6.0, 7487, 
7495, AccrualPeriod, DIT, 2.0, 7487, 
7495, AccrualPeriod, NOPA, 0.0, 7487, 
7495, AccrualPeriod, NOC, 2.0, 7487, 
7495, AccrualPeriod, CFNAMM, 149.0, 7487, 
7519, Payment, LOC, 112.0, 7487, 
7519, Payment, NOMNAMM, 6.0, 7487, 
7519, Payment, NOM, 12.0, 7487, 
7519, Payment, WMCNAMM, 6.0, 7487, 
7519, Payment, WMC, 12.0, 7487, 
7519, Payment, NOA, 3.0, 7487, 
7519, Payment, LOCNAMM, 58.0, 7487, 
7519, Payment, AMWNAMM, 1.0, 7487, 
7519, Payment, RFC, 12.0, 7487, 
7519, Payment, NOII, 0.0, 7487, 
7519, Payment, AMW, 1.0, 7487, 
7519, Payment, TCC, 0.194444444444444, 7487, 
7519, Payment, ATFD, 0.0, 7487, 
7519, Payment, FANOUT, 0.0, 7487, 
7519, Payment, NOCS, 0.0, 7487, 
7519, Payment, NIM, 0.0, 7487, 
7519, Payment, LCOM5, 0.848484848484849, 7487, 
7519, Payment, NOAM, 6.0, 7487, 
7519, Payment, CBO, 1.0, 7487, 
7519, Payment, WOC, 0.5, 7487, 
7519, Payment, DIT, 1.0, 7487, 
7519, Payment, NOPA, 0.0, 7487, 
7519, Payment, NOC, 0.0, 7487, 
7519, Payment, CFNAMM, 0.0, 7487, 
7519, Payment, NMO, 1.0, 7487, 
7532, PaymentType, LOC, 12.0, 7487, 
7532, PaymentType, NOMNAMM, 0.0, 7487, 
7532, PaymentType, NOM, 0.0, 7487, 
7532, PaymentType, WMCNAMM, 0.0, 7487, 
7532, PaymentType, WMC, 0.0, 7487, 
7532, PaymentType, NOA, 0.0, 7487, 
7532, PaymentType, LOCNAMM, 12.0, 7487, 
7532, PaymentType, AMWNAMM, 0.0, 7487, 
7532, PaymentType, RFC, 0.0, 7487, 
7532, PaymentType, NOII, 0.0, 7487, 
7532, PaymentType, AMW, 0.0, 7487, 
7532, PaymentType, TCC, 1.0, 7487, 
7532, PaymentType, ATFD, 0.0, 7487, 
7532, PaymentType, FANOUT, 0.0, 7487, 
7532, PaymentType, NOCS, 0.0, 7487, 
7532, PaymentType, NIM, 10.0, 7487, 
7532, PaymentType, LCOM5, 0.0, 7487, 
7532, PaymentType, NOAM, 0.0, 7487, 
7532, PaymentType, CBO, 0.0, 7487, 
7532, PaymentType, WOC, 0.0, 7487, 
7532, PaymentType, NOPA, 0.0, 7487, 
7532, PaymentType, NOC, 0.0, 7487, 
7532, PaymentType, CFNAMM, 0.0, 7487, 
7532, PaymentType, NMO, 0.0, 7487, 
7533, NotionalPeriod, LOC, 115.0, 7487, 
7533, NotionalPeriod, NOMNAMM, 9.0, 7487, 
7533, NotionalPeriod, NOM, 13.0, 7487, 
7533, NotionalPeriod, WMCNAMM, 9.0, 7487, 
7533, NotionalPeriod, WMC, 13.0, 7487, 
7533, NotionalPeriod, NOA, 1.0, 7487, 
7533, NotionalPeriod, LOCNAMM, 79.0, 7487, 
7533, NotionalPeriod, AMWNAMM, 1.0, 7487, 
7533, NotionalPeriod, RFC, 31.0, 7487, 
7533, NotionalPeriod, NOII, 0.0, 7487, 
7533, NotionalPeriod, AMW, 1.0, 7487, 
7533, NotionalPeriod, TCC, 0.714285714285714, 7487, 
7533, NotionalPeriod, ATFD, 2.0, 7487, 
7533, NotionalPeriod, FANOUT, 1.0, 7487, 
7533, NotionalPeriod, NOCS, 0.0, 7487, 
7533, NotionalPeriod, NIM, 10.0, 7487, 
7533, NotionalPeriod, LCOM5, 0.583333333333333, 7487, 
7533, NotionalPeriod, NOAM, 4.0, 7487, 
7533, NotionalPeriod, CBO, 4.0, 7487, 
7533, NotionalPeriod, WOC, 0.692307692307692, 7487, 
7533, NotionalPeriod, DIT, 2.0, 7487, 
7533, NotionalPeriod, NOPA, 0.0, 7487, 
7533, NotionalPeriod, NOC, 0.0, 7487, 
7533, NotionalPeriod, CFNAMM, 101.0, 7487, 
7533, NotionalPeriod, NMO, 1.0, 7487, 
7547, Notional, LOC, 52.0, 7487, 
7547, Notional, NOMNAMM, 2.0, 7487, 
7547, Notional, NOM, 6.0, 7487, 
7547, Notional, WMCNAMM, 2.0, 7487, 
7547, Notional, WMC, 6.0, 7487, 
7547, Notional, NOA, 2.0, 7487, 
7547, Notional, LOCNAMM, 16.0, 7487, 
7547, Notional, AMWNAMM, 1.0, 7487, 
7547, Notional, RFC, 6.0, 7487, 
7547, Notional, NOII, 0.0, 7487, 
7547, Notional, AMW, 1.0, 7487, 
7547, Notional, TCC, 0.333333333333333, 7487, 
7547, Notional, ATFD, 0.0, 7487, 
7547, Notional, FANOUT, 0.0, 7487, 
7547, Notional, NOCS, 0.0, 7487, 
7547, Notional, NIM, 0.0, 7487, 
7547, Notional, LCOM5, 0.8, 7487, 
7547, Notional, NOAM, 4.0, 7487, 
7547, Notional, CBO, 1.0, 7487, 
7547, Notional, WOC, 0.333333333333333, 7487, 
7547, Notional, DIT, 1.0, 7487, 
7547, Notional, NOPA, 0.0, 7487, 
7547, Notional, NOC, 0.0, 7487, 
7547, Notional, CFNAMM, 0.0, 7487, 
7547, Notional, NMO, 0.0, 7487, 
7554, AccrualSchedule, LOC, 306.0, 7487, 
7554, AccrualSchedule, NOMNAMM, 26.0, 7487, 
7554, AccrualSchedule, NOM, 27.0, 7487, 
7554, AccrualSchedule, WMCNAMM, 35.0, 7487, 
7554, AccrualSchedule, WMC, 36.0, 7487, 
7554, AccrualSchedule, NOA, 2.0, 7487, 
7554, AccrualSchedule, LOCNAMM, 297.0, 7487, 
7554, AccrualSchedule, AMWNAMM, 1.34615384615385, 7487, 
7554, AccrualSchedule, RFC, 44.0, 7487, 
7554, AccrualSchedule, NOII, 0.0, 7487, 
7554, AccrualSchedule, AMW, 1.33333333333333, 7487, 
7554, AccrualSchedule, TCC, 0.0, 7487, 
7554, AccrualSchedule, ATFD, 8.0, 7487, 
7554, AccrualSchedule, FANOUT, 8.0, 7487, 
7554, AccrualSchedule, NOCS, 0.0, 7487, 
7554, AccrualSchedule, NIM, 0.0, 7487, 
7554, AccrualSchedule, LCOM5, 1.03846153846154, 7487, 
7554, AccrualSchedule, NOAM, 1.0, 7487, 
7554, AccrualSchedule, CBO, 8.0, 7487, 
7554, AccrualSchedule, WOC, 0.962962962962963, 7487, 
7554, AccrualSchedule, DIT, 1.0, 7487, 
7554, AccrualSchedule, NOPA, 0.0, 7487, 
7554, AccrualSchedule, NOC, 0.0, 7487, 
7554, AccrualSchedule, CFNAMM, 856.0, 7487, 
7554, AccrualSchedule, NMO, 0.0, 7487, 
7583, ISDADateFormat, LOC, 83.0, 7582, 
7583, ISDADateFormat, NOMNAMM, 5.0, 7582, 
7583, ISDADateFormat, NOM, 5.0, 7582, 
7583, ISDADateFormat, WMCNAMM, 9.0, 7582, 
7583, ISDADateFormat, WMC, 9.0, 7582, 
7583, ISDADateFormat, NOA, 0.0, 7582, 
7583, ISDADateFormat, LOCNAMM, 83.0, 7582, 
7583, ISDADateFormat, AMWNAMM, 1.8, 7582, 
7583, ISDADateFormat, RFC, 5.0, 7582, 
7583, ISDADateFormat, NOII, 0.0, 7582, 
7583, ISDADateFormat, AMW, 1.8, 7582, 
7583, ISDADateFormat, TCC, 0.0, 7582, 
7583, ISDADateFormat, ATFD, 0.0, 7582, 
7583, ISDADateFormat, FANOUT, 0.0, 7582, 
7583, ISDADateFormat, NOCS, 0.0, 7582, 
7583, ISDADateFormat, NIM, 0.0, 7582, 
7583, ISDADateFormat, LCOM5, 0.0, 7582, 
7583, ISDADateFormat, NOAM, 0.0, 7582, 
7583, ISDADateFormat, CBO, 0.0, 7582, 
7583, ISDADateFormat, WOC, 1.0, 7582, 
7583, ISDADateFormat, DIT, 1.0, 7582, 
7583, ISDADateFormat, NOPA, 0.0, 7582, 
7583, ISDADateFormat, NOC, 0.0, 7582, 
7583, ISDADateFormat, CFNAMM, 0.0, 7582, 
7583, ISDADateFormat, NMO, 0.0, 7582, 
7589, jfinLoggingFormatter, LOC, 23.0, 7582, 
7589, jfinLoggingFormatter, NOMNAMM, 1.0, 7582, 
7589, jfinLoggingFormatter, NOM, 1.0, 7582, 
7589, jfinLoggingFormatter, WMCNAMM, 2.0, 7582, 
7589, jfinLoggingFormatter, WMC, 2.0, 7582, 
7589, jfinLoggingFormatter, NOA, 1.0, 7582, 
7589, jfinLoggingFormatter, LOCNAMM, 23.0, 7582, 
7589, jfinLoggingFormatter, AMWNAMM, 2.0, 7582, 
7589, jfinLoggingFormatter, RFC, 1.0, 7582, 
7589, jfinLoggingFormatter, NOII, 0.0, 7582, 
7589, jfinLoggingFormatter, AMW, 2.0, 7582, 
7589, jfinLoggingFormatter, TCC, 1.0, 7582, 
7589, jfinLoggingFormatter, ATFD, 0.0, 7582, 
7589, jfinLoggingFormatter, FANOUT, 0.0, 7582, 
7589, jfinLoggingFormatter, NOCS, 0.0, 7582, 
7589, jfinLoggingFormatter, NIM, 4.0, 7582, 
7589, jfinLoggingFormatter, LCOM5, 0.0, 7582, 
7589, jfinLoggingFormatter, NOAM, 0.0, 7582, 
7589, jfinLoggingFormatter, CBO, 0.0, 7582, 
7589, jfinLoggingFormatter, WOC, 1.0, 7582, 
7589, jfinLoggingFormatter, DIT, 2.0, 7582, 
7589, jfinLoggingFormatter, NOPA, 0.0, 7582, 
7589, jfinLoggingFormatter, NOC, 0.0, 7582, 
7589, jfinLoggingFormatter, CFNAMM, 0.0, 7582, 
7589, jfinLoggingFormatter, NMO, 0.0, 7582, 
7592, DaycountCalculatorFactory, LOC, 228.0, 7591, 
7592, DaycountCalculatorFactory, NOMNAMM, 14.0, 7591, 
7592, DaycountCalculatorFactory, NOM, 14.0, 7591, 
7592, DaycountCalculatorFactory, WMCNAMM, 28.0, 7591, 
7592, DaycountCalculatorFactory, WMC, 28.0, 7591, 
7592, DaycountCalculatorFactory, NOA, 3.0, 7591, 
7592, DaycountCalculatorFactory, LOCNAMM, 228.0, 7591, 
7592, DaycountCalculatorFactory, AMWNAMM, 2.0, 7591, 
7592, DaycountCalculatorFactory, RFC, 16.0, 7591, 
7592, DaycountCalculatorFactory, NOII, 0.0, 7591, 
7592, DaycountCalculatorFactory, AMW, 2.0, 7591, 
7592, DaycountCalculatorFactory, TCC, 0.010989010989011, 7591, 
7592, DaycountCalculatorFactory, ATFD, 0.0, 7591, 
7592, DaycountCalculatorFactory, FANOUT, 1.0, 7591, 
7592, DaycountCalculatorFactory, NOCS, 0.0, 7591, 
7592, DaycountCalculatorFactory, LCOM5, 0.974358974358974, 7591, 
7592, DaycountCalculatorFactory, NOAM, 0.0, 7591, 
7592, DaycountCalculatorFactory, CBO, 3.0, 7591, 
7592, DaycountCalculatorFactory, DIT, 1.0, 7591, 
7592, DaycountCalculatorFactory, NOPA, 2.0, 7591, 
7592, DaycountCalculatorFactory, NOC, 1.0, 7591, 
7592, DaycountCalculatorFactory, CFNAMM, 34.0, 7591, 
7607, DaycountCalculator, LOC, 65.0, 7591, 
7607, DaycountCalculator, NOMNAMM, 4.0, 7591, 
7607, DaycountCalculator, NOM, 4.0, 7591, 
7607, DaycountCalculator, WMCNAMM, 4.0, 7591, 
7607, DaycountCalculator, WMC, 4.0, 7591, 
7607, DaycountCalculator, NOA, 0.0, 7591, 
7607, DaycountCalculator, LOCNAMM, 65.0, 7591, 
7607, DaycountCalculator, AMWNAMM, 1.0, 7591, 
7607, DaycountCalculator, RFC, 8.0, 7591, 
7607, DaycountCalculator, NOII, 0.0, 7591, 
7607, DaycountCalculator, AMW, 1.0, 7591, 
7607, DaycountCalculator, TCC, 0.0, 7591, 
7607, DaycountCalculator, ATFD, 4.0, 7591, 
7607, DaycountCalculator, FANOUT, 1.0, 7591, 
7607, DaycountCalculator, NOCS, 0.0, 7591, 
7607, DaycountCalculator, LCOM5, 0.0, 7591, 
7607, DaycountCalculator, NOAM, 0.0, 7591, 
7607, DaycountCalculator, CBO, 1.0, 7591, 
7607, DaycountCalculator, DIT, 1.0, 7591, 
7607, DaycountCalculator, NOPA, 0.0, 7591, 
7607, DaycountCalculator, NOC, 10.0, 7591, 
7607, DaycountCalculator, CFNAMM, 0.0, 7591, 
7612, DaycountException, LOC, 23.0, 7591, 
7612, DaycountException, NOMNAMM, 4.0, 7591, 
7612, DaycountException, NOM, 4.0, 7591, 
7612, DaycountException, WMCNAMM, 4.0, 7591, 
7612, DaycountException, WMC, 4.0, 7591, 
7612, DaycountException, NOA, 0.0, 7591, 
7612, DaycountException, LOCNAMM, 23.0, 7591, 
7612, DaycountException, AMWNAMM, 1.0, 7591, 
7612, DaycountException, RFC, 4.0, 7591, 
7612, DaycountException, NOII, 0.0, 7591, 
7612, DaycountException, AMW, 1.0, 7591, 
7612, DaycountException, TCC, 1.0, 7591, 
7612, DaycountException, ATFD, 0.0, 7591, 
7612, DaycountException, FANOUT, 0.0, 7591, 
7612, DaycountException, NOCS, 0.0, 7591, 
7612, DaycountException, NIM, 15.0, 7591, 
7612, DaycountException, LCOM5, 0.0, 7591, 
7612, DaycountException, NOAM, 0.0, 7591, 
7612, DaycountException, CBO, 0.0, 7591, 
7612, DaycountException, WOC, 1.0, 7591, 
7612, DaycountException, DIT, 4.0, 7591, 
7612, DaycountException, NOPA, 0.0, 7591, 
7612, DaycountException, NOC, 0.0, 7591, 
7612, DaycountException, CFNAMM, 0.0, 7591, 
7612, DaycountException, NMO, 0.0, 7591, 
7618, FlatNotionalSchedule, LOC, 43.0, 7617, 
7618, FlatNotionalSchedule, NOMNAMM, 6.0, 7617, 
7618, FlatNotionalSchedule, NOM, 8.0, 7617, 
7618, FlatNotionalSchedule, WMCNAMM, 6.0, 7617, 
7618, FlatNotionalSchedule, WMC, 8.0, 7617, 
7618, FlatNotionalSchedule, NOA, 1.0, 7617, 
7618, FlatNotionalSchedule, LOCNAMM, 33.0, 7617, 
7618, FlatNotionalSchedule, AMWNAMM, 1.0, 7617, 
7618, FlatNotionalSchedule, RFC, 14.0, 7617, 
7618, FlatNotionalSchedule, NOII, 1.0, 7617, 
7618, FlatNotionalSchedule, AMW, 1.0, 7617, 
7618, FlatNotionalSchedule, TCC, 1.0, 7617, 
7618, FlatNotionalSchedule, ATFD, 2.0, 7617, 
7618, FlatNotionalSchedule, FANOUT, 2.0, 7617, 
7618, FlatNotionalSchedule, NOCS, 0.0, 7617, 
7618, FlatNotionalSchedule, NIM, 0.0, 7617, 
7618, FlatNotionalSchedule, LCOM5, 0.428571428571429, 7617, 
7618, FlatNotionalSchedule, NOAM, 2.0, 7617, 
7618, FlatNotionalSchedule, CBO, 3.0, 7617, 
7618, FlatNotionalSchedule, WOC, 0.75, 7617, 
7618, FlatNotionalSchedule, DIT, 1.0, 7617, 
7618, FlatNotionalSchedule, NOPA, 0.0, 7617, 
7618, FlatNotionalSchedule, NOC, 0.0, 7617, 
7618, FlatNotionalSchedule, CFNAMM, 18.0, 7617, 
7618, FlatNotionalSchedule, NMO, 0.0, 7617, 
7627, FloatAccrualPeriod, LOC, 198.0, 7617, 
7627, FloatAccrualPeriod, NOMNAMM, 7.0, 7617, 
7627, FloatAccrualPeriod, NOM, 19.0, 7617, 
7627, FloatAccrualPeriod, WMCNAMM, 16.0, 7617, 
7627, FloatAccrualPeriod, WMC, 28.0, 7617, 
7627, FloatAccrualPeriod, NOA, 6.0, 7617, 
7627, FloatAccrualPeriod, LOCNAMM, 84.0, 7617, 
7627, FloatAccrualPeriod, AMWNAMM, 2.28571428571429, 7617, 
7627, FloatAccrualPeriod, RFC, 57.0, 7617, 
7627, FloatAccrualPeriod, NOII, 0.0, 7617, 
7627, FloatAccrualPeriod, AMW, 1.47368421052632, 7617, 
7627, FloatAccrualPeriod, TCC, 0.169117647058824, 7617, 
7627, FloatAccrualPeriod, ATFD, 2.0, 7617, 
7627, FloatAccrualPeriod, FANOUT, 2.0, 7617, 
7627, FloatAccrualPeriod, NOCS, 0.0, 7617, 
7627, FloatAccrualPeriod, NIM, 30.0, 7617, 
7627, FloatAccrualPeriod, LCOM5, 0.87037037037037, 7617, 
7627, FloatAccrualPeriod, NOAM, 12.0, 7617, 
7627, FloatAccrualPeriod, CBO, 9.0, 7617, 
7627, FloatAccrualPeriod, WOC, 0.333333333333333, 7617, 
7627, FloatAccrualPeriod, DIT, 3.0, 7617, 
7627, FloatAccrualPeriod, NOPA, 0.0, 7617, 
7627, FloatAccrualPeriod, NOC, 0.0, 7617, 
7627, FloatAccrualPeriod, CFNAMM, 257.0, 7617, 
7627, FloatAccrualPeriod, NMO, 2.0, 7617, 
7647, FixingAdjustmentType, LOC, 6.0, 7617, 
7647, FixingAdjustmentType, NOMNAMM, 0.0, 7617, 
7647, FixingAdjustmentType, NOM, 0.0, 7617, 
7647, FixingAdjustmentType, WMCNAMM, 0.0, 7617, 
7647, FixingAdjustmentType, WMC, 0.0, 7617, 
7647, FixingAdjustmentType, NOA, 0.0, 7617, 
7647, FixingAdjustmentType, LOCNAMM, 6.0, 7617, 
7647, FixingAdjustmentType, AMWNAMM, 0.0, 7617, 
7647, FixingAdjustmentType, RFC, 0.0, 7617, 
7647, FixingAdjustmentType, NOII, 0.0, 7617, 
7647, FixingAdjustmentType, AMW, 0.0, 7617, 
7647, FixingAdjustmentType, TCC, 1.0, 7617, 
7647, FixingAdjustmentType, ATFD, 0.0, 7617, 
7647, FixingAdjustmentType, FANOUT, 0.0, 7617, 
7647, FixingAdjustmentType, NOCS, 0.0, 7617, 
7647, FixingAdjustmentType, NIM, 10.0, 7617, 
7647, FixingAdjustmentType, LCOM5, 0.0, 7617, 
7647, FixingAdjustmentType, NOAM, 0.0, 7617, 
7647, FixingAdjustmentType, CBO, 0.0, 7617, 
7647, FixingAdjustmentType, WOC, 0.0, 7617, 
7647, FixingAdjustmentType, NOPA, 0.0, 7617, 
7647, FixingAdjustmentType, NOC, 0.0, 7617, 
7647, FixingAdjustmentType, CFNAMM, 0.0, 7617, 
7647, FixingAdjustmentType, NMO, 0.0, 7617, 
7648, FixedAccrualPeriod, LOC, 59.0, 7617, 
7648, FixedAccrualPeriod, NOMNAMM, 5.0, 7617, 
7648, FixedAccrualPeriod, NOM, 7.0, 7617, 
7648, FixedAccrualPeriod, WMCNAMM, 6.0, 7617, 
7648, FixedAccrualPeriod, WMC, 8.0, 7617, 
7648, FixedAccrualPeriod, NOA, 1.0, 7617, 
7648, FixedAccrualPeriod, LOCNAMM, 41.0, 7617, 
7648, FixedAccrualPeriod, AMWNAMM, 1.2, 7617, 
7648, FixedAccrualPeriod, RFC, 43.0, 7617, 
7648, FixedAccrualPeriod, NOII, 0.0, 7617, 
7648, FixedAccrualPeriod, AMW, 1.14285714285714, 7617, 
7648, FixedAccrualPeriod, TCC, 0.3, 7617, 
7648, FixedAccrualPeriod, ATFD, 0.0, 7617, 
7648, FixedAccrualPeriod, FANOUT, 0.0, 7617, 
7648, FixedAccrualPeriod, NOCS, 0.0, 7617, 
7648, FixedAccrualPeriod, NIM, 31.0, 7617, 
7648, FixedAccrualPeriod, LCOM5, 0.666666666666667, 7617, 
7648, FixedAccrualPeriod, NOAM, 2.0, 7617, 
7648, FixedAccrualPeriod, CBO, 8.0, 7617, 
7648, FixedAccrualPeriod, WOC, 0.714285714285714, 7617, 
7648, FixedAccrualPeriod, DIT, 3.0, 7617, 
7648, FixedAccrualPeriod, NOPA, 0.0, 7617, 
7648, FixedAccrualPeriod, NOC, 0.0, 7617, 
7648, FixedAccrualPeriod, CFNAMM, 18.0, 7617, 
7648, FixedAccrualPeriod, NMO, 1.0, 7617, 
7657, CSVReader, LOC, 17.0, 7656, 
7657, CSVReader, NOMNAMM, 2.0, 7656, 
7657, CSVReader, NOM, 2.0, 7656, 
7657, CSVReader, WMCNAMM, 3.0, 7656, 
7657, CSVReader, WMC, 3.0, 7656, 
7657, CSVReader, NOA, 0.0, 7656, 
7657, CSVReader, LOCNAMM, 17.0, 7656, 
7657, CSVReader, AMWNAMM, 1.5, 7656, 
7657, CSVReader, RFC, 3.0, 7656, 
7657, CSVReader, NOII, 0.0, 7656, 
7657, CSVReader, AMW, 1.5, 7656, 
7657, CSVReader, TCC, 1.0, 7656, 
7657, CSVReader, ATFD, 0.0, 7656, 
7657, CSVReader, FANOUT, 1.0, 7656, 
7657, CSVReader, NOCS, 0.0, 7656, 
7657, CSVReader, NIM, 16.0, 7656, 
7657, CSVReader, LCOM5, 0.0, 7656, 
7657, CSVReader, NOAM, 0.0, 7656, 
7657, CSVReader, CBO, 1.0, 7656, 
7657, CSVReader, WOC, 1.0, 7656, 
7657, CSVReader, DIT, 3.0, 7656, 
7657, CSVReader, NOPA, 0.0, 7656, 
7657, CSVReader, NOC, 0.0, 7656, 
7657, CSVReader, CFNAMM, 4.0, 7656, 
7657, CSVReader, NMO, 0.0, 7656, 
7660, Iso4217Currency, LOC, 372.0, 7656, 
7660, Iso4217Currency, NOMNAMM, 9.0, 7656, 
7660, Iso4217Currency, NOM, 13.0, 7656, 
7660, Iso4217Currency, WMCNAMM, 9.0, 7656, 
7660, Iso4217Currency, WMC, 13.0, 7656, 
7660, Iso4217Currency, NOA, 4.0, 7656, 
7660, Iso4217Currency, LOCNAMM, 336.0, 7656, 
7660, Iso4217Currency, AMWNAMM, 1.0, 7656, 
7660, Iso4217Currency, RFC, 13.0, 7656, 
7660, Iso4217Currency, NOII, 0.0, 7656, 
7660, Iso4217Currency, AMW, 1.0, 7656, 
7660, Iso4217Currency, TCC, 0.0, 7656, 
7660, Iso4217Currency, ATFD, 0.0, 7656, 
7660, Iso4217Currency, FANOUT, 0.0, 7656, 
7660, Iso4217Currency, NOCS, 0.0, 7656, 
7660, Iso4217Currency, NIM, 10.0, 7656, 
7660, Iso4217Currency, LCOM5, 1.0, 7656, 
7660, Iso4217Currency, NOAM, 4.0, 7656, 
7660, Iso4217Currency, CBO, 1.0, 7656, 
7660, Iso4217Currency, WOC, 0.2, 7656, 
7660, Iso4217Currency, NOPA, 0.0, 7656, 
7660, Iso4217Currency, NOC, 0.0, 7656, 
7660, Iso4217Currency, CFNAMM, 0.0, 7656, 
7660, Iso4217Currency, NMO, 0.0, 7656, 
7675, Iso3166Country, LOC, 533.0, 7656, 
7675, Iso3166Country, NOMNAMM, 1.0, 7656, 
7675, Iso3166Country, NOM, 4.0, 7656, 
7675, Iso3166Country, WMCNAMM, 1.0, 7656, 
7675, Iso3166Country, WMC, 4.0, 7656, 
7675, Iso3166Country, NOA, 3.0, 7656, 
7675, Iso3166Country, LOCNAMM, 506.0, 7656, 
7675, Iso3166Country, AMWNAMM, 1.0, 7656, 
7675, Iso3166Country, RFC, 4.0, 7656, 
7675, Iso3166Country, NOII, 0.0, 7656, 
7675, Iso3166Country, AMW, 1.0, 7656, 
7675, Iso3166Country, TCC, 0.0, 7656, 
7675, Iso3166Country, ATFD, 0.0, 7656, 
7675, Iso3166Country, FANOUT, 0.0, 7656, 
7675, Iso3166Country, NOCS, 0.0, 7656, 
7675, Iso3166Country, NIM, 10.0, 7656, 
7675, Iso3166Country, LCOM5, 1.0, 7656, 
7675, Iso3166Country, NOAM, 3.0, 7656, 
7675, Iso3166Country, CBO, 0.0, 7656, 
7675, Iso3166Country, WOC, 0.0, 7656, 
7675, Iso3166Country, NOPA, 0.0, 7656, 
7675, Iso3166Country, NOC, 0.0, 7656, 
7675, Iso3166Country, CFNAMM, 0.0, 7656, 
7675, Iso3166Country, NMO, 0.0, 7656, 
7681, CSVFileFormatTokenizer, LOC, 307.0, 7656, 
7681, CSVFileFormatTokenizer, NOMNAMM, 22.0, 7656, 
7681, CSVFileFormatTokenizer, NOM, 23.0, 7656, 
7681, CSVFileFormatTokenizer, WMCNAMM, 32.0, 7656, 
7681, CSVFileFormatTokenizer, WMC, 33.0, 7656, 
7681, CSVFileFormatTokenizer, NOA, 4.0, 7656, 
7681, CSVFileFormatTokenizer, LOCNAMM, 295.0, 7656, 
7681, CSVFileFormatTokenizer, AMWNAMM, 1.45454545454545, 7656, 
7681, CSVFileFormatTokenizer, RFC, 23.0, 7656, 
7681, CSVFileFormatTokenizer, NOII, 0.0, 7656, 
7681, CSVFileFormatTokenizer, AMW, 1.43478260869565, 7656, 
7681, CSVFileFormatTokenizer, TCC, 0.128571428571429, 7656, 
7681, CSVFileFormatTokenizer, ATFD, 0.0, 7656, 
7681, CSVFileFormatTokenizer, FANOUT, 0.0, 7656, 
7681, CSVFileFormatTokenizer, NOCS, 0.0, 7656, 
7681, CSVFileFormatTokenizer, NIM, 0.0, 7656, 
7681, CSVFileFormatTokenizer, LCOM5, 0.875, 7656, 
7681, CSVFileFormatTokenizer, NOAM, 1.0, 7656, 
7681, CSVFileFormatTokenizer, CBO, 0.0, 7656, 
7681, CSVFileFormatTokenizer, WOC, 0.954545454545455, 7656, 
7681, CSVFileFormatTokenizer, DIT, 1.0, 7656, 
7681, CSVFileFormatTokenizer, NOPA, 0.0, 7656, 
7681, CSVFileFormatTokenizer, NOC, 0.0, 7656, 
7681, CSVFileFormatTokenizer, CFNAMM, 0.0, 7656, 
7681, CSVFileFormatTokenizer, NMO, 0.0, 7656, 
7706, WeekendHolidayCalendar, LOC, 15.0, 7705, 
7706, WeekendHolidayCalendar, NOMNAMM, 2.0, 7705, 
7706, WeekendHolidayCalendar, NOM, 2.0, 7705, 
7706, WeekendHolidayCalendar, WMCNAMM, 2.0, 7705, 
7706, WeekendHolidayCalendar, WMC, 2.0, 7705, 
7706, WeekendHolidayCalendar, NOA, 0.0, 7705, 
7706, WeekendHolidayCalendar, LOCNAMM, 15.0, 7705, 
7706, WeekendHolidayCalendar, AMWNAMM, 1.0, 7705, 
7706, WeekendHolidayCalendar, RFC, 21.0, 7705, 
7706, WeekendHolidayCalendar, NOII, 0.0, 7705, 
7706, WeekendHolidayCalendar, AMW, 1.0, 7705, 
7706, WeekendHolidayCalendar, TCC, 0.0, 7705, 
7706, WeekendHolidayCalendar, ATFD, 0.0, 7705, 
7706, WeekendHolidayCalendar, FANOUT, 0.0, 7705, 
7706, WeekendHolidayCalendar, NOCS, 0.0, 7705, 
7706, WeekendHolidayCalendar, NIM, 11.0, 7705, 
7706, WeekendHolidayCalendar, LCOM5, 0.0, 7705, 
7706, WeekendHolidayCalendar, NOAM, 0.0, 7705, 
7706, WeekendHolidayCalendar, CBO, 4.0, 7705, 
7706, WeekendHolidayCalendar, WOC, 1.0, 7705, 
7706, WeekendHolidayCalendar, DIT, 2.0, 7705, 
7706, WeekendHolidayCalendar, NOPA, 0.0, 7705, 
7706, WeekendHolidayCalendar, NOC, 0.0, 7705, 
7706, WeekendHolidayCalendar, CFNAMM, 0.0, 7705, 
7706, WeekendHolidayCalendar, NMO, 0.0, 7705, 
7710, HolidayCalendarFactoryImpl, LOC, 29.0, 7705, 
7710, HolidayCalendarFactoryImpl, NOMNAMM, 3.0, 7705, 
7710, HolidayCalendarFactoryImpl, NOM, 3.0, 7705, 
7710, HolidayCalendarFactoryImpl, WMCNAMM, 4.0, 7705, 
7710, HolidayCalendarFactoryImpl, WMC, 4.0, 7705, 
7710, HolidayCalendarFactoryImpl, NOA, 0.0, 7705, 
7710, HolidayCalendarFactoryImpl, LOCNAMM, 29.0, 7705, 
7710, HolidayCalendarFactoryImpl, AMWNAMM, 1.33333333333333, 7705, 
7710, HolidayCalendarFactoryImpl, RFC, 15.0, 7705, 
7710, HolidayCalendarFactoryImpl, NOII, 0.0, 7705, 
7710, HolidayCalendarFactoryImpl, AMW, 1.33333333333333, 7705, 
7710, HolidayCalendarFactoryImpl, TCC, 0.0, 7705, 
7710, HolidayCalendarFactoryImpl, ATFD, 0.0, 7705, 
7710, HolidayCalendarFactoryImpl, FANOUT, 2.0, 7705, 
7710, HolidayCalendarFactoryImpl, NOCS, 0.0, 7705, 
7710, HolidayCalendarFactoryImpl, NIM, 7.0, 7705, 
7710, HolidayCalendarFactoryImpl, LCOM5, 0.0, 7705, 
7710, HolidayCalendarFactoryImpl, NOAM, 0.0, 7705, 
7710, HolidayCalendarFactoryImpl, CBO, 5.0, 7705, 
7710, HolidayCalendarFactoryImpl, WOC, 1.0, 7705, 
7710, HolidayCalendarFactoryImpl, DIT, 2.0, 7705, 
7710, HolidayCalendarFactoryImpl, NOPA, 0.0, 7705, 
7710, HolidayCalendarFactoryImpl, NOC, 0.0, 7705, 
7710, HolidayCalendarFactoryImpl, CFNAMM, 12.0, 7705, 
7710, HolidayCalendarFactoryImpl, NMO, 0.0, 7705, 
