7234, InfoFile(), 0.0, 7233, 
7235, InfoFile(java.io.File), 1.0, 7233, 
7236, load(java.lang.String, java.io.File, org.jfin.date.holiday.financialcalendarimpl.InfoFileEntry, java.io.BufferedReader), 1.0, 7233, 
7237, addEntry(org.jfin.date.holiday.financialcalendarimpl.InfoFileEntry), 1.0, 7233, 
7238, getEntryByCode(java.lang.String), 1.0, 7233, 
7239, getAvailableCodes(String[], int, java.util.List), 0.0, 7233, 
7241, InfoFileEntry(), 0.0, 7240, 
7242, InfoFileEntry(java.lang.String), 1.0, 7240, 
7244, parse(String[], java.lang.String, java.lang.Exception), 1.0, 7240, 
7245, getCenter(), 0.0, 7240, 
7246, setCenter(java.lang.String), 1.0, 7240, 
7247, getCode(), 0.0, 7240, 
7248, setCode(java.lang.String), 1.0, 7240, 
7249, getCountry(), 0.0, 7240, 
7250, setCountry(java.lang.String), 1.0, 7240, 
7251, getCurrency(), 0.0, 7240, 
7252, setCurrency(org.jfin.common.Iso4217Currency), 1.0, 7240, 
7253, getDefine1(), 0.0, 7240, 
7254, setDefine1(java.lang.String), 1.0, 7240, 
7255, getDefine2(), 0.0, 7240, 
7256, setDefine2(java.lang.String), 1.0, 7240, 
7257, getIsoCountry(), 0.0, 7240, 
7258, setIsoCountry(org.jfin.common.Iso3166Country), 1.0, 7240, 
7259, getType(), 0.0, 7240, 
7260, setType(java.lang.String), 1.0, 7240, 
7261, toString(), 0.0, 7240, 
7262, initialiseCountryMapping(), 0.0, 7240, 
7263, getCountryMapping(java.lang.String), 1.0, 7240, 
7264, getCurrencyMapping(), 0.0, 7240, 
7266, HolidayCalendarFactoryFinancialCalendarImpl(java.lang.String, java.io.IOException, java.lang.String), 0.0, 7265, 
7267, getHolidayCalendar(java.lang.String), 1.0, 7265, 
7269, getHolidayFile(), 0.0, 7265, 
7270, setHolidayFile(org.jfin.date.holiday.financialcalendarimpl.HolidayFile), 1.0, 7265, 
7271, getInfoFile(), 0.0, 7265, 
7272, setInfoFile(org.jfin.date.holiday.financialcalendarimpl.InfoFile), 1.0, 7265, 
7273, getAvailableLocales(), 0.0, 7265, 
7275, HolidayFileEntry(), 0.0, 7274, 
7279, getDate(), 0.0, 7274, 
7280, setDate(java.lang.String), 1.0, 7274, 
7281, getDescription(), 0.0, 7274, 
7282, setDescription(java.lang.String), 1.0, 7274, 
7283, getInfo(), 0.0, 7274, 
7284, setInfo(org.jfin.date.holiday.financialcalendarimpl.InfoFileEntry), 1.0, 7274, 
7285, getDateFormat(), 0.0, 7274, 
7286, setDateFormat(java.text.DateFormat), 1.0, 7274, 
7288, getReference(), 0.0, 7274, 
7290, HolidayFile(), 0.0, 7289, 
7293, addEntry(org.jfin.date.holiday.financialcalendarimpl.HolidayFileEntry), 1.0, 7289, 
7294, getEntryByReference(java.lang.String), 1.0, 7289, 
7297, isWeekend(java.util.Calendar, org.jfin.date.holiday.financialcalendarimpl.HolidayFileEntry, java.lang.String), 1.0, 7295, 
7298, isHoliday(java.util.Calendar, java.lang.String, org.jfin.date.holiday.financialcalendarimpl.HolidayFileEntry), 1.0, 7295, 
7299, getHolidayFile(), 0.0, 7295, 
7300, setHolidayFile(org.jfin.date.holiday.financialcalendarimpl.HolidayFile), 1.0, 7295, 
7301, getLocale(), 0.0, 7295, 
7302, setLocale(java.lang.String), 1.0, 7295, 
7333, getISDAActualActual(), 0.0, 7332, 
7334, getISMAActualActual(), 0.0, 7332, 
7335, getAFBActualActual(), 0.0, 7332, 
7336, getUS30360(), 0.0, 7332, 
7337, getEU30360(), 0.0, 7332, 
7338, getIT30360(), 0.0, 7332, 
7339, getActual360(), 0.0, 7332, 
7340, getActual365Fixed(), 0.0, 7332, 
7341, getActual366(), 0.0, 7332, 
7342, getBusiness252(org.jfin.date.holiday.HolidayCalendar), 1.0, 7332, 
7343, getAvailableDaycountCalculators(), 0.0, 7332, 
7345, Business252(org.jfin.date.holiday.HolidayCalendar), 1.0, 7344, 
7347, getHolidayCalendar(), 0.0, 7344, 
7348, setHolidayCalendar(org.jfin.date.holiday.HolidayCalendar), 1.0, 7344, 
7354, getNumerators(int[], java.util.List, int, org.jfin.date.Period), 1.0, 7350, 
7355, getDenominators(int[], java.util.List, org.jfin.date.Period, int), 1.0, 7350, 
7363, Period(), 0.0, 7362, 
7364, Period(org.jfin.date.Period), 1.0, 7362, 
7365, clone(), 0.0, 7362, 
7368, getStartCalendar(), 0.0, 7362, 
7369, setStartCalendar(java.util.Calendar), 1.0, 7362, 
7370, getEndCalendar(), 0.0, 7362, 
7371, setEndCalendar(java.util.Calendar), 1.0, 7362, 
7372, getReferenceEndCalendar(), 0.0, 7362, 
7373, setReferenceEndCalendar(java.util.Calendar), 1.0, 7362, 
7374, getReferenceStartCalendar(), 0.0, 7362, 
7375, setReferenceStartCalendar(java.util.Calendar), 1.0, 7362, 
7376, toString(), 0.0, 7362, 
7377, getDoubleMidPoint(), 0.0, 7362, 
7378, getDoubleMidPoint(java.util.Calendar), 1.0, 7362, 
7379, compareTo(java.lang.Object, int, java.util.Calendar, org.jfin.date.Period), 1.0, 7362, 
7381, TypedScheduleGenerator(org.jfin.date.Period), 1.0, 7380, 
7383, getPrototype(), 0.0, 7380, 
7384, setPrototype(org.jfin.date.Period), 1.0, 7380, 
7385, getMaxPeriods(), 0.0, 7380, 
7386, setMaxPeriods(int), 1.0, 7380, 
7394, createPeriod(), 0.0, 7380, 
7397, copyAndReset(java.util.Calendar, java.util.Calendar), 1.0, 7380, 
7415, copyAndReset(java.util.Calendar, java.util.Calendar), 1.0, 7398, 
7416, getCalendarUnitDescriptor(int), 1.0, 7398, 
7419, getPeriodAmount(), 0.0, 7417, 
7420, getPeriodUnit(), 0.0, 7417, 
7421, getTenorDescriptor(), 0.0, 7417, 
7423, Tenor(java.lang.String), 1.0, 7422, 
7424, parse(java.lang.String, java.text.ParseException), 1.0, 7422, 
7427, getAmount(), 0.0, 7422, 
7428, setAmount(int), 1.0, 7422, 
7429, getCalendarUnit(), 0.0, 7422, 
7430, setCalendarUnit(int), 1.0, 7422, 
7441, initialise(), 0.0, 7440, 
7444, isLongStub(), 0.0, 7442, 
7445, isShortStub(), 0.0, 7442, 
7448, ScheduleException(), 0.0, 7447, 
7450, ScheduleException(java.lang.String), 1.0, 7447, 
7451, ScheduleException(java.lang.Throwable), 1.0, 7447, 
7454, newInstance(java.lang.String), 0.0, 7453, 
7455, newInstance(java.lang.ClassNotFoundException, java.lang.String, org.jfin.date.holiday.HolidayCalendarFactory, java.lang.Class), 1.0, 7453, 
7456, getHolidayCalendar(java.lang.String), 1.0, 7453, 
7459, getHolidayCalendar(String[]), 1.0, 7453, 
7460, getAvailableLocales(), 0.0, 7453, 
7462, isWeekend(java.util.Calendar), 1.0, 7461, 
7463, isHoliday(java.util.Calendar), 1.0, 7461, 
7470, isLastDayOfMonth(java.util.Calendar), 1.0, 7461, 
7471, setToEndOfMonth(java.util.Calendar), 1.0, 7461, 
7472, getDaysInMonth(java.util.Calendar), 1.0, 7461, 
7475, HolidayCalendarException(), 0.0, 7474, 
7477, HolidayCalendarException(java.lang.String), 1.0, 7474, 
7478, HolidayCalendarException(java.lang.Throwable), 1.0, 7474, 
7480, HolidayCalendarSet(), 0.0, 7479, 
7481, addHolidayCalendar(org.jfin.date.holiday.HolidayCalendar), 1.0, 7479, 
7482, removeHolidayCalendar(org.jfin.date.holiday.HolidayCalendar), 1.0, 7479, 
7483, getHolidayCalendars(), 0.0, 7479, 
7484, getHolidayCalendarIterator(), 0.0, 7479, 
7485, isWeekend(java.util.Calendar, org.jfin.date.holiday.HolidayCalendar, java.util.Iterator), 1.0, 7479, 
7486, isHoliday(java.util.Calendar, org.jfin.date.holiday.HolidayCalendar, java.util.Iterator), 1.0, 7479, 
7491, AccrualException(), 0.0, 7490, 
7492, AccrualException(java.lang.String), 1.0, 7490, 
7494, AccrualException(java.lang.Throwable), 1.0, 7490, 
7496, AccrualPeriod(), 0.0, 7495, 
7497, AccrualPeriod(org.jfin.date.accrual.AccrualPeriod, org.jfin.date.Period), 1.0, 7495, 
7498, initialise(), 0.0, 7495, 
7499, getPaymentAmount(double), 1.0, 7495, 
7500, isPaymentPossible(), 0.0, 7495, 
7501, getPaymentCalendar(), 0.0, 7495, 
7502, getAdjustedPaymentCalendar(), 0.0, 7495, 
7503, setPaymentCalendar(java.util.Calendar), 1.0, 7495, 
7504, getPaymentType(), 0.0, 7495, 
7505, setPaymentType(org.jfin.date.accrual.PaymentType), 1.0, 7495, 
7506, getPaymentBusinessDayConvention(), 0.0, 7495, 
7507, setPaymentBusinessDayConvention(org.jfin.date.BusinessDayConvention), 1.0, 7495, 
7508, getAccrualBusinessDayConvention(), 0.0, 7495, 
7509, setAccrualBusinessDayConvention(org.jfin.date.BusinessDayConvention), 1.0, 7495, 
7510, getPaymentHolidayCalendar(), 0.0, 7495, 
7511, setPaymentHolidayCalendar(org.jfin.date.holiday.HolidayCalendar), 1.0, 7495, 
7512, getAccrualHolidayCalendar(), 0.0, 7495, 
7513, setAccrualHolidayCalendar(org.jfin.date.holiday.HolidayCalendar), 1.0, 7495, 
7514, getDaycountCalculator(), 0.0, 7495, 
7515, setDaycountCalculator(org.jfin.date.daycount.DaycountCalculator), 1.0, 7495, 
7516, getAdjustedStartCalendar(), 0.0, 7495, 
7517, getAdjustedEndCalendar(), 0.0, 7495, 
7518, getAdjustedDaycountFraction(), 0.0, 7495, 
7520, Payment(), 0.0, 7519, 
7521, Payment(org.jfin.date.accrual.Payment), 1.0, 7519, 
7522, clone(), 0.0, 7519, 
7524, getAmount(), 0.0, 7519, 
7525, setAmount(double), 1.0, 7519, 
7526, getCurrency(), 0.0, 7519, 
7527, setCurrency(org.jfin.common.Iso4217Currency), 1.0, 7519, 
7528, getPaymentCalendar(), 0.0, 7519, 
7529, setPaymentCalendar(java.util.Calendar), 1.0, 7519, 
7530, equalsIgnoringAmount(org.jfin.date.accrual.Payment), 1.0, 7519, 
7534, NotionalPeriod(), 0.0, 7533, 
7535, NotionalPeriod(org.jfin.date.accrual.NotionalPeriod), 1.0, 7533, 
7536, NotionalPeriod(org.jfin.date.accrual.Notional), 1.0, 7533, 
7540, clone(), 0.0, 7533, 
7541, getNotional(), 0.0, 7533, 
7542, setNotional(org.jfin.date.accrual.Notional), 1.0, 7533, 
7543, getAmount(), 0.0, 7533, 
7544, setAmount(double), 1.0, 7533, 
7545, getCurrency(), 0.0, 7533, 
7546, setCurrency(org.jfin.common.Iso4217Currency), 1.0, 7533, 
7548, Notional(), 0.0, 7547, 
7550, getAmount(), 0.0, 7547, 
7551, setAmount(double), 1.0, 7547, 
7552, getCurrency(), 0.0, 7547, 
7553, setCurrency(org.jfin.common.Iso4217Currency), 1.0, 7547, 
7555, AccrualSchedule(org.jfin.date.accrual.Payment), 1.0, 7554, 
7556, getNettedPayments(org.jfin.date.accrual.NotionalSchedule), 1.0, 7554, 
7557, netPayments(java.util.List, org.jfin.date.accrual.Payment, int, org.jfin.date.accrual.Payment, java.util.List, int, org.jfin.date.accrual.Payment), 1.0, 7554, 
7558, getPayments(org.jfin.date.accrual.NotionalSchedule, java.util.List, java.util.List, java.util.Iterator, org.jfin.date.accrual.AccrualPeriod, java.util.List, org.jfin.date.ScheduleCutter, java.util.Iterator, org.jfin.date.accrual.NotionalPeriod, double, org.jfin.date.accrual.Payment, java.util.List, org.jfin.date.ScheduleCutter), 1.0, 7554, 
7559, getStartCalendar(), 0.0, 7554, 
7560, getEndCalendar(), 0.0, 7554, 
7561, getAccrualPeriods(), 0.0, 7554, 
7562, setAccrualPeriods(java.util.List), 1.0, 7554, 
7563, size(), 0.0, 7554, 
7564, isEmpty(), 0.0, 7554, 
7565, contains(java.lang.Object), 1.0, 7554, 
7566, iterator(), 0.0, 7554, 
7567, add(org.jfin.date.accrual.AccrualPeriod), 1.0, 7554, 
7568, remove(java.lang.Object), 1.0, 7554, 
7569, containsAll(java.util.Collection), 1.0, 7554, 
7570, addAll(java.util.Collection), 1.0, 7554, 
7572, removeAll(java.util.Collection), 1.0, 7554, 
7573, retainAll(java.util.Collection), 1.0, 7554, 
7574, clear(), 0.0, 7554, 
7575, get(int), 1.0, 7554, 
7578, remove(int), 1.0, 7554, 
7579, indexOf(java.lang.Object), 1.0, 7554, 
7580, lastIndexOf(java.lang.Object), 1.0, 7554, 
7584, format(java.util.Calendar), 1.0, 7583, 
7585, formatFixedLength(java.util.Calendar), 1.0, 7583, 
7586, formatCompact(java.util.Calendar), 1.0, 7583, 
7588, parse(java.util.Calendar, java.lang.String, java.util.Date, java.text.DateFormat), 1.0, 7583, 
7590, format(java.util.logging.LogRecord, java.lang.StringBuffer), 1.0, 7589, 
7593, newInstance(java.lang.String), 0.0, 7592, 
7594, newInstance(org.jfin.date.daycount.DaycountCalculatorFactory, java.lang.IllegalAccessException, java.lang.String, java.lang.Class), 1.0, 7592, 
7595, getISDAActualActual(), 0.0, 7592, 
7596, getISMAActualActual(), 0.0, 7592, 
7597, getAFBActualActual(), 0.0, 7592, 
7598, getUS30360(), 0.0, 7592, 
7599, getEU30360(), 0.0, 7592, 
7600, getIT30360(), 0.0, 7592, 
7601, getActual360(), 0.0, 7592, 
7602, getActual365Fixed(), 0.0, 7592, 
7603, getActual366(), 0.0, 7592, 
7604, getBusiness252(org.jfin.date.holiday.HolidayCalendar), 1.0, 7592, 
7605, getDaycountCalculator(java.lang.String), 1.0, 7592, 
7606, getAvailableDaycountCalculators(), 0.0, 7592, 
7608, calculateDaycountFraction(org.jfin.date.Period), 1.0, 7607, 
7613, DaycountException(), 0.0, 7612, 
7614, DaycountException(java.lang.String), 1.0, 7612, 
7616, DaycountException(java.lang.Throwable), 1.0, 7612, 
7619, FlatNotionalSchedule(), 0.0, 7618, 
7620, FlatNotionalSchedule(org.jfin.date.accrual.Notional), 1.0, 7618, 
7622, getAmount(), 0.0, 7618, 
7623, setAmount(double), 1.0, 7618, 
7624, getCurrency(), 0.0, 7618, 
7625, setCurrency(org.jfin.common.Iso4217Currency), 1.0, 7618, 
7628, FloatAccrualPeriod(), 0.0, 7627, 
7629, FloatAccrualPeriod(org.jfin.date.accrual.impl.FloatAccrualPeriod, org.jfin.date.Period), 1.0, 7627, 
7630, clone(), 0.0, 7627, 
7631, initialise(), 0.0, 7627, 
7632, getPaymentAmount(double), 1.0, 7627, 
7633, isPaymentPossible(), 0.0, 7627, 
7634, getAdjustedFixingCalendar(), 0.0, 7627, 
7635, getFixingCalendar(), 0.0, 7627, 
7636, setFixingCalendar(java.util.Calendar), 1.0, 7627, 
7637, getFixingAdjustmentType(), 0.0, 7627, 
7638, setFixingAdjustmentType(org.jfin.date.accrual.impl.FixingAdjustmentType), 1.0, 7627, 
7639, getFixingBusinessDayConvention(), 0.0, 7627, 
7640, setFixingBusinessDayConvention(org.jfin.date.BusinessDayConvention), 1.0, 7627, 
7641, getFixingHolidayCalendar(), 0.0, 7627, 
7642, setFixingHolidayCalendar(org.jfin.date.holiday.HolidayCalendar), 1.0, 7627, 
7643, getFixingCalendarOffsetAmount(), 0.0, 7627, 
7644, setFixingCalendarOffsetAmount(int), 1.0, 7627, 
7645, getFixingRate(), 0.0, 7627, 
7646, setFixingRate(double), 1.0, 7627, 
7649, FixedAccrualPeriod(), 0.0, 7648, 
7650, FixedAccrualPeriod(org.jfin.date.accrual.impl.FixedAccrualPeriod, org.jfin.date.Period), 1.0, 7648, 
7651, clone(), 0.0, 7648, 
7652, getFixedRate(), 0.0, 7648, 
7653, setFixedRate(double), 1.0, 7648, 
7654, getPaymentAmount(double), 1.0, 7648, 
7655, isPaymentPossible(), 0.0, 7648, 
7658, CSVReader(java.io.Reader), 1.0, 7657, 
7659, nextCSVLine(java.lang.String), 0.0, 7657, 
7661, Iso4217Currency(java.lang.String), 1.0, 7660, 
7669, getFullName(), 0.0, 7660, 
7670, getCountries(), 0.0, 7660, 
7671, getReplacement(), 0.0, 7660, 
7672, hasBeenReplaced(), 0.0, 7660, 
7673, getNotes(), 0.0, 7660, 
7677, getFullName(), 0.0, 7675, 
7678, getNumberCode(), 0.0, 7675, 
7679, getThreeLetterCode(), 0.0, 7675, 
7682, CSVFileFormatTokenizer(java.lang.String), 1.0, 7681, 
7683, split(char, java.lang.String, String[], java.lang.String, int, java.util.List), 1.0, 7681, 
7684, initialise(boolean, java.lang.String, String[], java.lang.String, int, java.util.List, java.lang.String), 1.0, 7681, 
7685, hasNext(), 0.0, 7681, 
7686, next(), 0.0, 7681, 
7687, getTokens(java.lang.String, org.jfin.common.CSVFileFormatTokenizer), 1.0, 7681, 
7688, getTokens(), 0.0, 7681, 
7689, nextNumber(), 0.0, 7681, 
7690, nextNumber(java.text.NumberFormat), 1.0, 7681, 
7691, nextDouble(), 0.0, 7681, 
7692, nextDouble(java.text.NumberFormat), 1.0, 7681, 
7693, nextInt(), 0.0, 7681, 
7694, nextInt(java.text.NumberFormat), 1.0, 7681, 
7695, nextLong(), 0.0, 7681, 
7696, nextLong(java.text.NumberFormat), 1.0, 7681, 
7697, nextByte(), 0.0, 7681, 
7698, nextByte(java.text.NumberFormat), 1.0, 7681, 
7699, nextShort(), 0.0, 7681, 
7700, nextShort(java.text.NumberFormat), 1.0, 7681, 
7701, nextFloat(), 0.0, 7681, 
7702, nextFloat(java.text.NumberFormat), 1.0, 7681, 
7703, nextDate(), 0.0, 7681, 
7704, nextDate(java.text.DateFormat), 1.0, 7681, 
7707, isWeekend(java.util.Calendar), 1.0, 7706, 
7708, isHoliday(java.util.Calendar), 1.0, 7706, 
7711, getHolidayCalendar(java.lang.String), 1.0, 7710, 
7713, getAvailableLocales(), 0.0, 7710, 
